Symbol,Name,Last Sale,Net Change,% Change,Market Cap,Country,IPO Year,Volume,Sector,Industry
A,Agilent Technologies Inc. Common Stock,$175.21,2.42,1.401%,49396754509.00,United States,1999,2194089,Industrials,Biotechnology: Laboratory Analytical Instruments
AA,Alcoa Corporation Common Stock ,$42.25,-0.60,-1.40%,11150174051.00,United States,2016,3034240,Industrials,Aluminum
AACI,Armada Acquisition Corp. III Class A Ordinary Share,$10.048,-0.002,-0.02%,0.00,United States,2026,1497,Finance,Blank Checks
AACIW,Armada Acquisition Corp. III Warrant,$0.25,0.00,0.00%,0.00,United States,2026,74164,Finance,Blank Checks
AACO,Abony Acquisition Corp. I Class A Ordinary Share,$10.00,0.00,0.00%,0.00,United States,2026,16,,
AACOW,Abony Acquisition Corp. I Warrants,$0.40,-0.035,-8.046%,0.00,United States,2026,106,,
AACP,Apogee Acquisition Corp Class A Ordinary Shares,$10.08,-0.02,-0.198%,0.00,United States,2026,3480,Finance,Blank Checks
AACPR,Apogee Acquisition Corp Rights,$0.1799,0.0038,2.158%,0.00,United States,2026,6206,Finance,Blank Checks
AACPW,Apogee Acquisition Corp Warrant,$0.0725,0.0025,3.571%,0.00,United States,2026,137,Finance,Blank Checks
AAL,American Airlines Group Inc. Common Stock,$13.52,-0.35,-2.523%,8949833738.00,United States,,63677754,Consumer Discretionary,Air Freight/Delivery Services
AAME,Atlantic American Corporation Common Stock,$1.31,-0.05,-3.676%,26720369.00,United States,,3565,Finance,Life Insurance
AAOI,Applied Optoelectronics Inc. Common Stock,$96.82,-4.58,-4.517%,8220626901.00,United States,2013,8195829,Technology,Semiconductors
AAON,AAON Inc. Common Stock,$85.34,-3.76,-4.22%,7036593552.00,United States,,1733331,Industrials,Industrial Machinery/Components
AAP,Advance Auto Parts Inc.,$39.77,-1.96,-4.697%,2402108000.00,United States,,2591538,Consumer Discretionary,Auto & Home Supply Stores
AAPL,Apple Inc. Common Stock,$338.40,-2.67,-0.783%,4938670512000.00,United States,1980,32821049,Technology,Computer Manufacturing
AARD,Aardvark Therapeutics Inc. Common Stock,$5.27,0.21,4.15%,115333138.00,United States,2025,60668,Health Care,Biotechnology: Pharmaceutical Preparations
AAT,American Assets Trust Inc. Common Stock,$21.63,0.05,0.232%,1328173127.00,United States,2011,874857,Real Estate,Real Estate Investment Trusts
AB,AllianceBernstein Holding L.P.  Units,$35.13,-0.63,-1.762%,3269732443.00,United States,,340660,Finance,Investment Managers
ABAT,American Battery Technology Company Common Stock,$2.27,0.01,0.442%,323651511.00,United States,,1680081,Industrials,Mining & Quarrying of Nonmetallic Minerals (No Fuels)
ABBV,AbbVie Inc. Common Stock,$266.28,1.94,0.734%,470547990650.00,United States,2012,4429522,Health Care,Biotechnology: Pharmaceutical Preparations
ABCB,Ameris Bancorp Common Stock,$81.44,-0.85,-1.033%,5465213544.00,United States,1994,447814,Finance,Major Banks
ABEO,Abeona Therapeutics Inc. Common Stock,$5.29,-0.11,-2.037%,302503450.00,United States,,872898,Health Care,Biotechnology: Pharmaceutical Preparations
ABG,Asbury Automotive Group Inc Common Stock,$179.68,-5.47,-2.954%,3225600447.00,United States,2002,260100,Consumer Discretionary,Retail-Auto Dealers and Gas Stations
ABM,ABM Industries Incorporated Common Stock,$49.02,-0.76,-1.527%,2873287300.00,United States,,535861,Consumer Discretionary,Diversified Commercial Services
ABNB,Airbnb Inc. Class A Common Stock,$156.08,-1.39,-0.883%,93458469247.00,United States,2020,3917674,Consumer Discretionary,Diversified Commercial Services
ABOS,Acumen Pharmaceuticals Inc. Common Stock,$2.30,0.06,2.679%,166329756.00,United States,2021,856395,Health Care,Biotechnology: Biological Products (No Diagnostic Substances)
ABR,Arbor Realty Trust Common Stock,$4.08,0.05,1.241%,761156815.00,United States,2004,5455170,Real Estate,Real Estate Investment Trusts
ABR^D,Arbor Realty Trust 6.375% Series D Cumulative Redeemable Preferred Stock Liquidation Preference $25.00 per Share,$14.74,-0.24,-1.602%,,United States,,16294,,
ABR^E,Arbor Realty Trust 6.25% Series E Cumulative Redeemable Preferred Stock,$14.54,-0.25,-1.69%,,United States,,7390,,
ABR^F,Arbor Realty Trust 6.25% Series F Fixed-to-Floating Rate Cumulative Redeemable Preferred Stock Liquidation Preference $25.00 per share,$20.98,-0.06,-0.285%,,United States,,37771,,
ABSI,Absci Corporation Common Stock,$9.49,-0.25,-2.567%,1628616955.00,United States,2021,3253052,Health Care,Biotechnology: Commercial Physical & Biological Resarch
ABT,Abbott Laboratories Common Stock,$100.98,-0.31,-0.306%,174734105230.00,United States,,6802511,Health Care,Biotechnology: Pharmaceutical Preparations
ABTC,American Bitcoin Corp. Class A Common Stock,$8.84,-0.26,-2.857%,643726263.00,United States,2018,972786,Finance,Finance: Consumer Services
ABVC,ABVC BioPharma Inc. Common Stock,$1.05,-0.08,-7.08%,27987083.00,United States,,74240,Health Care,Biotechnology: Pharmaceutical Preparations
ABX,Abacus Global Management Inc. Class A Common Stock,$8.22,-0.07,-0.844%,803852287.00,United States,,490528,Finance,Investment Managers
ABXL,Abacus Global Management Inc. 9.875% Fixed Rate Senior Notes due 2028,$25.25,-0.09,-0.355%,1884946512.00,United States,,11926,Finance,Investment Managers
ACA,Arcosa Inc. Common Stock ,$146.53,-0.09,-0.061%,7195620723.00,United States,2018,1170786,Industrials,Metal Fabrications
ACAA,Averin Capital Acquisition Corp. Class A Ordinary Shares,$10.00,0.00,0.00%,0.00,United States,2026,16,Finance,Blank Checks
ACAD,ACADIA Pharmaceuticals Inc. Common Stock,$20.53,-0.15,-0.725%,3537432285.00,United States,1985,3522941,Health Care,Biotechnology: Pharmaceutical Preparations
ACCO,Acco Brands Corporation Common Stock,$4.32,0.01,0.232%,398768694.00,United States,,540254,Consumer Discretionary,Publishing
ACCS,ACCESS Newswire Inc. Common Stock,$4.70,-0.09,-1.879%,17988329.00,United States,,9065,Consumer Discretionary,Professional Services
ACDC,ProFrac Holding Corp. Class A Common Stock,$4.49,-0.115,-2.497%,817731201.00,United States,2022,1200425,Energy,Oilfield Services/Equipment
ACEL,Accel Entertainment Inc. ,$11.01,-0.06,-0.542%,893940160.00,United States,2017,449065,Consumer Discretionary,Services-Misc. Amusement & Recreation
ACET,Adicet Bio Inc. Common Stock,$6.35,-2.67,-29.601%,59445462.00,United States,2018,2149043,Health Care,Biotechnology: Pharmaceutical Preparations
ACFN,Acorn Energy Inc. Common Stock,$20.30,-0.685,-3.264%,50945245.00,United States,,9776,Consumer Discretionary,Military/Government/Technical
ACGC,ACP Holdings Acquisition Corp. Class A Ordinary Shares,$10.059,0.008,0.08%,0.00,United States,2026,147,Finance,Blank Checks
ACGCW,ACP Holdings Acquisition Corp. Warrants,$0.45,0.02,4.651%,0.00,United States,2026,4244,Finance,Blank Checks
ACH,Accendra Health Inc. Common Stock,$0.65,-0.058,-8.192%,49988058.00,United States,,1472152,Health Care,Medical Specialities
ACHC,Acadia Healthcare Company Inc. Common Stock,$27.91,-0.18,-0.641%,2598428675.00,United States,,1120938,Health Care,Medical Specialities
ACHR,Archer Aviation Inc. Class A Common Stock,$5.20,-0.41,-7.308%,4047082380.00,United States,2020,17584394,Industrials,Aerospace
ACHV,Achieve Life Sciences Inc. Common Shares,$7.75,0.21,2.785%,797494298.00,United States,,1301129,Health Care,Biotechnology: In Vitro & In Vivo Diagnostic Substances
ACI,Albertsons Companies Inc. Class A Common Stock,$11.64,-0.03,-0.257%,5649190950.00,United States,2020,7659631,Consumer Staples,Food Chains
ACIC,American Coastal Insurance Corporation Common Stock,$9.26,-0.14,-1.489%,437737127.00,United States,,331831,Finance,Property-Casualty Insurers
ACIW,ACI Worldwide Inc. Common Stock,$49.00,-0.51,-1.03%,4946806809.00,United States,,465851,Technology,Computer Software: Prepackaged Software
ACLS,Axcelis Technologies Inc. Common Stock,$124.01,0.90,0.731%,3829613451.00,United States,2000,322747,Technology,Industrial Machinery/Components
ACM,AECOM Common Stock,$59.42,-1.47,-2.414%,7647141574.00,United States,2007,2224414,Consumer Discretionary,Military/Government/Technical
ACMR,ACM Research Inc. Class A Common Stock,$75.95,-1.35,-1.746%,5289856436.00,United States,2017,836684,Technology,Industrial Machinery/Components
ACNB,ACNB Corporation Common Stock,$63.18,-0.55,-0.863%,642536177.00,United States,,42679,Finance,Major Banks
ACNT,Ascent Industries Co. Common Stock,$14.52,-0.18,-1.224%,130817258.00,United States,,31856,Industrials,Major Chemicals
ACON,Aclarion Inc. Common Stock,$2.44,-0.15,-5.792%,7032985.00,United States,2022,75484,Health Care,Medical Specialities
ACONW,Aclarion Inc. Warrant,$0.0256,-0.0001,-0.389%,73789.00,United States,2022,60780,Health Care,Medical Specialities
ACP,abrdn Income Credit Strategies Fund Common Shares,$4.41,-0.07,-1.563%,0.00,United States,2011,1074881,Finance,Investment Managers
ACP^A,abrdn Income Credit Strategies Fund 5.250% Series A Perpetual Preferred Stock,$18.05,-0.325,-1.769%,,United States,,2206,,
ACR,ACRES Commercial Realty Corp. Common Stock,$10.35,-0.13,-1.24%,77402082.00,United States,,59353,Real Estate,Real Estate Investment Trusts
ACR^C,ACRES Commercial Realty Corp. 8.625% Fixed-to-Floating Series C Cumulative Redeemable Preferred Stock ,$23.47,-0.2697,-1.136%,,United States,,6012,,
ACR^D,ACRES Commercial Realty Corp. 7.875% Series D Cumulative Redeemable Preferred Stock,$18.31,-0.04,-0.218%,,United States,,8460,,
ACRE,Ares Commercial Real Estate Corporation Common Stock,$4.11,-0.08,-1.909%,228027374.00,United States,2012,713521,Real Estate,Real Estate Investment Trusts
ACRS,Aclaris Therapeutics Inc. Common Stock,$5.43,0.28,5.437%,799289989.00,United States,2015,2429221,Health Care,Biotechnology: Pharmaceutical Preparations
ACRV,Acrivon Therapeutics Inc. Common Stock,$2.06,-0.04,-1.905%,88277926.00,United States,2022,231039,Health Care,Biotechnology: Pharmaceutical Preparations
ACT,Enact Holdings Inc. Common Stock,$46.94,-0.03,-0.064%,6453483517.00,United States,2021,286194,Finance,Specialty Insurers
ACTG,Acacia Research Corporation (Acacia Tech) Common Stock,$4.30,0.03,0.703%,419623262.00,United States,,144301,Miscellaneous,Multi-Sector Companies
ACTU,Actuate Therapeutics Inc. Common stock,$0.7362,0.0562,8.265%,17679256.00,United States,2024,277012,Health Care,Biotechnology: Pharmaceutical Preparations
ACU,Acme United Corporation. Common Stock,$63.76,1.01,1.61%,244444554.00,United States,1988,73425,Consumer Discretionary,Industrial Machinery/Components
ACV,Virtus Diversified Income & Convertible Fund Common Shares of Beneficial Interest,$24.43,-0.30,-1.213%,253166966.00,United States,2015,29709,Finance,Finance/Investors Services
ACVA,ACV Auctions Inc. Class A Common Stock,$10.46,0.00,0.00%,1776191471.00,United States,2025,7030989,Consumer Discretionary,Business Services
ACXP,Acurx Pharmaceuticals Inc. Common Stock,$1.34,-0.02,-1.471%,7449603.00,United States,2021,52790,Health Care,Biotechnology: Pharmaceutical Preparations
AD,Array Digital Infrastructure Inc. Common Shares,$33.45,-1.04,-3.015%,2893425000.00,United States,1988,296740,Telecommunications,Telecommunications Equipment
ADAC,American Drive Acquisition Company Class A Ordinary Shares,$10.12,0.00,0.00%,0.00,United States,2026,29,,
ADAM,Adamas Trust Inc. Common Stock,$8.01,-0.13,-1.597%,719937086.00,United States,,904685,Real Estate,Real Estate Investment Trusts
ADAMG,Adamas Trust Inc. 9.125% Senior Notes Due 2030,$24.98,-0.015,-0.06%,0.00,United States,,5821,Real Estate,Real Estate Investment Trusts
ADAMH,Adamas Trust Inc. 9.875% Senior Notes Due 2030,$25.09,-0.009,-0.036%,0.00,United States,,65873,Real Estate,Real Estate Investment Trusts
ADAMI,Adamas Trust Inc. 9.125% Senior Notes Due 2029,$24.98,-0.03,-0.12%,2262674636.00,United States,,7010,Real Estate,Real Estate Investment Trusts
ADAMK,Adamas Trust Inc. 9.600% Senior Notes Due 2031 ,$24.98,-0.07,-0.279%,0.00,United States,,16219,Real Estate,Real Estate Investment Trusts
ADAML,Adamas Trust Inc. 6.875% Series F Fixed-to-Floating Rate Cumulative Redeemable Preferred Stock $0.01 par value per share,$25.06,-0.01,-0.04%,2252387437.00,United States,,8710,Real Estate,Real Estate Investment Trusts
ADAMM,Adamas Trust Inc. 7.875% Series E Fixed-to-Floating Rate Cumulative Redeemable Preferred Stock,$25.40,-0.21,-0.82%,2282946564.00,United States,,34523,Real Estate,Real Estate Investment Trusts
ADAMN,Adamas Trust Inc. 8.00% Series D Fixed-to-Floating Rate Cumulative Redeemable Preferred Stock,$24.36,-0.13,-0.531%,2189471587.00,United States,,1551,Real Estate,Real Estate Investment Trusts
ADAMO,Adamas Trust Inc. 9.250% Senior Notes Due 2031,$24.565,-0.136,-0.551%,0.00,United States,,19510,Real Estate,Real Estate Investment Trusts
ADAMZ,Adamas Trust Inc. 7.000% Series G Cumulative Redeemable Preferred Stock $0.01 par value per share,$17.72,-0.10,-0.561%,1592669808.00,United States,,4435,Real Estate,Real Estate Investment Trusts
ADBE,Adobe Inc. Common Stock,$231.01,-4.46,-1.894%,89909092000.00,United States,1986,5228704,Technology,Computer Software: Prepackaged Software
ADC,Agree Realty Corporation Common Stock,$67.30,-0.18,-0.267%,8370727563.00,United States,,1466902,Real Estate,Real Estate Investment Trusts
ADC^A,Agree Realty Corporation Depositary Shares each representing 1/1000th of a 4.250% Series A Cumulative Redeemable Preferred Stock,$15.435,-0.095,-0.612%,,United States,,32889,,
ADEA,Adeia Inc. Common Stock,$24.92,-0.56,-2.198%,2748181338.00,United States,2003,692461,Telecommunications,Cable & Other Pay Television Services
ADGM,Adagio Medical Holdings Inc Common Stock,$0.1707,-0.0243,-12.462%,3791325.00,United States,,1881911,Health Care,Medical/Dental Instruments
ADI,Analog Devices Inc. Common Stock,$395.43,1.83,0.465%,191611721825.00,United States,,3221343,Technology,Semiconductors
ADIG,ADI Global Distribution Inc. Common Stock,$18.53,-1.02,-5.217%,1406856859.00,United States,2026,745688,Industrials,Wholesale Distributors
ADIL,Adial Pharmaceuticals Inc Common Stock,$4.04,-0.18,-4.265%,10608596.00,United States,2018,47494,Health Care,Biotechnology: Pharmaceutical Preparations
ADM,Archer-Daniels-Midland Company Common Stock,$80.38,-0.74,-0.912%,38739911282.00,United States,,2882953,Consumer Staples,Packaged Foods
ADMA,ADMA Biologics Inc Common Stock,$10.12,0.74,7.889%,2266724962.00,United States,,3568659,Health Care,Biotechnology: Biological Products (No Diagnostic Substances)
ADNT,Adient plc Ordinary Shares ,$17.10,-0.53,-3.006%,1318357537.00,United States,2016,1055246,Consumer Discretionary,Auto Parts:O.E.M.
ADP,Automatic Data Processing Inc. Common Stock,$261.80,-1.87,-0.709%,103738655266.00,United States,,1668874,Technology,EDP Services
ADPT,Adaptive Biotechnologies Corporation Common Stock,$28.51,-0.92,-3.126%,4550077455.00,United States,2019,2639039,Health Care,Biotechnology: Biological Products (No Diagnostic Substances)
ADRX,ADARx Pharmaceuticals Inc. Common Stock,$20.09,0.74,3.824%,2053216181.00,United States,2026,1205262,Health Care,Biotechnology: Pharmaceutical Preparations
ADSK,Autodesk Inc. Common Stock,$207.19,-2.21,-1.055%,43302710000.00,United States,,1698024,Technology,Computer Software: Prepackaged Software
ADT,ADT Inc. Common Stock,$6.19,-0.21,-3.281%,4522161745.00,United States,2018,8387040,Consumer Discretionary,Diversified Commercial Services
ADTN,ADTRAN Holdings Inc. Common Stock,$6.80,-0.33,-4.628%,554073568.00,United States,1994,1855534,Utilities,Telecommunications Equipment
ADUS,Addus HomeCare Corporation Common Stock,$111.91,-1.28,-1.131%,2089840913.00,United States,2009,205495,Health Care,Medical/Nursing Services
ADV,Advantage Solutions Inc. Class A Common Stock,$31.93,-1.19,-3.593%,409413804.00,United States,2019,69720,Consumer Discretionary,Business Services
ADX,Adams Diversified Equity Fund Inc.,$25.76,-0.22,-0.847%,0.00,United States,,266620,Finance,Investment Managers
AEE,Ameren Corporation Common Stock,$99.39,0.00,0.00%,27515450717.00,United States,,2392490,Utilities,Power Generation
AEF,abrdn Emerging Markets ex-China Fund Inc. Common Stock,$9.49,-0.25,-2.567%,1018870125.00,United States,,103405,Finance,Finance/Investors Services
AEFC,Aegon Funding Company LLC 5.10% Subordinated Notes due 2049,$17.73,-0.12,-0.672%,0.00,United States,2019,39484,,
AEHR,Aehr Test Systems Common Stock,$98.49,-5.90,-5.652%,3216638686.00,United States,1997,2112374,Industrials,Electrical Products
AEI,Alset Inc. Common Stock (TX),$0.7796,-0.0047,-0.599%,30323189.00,United States,2020,9126,Finance,Real Estate
AEIS,Advanced Energy Industries Inc. Common Stock,$277.84,-1.84,-0.658%,11127614805.00,United States,1995,451262,Technology,Industrial Machinery/Components
AEMD,Aethlon Medical Inc. Common Stock,$6.38,0.10,1.592%,10234126.00,United States,,142365,Health Care,Medical/Dental Instruments
AENT,Alliance Entertainment Holding Corporation Class A Common Stock,$4.79,-0.09,-1.844%,244192428.00,United States,,57021,Consumer Discretionary,Durable Goods
AENTW,Alliance Entertainment Holding Corporation Warrant,$0.21,0.00,0.00%,10705722.00,United States,,22,Consumer Discretionary,Durable Goods
AEO,American Eagle Outfitters Inc. Common Stock,$17.31,0.73,4.403%,2900694394.00,United States,,9196284,Consumer Discretionary,Clothing/Shoe/Accessory Stores
AEON,AEON Biopharma Inc. Class A Common Stock,$0.2616,-0.002,-0.759%,13049338.00,United States,,312568,Health Care,Biotechnology: Pharmaceutical Preparations
AEP,American Electric Power Company Inc. Common Stock,$118.20,-0.15,-0.127%,64347767006.00,United States,,3248204,Utilities,Electric Utilities: Central
AERT,Aeries Technology Inc. Class A Ordinary Share,$7.225,0.125,1.761%,37915731.00,United States,2021,25014,Consumer Discretionary,Professional Services
AES,The AES Corporation Common Stock,$14.87,0.00,0.00%,10608832428.00,United States,,6756137,Industrials,Electric Utilities: Central
AESI,Atlas Energy Solutions Inc. Common Stock,$12.30,-0.17,-1.363%,1537542447.00,United States,2023,4825264,Industrials,Mining & Quarrying of Nonmetallic Minerals (No Fuels)
AESP,Aeon Acquisition I Corp. Class A Ordinary Shares,$9.97,0.00,0.00%,0.00,United States,2026,12,Finance,Blank Checks
AESPW,Aeon Acquisition I Corp. Warrants,$0.06,0.00,0.00%,0.00,United States,2026,26,Finance,Blank Checks
AEVA,Aeva Technologies Inc. Common Stock,$14.27,-1.08,-7.036%,994701167.00,United States,,1610538,Consumer Discretionary,Auto Parts:O.E.M.
AEYE,AudioEye Inc. Common Stock,$6.785,-0.075,-1.093%,85285238.00,United States,,94911,Technology,Computer Software: Prepackaged Software
AFB,AllianceBernstein National Municipal Income Fund Inc,$9.49,-0.26,-2.667%,0.00,United States,2002,214046,Finance,Trusts Except Educational Religious and Charitable
AFCG,Advanced Flower Capital Inc. Common Stock,$3.59,0.03,0.843%,81392189.00,United States,2021,99083,Finance,Real Estate
AFG,American Financial Group Inc. Common Stock,$138.18,-0.04,-0.029%,11458088172.00,United States,,333813,Finance,Property-Casualty Insurers
AFGB,American Financial Group Inc. 5.875% Subordinated Debentures due 2059,$22.36,0.40,1.821%,1854123980.00,United States,2019,20532,Finance,Property-Casualty Insurers
AFGC,American Financial Group Inc. 5.125% Subordinated Debentures due 2059,$18.55,-0.30,-1.592%,1538193194.00,United States,2019,28592,Finance,Property-Casualty Insurers
AFGD,American Financial Group Inc. 5.625% Subordinated Debentures due 2060,$21.69,0.00,0.00%,1798566598.00,United States,2020,12412,Finance,Property-Casualty Insurers
AFGE,American Financial Group Inc. 4.500% Subordinated Debentures due 2060,$16.78,-0.17,-1.003%,1391422199.00,United States,2020,4356,Finance,Property-Casualty Insurers
AFJK,Aimei Health Technology Co. Ltd Ordinary Share,$12.30,0.11,0.902%,0.00,United States,2024,1293,,
AFJKU,Aimei Health Technology Co. Ltd Unit,$13.09,0.09,0.692%,0.00,United States,2023,502,,
AFL,AFLAC Incorporated Common Stock,$113.55,-0.17,-0.149%,56927531488.00,United States,,1484192,Finance,Accident &Health Insurance
AFRM,Affirm Holdings Inc. Class A Common Stock,$67.21,-4.31,-6.026%,22678082616.00,United States,2021,3687633,Finance,Finance: Consumer Services
AGCO,AGCO Corporation Common Stock,$117.61,-0.41,-0.347%,8236431648.00,United States,,759337,Industrials,Industrial Machinery/Components
AGD,abrdn Global Dynamic Dividend Fund Common Shares of Beneficial Interest,$11.55,-0.28,-2.367%,0.00,United States,2006,113685,Finance,Trusts Except Educational Religious and Charitable
AGEN,Agenus Inc. Common Stock,$9.43,0.89,10.422%,425876868.00,United States,2000,2766366,Health Care,Biotechnology: Biological Products (No Diagnostic Substances)
AGIG,Abundia Global Impact Group Inc. Common stock,$1.23,-0.11,-8.209%,54304895.00,United States,,153426,Energy,Oil & Gas Production
AGIO,Agios Pharmaceuticals Inc. Common Stock,$33.42,0.84,2.578%,1995236896.00,United States,2013,1347713,Health Care,Biotechnology: Pharmaceutical Preparations
AGL,agilon health inc. Common Stock,$79.53,-1.20,-1.486%,1335404931.00,United States,2021,211834,Health Care,Misc Health and Biotechnology Services
AGM,Federal Agricultural Mortgage Corporation Common Stock,$215.71,1.70,0.794%,2341145929.00,United States,,84250,Finance,Finance Companies
AGM^D,Federal Agricultural Mortgage Corporation 5.700% Non-Cumulative Preferred Stock Series D,$20.52,0.44,2.191%,,United States,,1618,,
AGM^E,Federal Agricultural Mortgage Corporation 5.750% Non-Cumulative Preferred Stock Series E,$19.90,-0.07,-0.351%,,United States,,2946,,
AGM^F,Federal Agricultural Mortgage Corporation 5.250% Non-Cumulative Preferred Stock Series F,$18.29,0.041,0.225%,,United States,,25135,,
AGM^G,Federal Agricultural Mortgage Corporation 4.875% Non-Cumulative Preferred Stock Series G,$16.98,-0.08,-0.469%,,United States,,21061,,
AGM^H,Federal Agricultural Mortgage Corporation 6.500% Non-Cumulative Preferred Stock Series H,$21.91,0.11,0.505%,,United States,,12330,,
AGM^I,Federal Agricultural Mortgage Corporation 6.875% Non-Cumulative Preferred Stock Series I,$24.15,0.13,0.541%,,United States,,16277,,
AGNC,AGNC Investment Corp. Common Stock,$9.46,-0.16,-1.663%,11214654489.00,United States,2008,46835192,Real Estate,Real Estate Investment Trusts
AGNCL,AGNC Investment Corp. Depositary Shares Each Representing a 1/1000th Interest in a Share of 7.75% Series G Fixed-Rate Reset Cumulative Redeemable Preferred Stock,$25.41,-0.06,-0.236%,30123083568.00,United States,,9643,Real Estate,Real Estate Investment Trusts
AGNCM,AGNC Investment Corp. Depositary Shares rep 6.875% Series D Fixed-to-Floating Cumulative Redeemable Preferred Stock,$25.11,-0.14,-0.554%,29767439134.00,United States,,22762,Real Estate,Real Estate Investment Trusts
AGNCN,AGNC Investment Corp. Depositary Shares Each Representing a 1/1000th Interest in a Share of 7.00% Series C Fixed-To-Floating Rate Cumulative Redeemable Preferred Stock,$25.67,-0.03,-0.117%,30431308744.00,United States,,29300,Real Estate,Real Estate Investment Trusts
AGNCO,AGNC Investment Corp. Depositary Shares each representing a 1/1000th interest in a share of 6.50% Series E Fixed-to-Floating Cumulative Redeemable Preferred Stock,$25.54,-0.07,-0.273%,30277196156.00,United States,,23759,Real Estate,Real Estate Investment Trusts
AGNCP,AGNC Investment Corp. Depositary Shares Each Representing a 1/1000th Interest in a Share of 6.125% Series F Fixed-to-Floating Rate Cumulative Redeemable Preferred Stock,$25.20,-0.03,-0.119%,29874132464.00,United States,,47649,Real Estate,Real Estate Investment Trusts
AGNCZ,AGNC Investment Corp. Depositary Shares Each Representing a 1/1000th Interest in a Share of 8.75% Series H Fixed-Rate Cumulative Redeemable Preferred Stock,$25.02,-0.07,-0.279%,29660745804.00,United States,,70027,Real Estate,Real Estate Investment Trusts
AGNT,AGNT Inc. Common Stock,$3.51,-0.12,-3.306%,586583959.00,United States,,1415968,Finance,Real Estate
AGPU,Axe Compute Inc. Common Stock,$12.15,0.06,0.496%,140832157.00,United States,,164166,Health Care,Industrial Specialties
AGX,Argan Inc. Common Stock,$355.21,-9.08,-2.493%,4983540177.00,United States,,284592,Consumer Discretionary,Engineering & Construction
AGYS,Agilysys Inc. Common Stock (DE),$97.10,-2.54,-2.549%,2738782015.00,United States,,202989,Technology,EDP Services
AHCO,AdaptHealth Corp. Common Stock,$5.65,0.01,0.177%,770344707.00,United States,2018,1589566,Health Care,Medical/Nursing Services
AHR,American Healthcare REIT Inc. Common Stock,$51.90,-0.12,-0.231%,12102311880.00,United States,2024,2054143,Real Estate,Real Estate Investment Trusts
AHRT,AH Realty Trust Inc. Common Stock,$5.90,-0.01,-0.169%,440098653.00,United States,2013,2157021,Finance,Real Estate
AHRT^A,AH Realty Trust Inc. 6.75% Series A Cumulative Redeemable Perpetual Preferred Stock,$20.3529,0.2329,1.158%,,United States,,9942,,
AHT,Ashford Hospitality Trust Inc Common Stock,$2.51,0.02,0.803%,16239233.00,United States,2003,31852,Real Estate,Real Estate Investment Trusts
AHT^D,Ashford Hospitality Trust Inc 8.45% Series D Cumulative Preferred Stock,$4.625,-0.5418,-10.486%,,United States,,2136,,
AHT^F,Ashford Hospitality Trust Inc 7.375% Series F Cumulative Preferred Stock,$4.4357,-0.5643,-11.286%,,United States,,2399,,
AHT^G,Ashford Hospitality Trust Inc 7.375% Series G Cumulative Preferred Stock,$4.42,-0.11,-2.428%,,United States,,1416,,
AHT^H,Ashford Hospitality Trust Inc 7.50% Series H Cumulative Preferred Stock,$4.44,-0.1871,-4.044%,,United States,,3003,,
AHT^I,Ashford Hospitality Trust Inc 7.50% Series I Cumulative Preferred Stock,$4.171,-0.479,-10.301%,,United States,,5848,,
AI,C3.ai Inc. Class A Common Stock,$10.41,-0.24,-2.254%,1673718301.00,United States,2020,3421131,Technology,Computer Software: Prepackaged Software
AIAI,AIAI Holdings Corporation Class A Common Stock,$3.74,0.10,2.747%,264962873.00,United States,,161551,Technology,EDP Services
AIDX,20/20 Biolabs Inc. Common Stock,$0.409,-0.0257,-5.912%,5223054.00,United States,,42223,Health Care,Precision Instruments
AIFA,All In FutureTech Alliance Inc. Common Stock,$4.18,0.22,5.556%,26836921.00,United States,2017,176960,Consumer Discretionary,Services-Misc. Amusement & Recreation
AIFC,AI Financial Corporation Common Stock,$0.5058,-0.0116,-2.242%,70729307.00,United States,,384728,Finance,Investment Bankers/Brokers/Service
AIFF,Firefly Neuroscience Inc. Common Stock,$1.69,-0.32,-15.92%,26516634.00,United States,,3716236,Technology,Computer Software: Prepackaged Software
AIG,American International Group Inc. New Common Stock,$72.78,-1.39,-1.874%,38056164840.00,United States,,4074672,Finance,Property-Casualty Insurers
AII,American Integrity Insurance Group Inc. Common Stock,$24.98,-0.21,-0.834%,489443806.00,United States,2025,115970,Finance,Property-Casualty Insurers
AIMD,Ainos Inc. Common Stock,$1.33,-0.01,-0.746%,11363617.00,United States,,82310,Technology,Computer peripheral equipment
AIMDW,Ainos Inc. Warrants,$0.0879,0.00,0.00%,751024.00,United States,,140,Technology,Computer peripheral equipment
AIN,Albany International Corporation Common Stock,$60.08,-0.90,-1.476%,1706272000.00,United States,,207722,Consumer Discretionary,Textiles
AIOT,PowerFleet Inc. Common Stock,$2.62,-0.18,-6.429%,351671905.00,United States,,2587771,Telecommunications,Telecommunications Equipment
AIP,Arteris Inc. Common Stock,$23.12,-0.77,-3.223%,1136396598.00,United States,2021,659779,Technology,Semiconductors
AIR,AAR Corp. Common Stock,$115.09,-1.02,-0.878%,4633389896.00,United States,,574242,Industrials,Aerospace
AIRE,reAlpha Tech Corp. Common Stock,$1.36,0.02,1.493%,8169009.00,United States,,17885,Finance,Real Estate
AIRG,Airgain Inc. Common Stock,$5.15,0.01,0.195%,67466205.00,United States,2016,20753,Technology,Radio And Television Broadcasting And Communications Equipment
AIRI,Air Industries Group Common Stock,$2.649,0.049,1.885%,12849393.00,United States,,2164,Industrials,Military/Government/Technical
AIRJ,AirJoule Technologies Corporation Class A Common Stock,$4.04,-0.05,-1.222%,303835868.00,United States,2022,785249,Industrials,Industrial Machinery/Components
AIRJW,AirJoule Technologies Corporation Warrant,$0.99,-0.0099,-0.99%,74454829.00,United States,2022,2527,Industrials,Industrial Machinery/Components
AIRO,AIRO Group Holdings Inc. Common Stock,$6.97,-0.27,-3.729%,219944741.00,United States,2025,242994,Industrials,Aerospace
AIRS,AirSculpt Technologies Inc. Common Stock,$1.88,-0.08,-4.082%,135538993.00,United States,2021,788470,Health Care,Medical/Nursing Services
AIRT,Air T Inc. Common Stock,$28.48,-0.55,-1.895%,76376183.00,United States,,56898,Consumer Discretionary,Air Freight/Delivery Services
AIRTP,Air T Inc. Air T Funding Alpha Income Trust Preferred Securities,$18.80,-0.042,-0.223%,50416862.00,United States,,1689,Consumer Discretionary,Air Freight/Delivery Services
AISP,Airship AI Holdings Inc. Class A Common Stock,$1.80,-0.02,-1.099%,61991212.00,United States,2021,243645,Technology,Computer Software: Prepackaged Software
AISPW,Airship AI Holdings Inc. Warrants,$0.3492,-0.0208,-5.622%,12026295.00,United States,2021,46274,Technology,Computer Software: Prepackaged Software
AIT,Applied Industrial Technologies Inc. Common Stock,$337.42,4.03,1.209%,12394750851.00,United States,,232169,Consumer Discretionary,Industrial Specialties
AIV,Apartment Investment and Management Company Common Stock,$2.14,-0.04,-1.835%,310806962.00,United States,1994,1729161,Real Estate,Real Estate Investment Trusts
AIXC,AIxCrypto Holdings Inc. Common Stock,$1.66,-0.07,-4.046%,35040747.00,United States,2015,1012797,Finance,Finance: Consumer Services
AIZ,Assurant Inc. Common Stock,$263.53,-1.47,-0.555%,12998292318.00,United States,2004,346038,Finance,Property-Casualty Insurers
AIZN,Assurant Inc. 5.25% Subordinated Notes due 2061,$18.04,-0.09,-0.496%,910284166.00,United States,2020,14121,Finance,Property-Casualty Insurers
AJG,Arthur J. Gallagher & Co. Common Stock,$229.46,-1.64,-0.71%,58810598000.00,United States,,1553935,Finance,Specialty Insurers
AKAM,Akamai Technologies Inc. Common Stock,$108.99,-4.95,-4.344%,15663673215.00,United States,1999,8243122,Consumer Discretionary,Business Services
AKBA,Akebia Therapeutics Inc. Common Stock,$0.8931,-0.0031,-0.346%,247483587.00,United States,2014,3399274,Health Care,Biotechnology: Pharmaceutical Preparations
AKR,Acadia Realty Trust Common Stock,$19.26,0.02,0.104%,2645028226.00,United States,,982880,Real Estate,Real Estate Investment Trusts
AKTS,Aktis Oncology Inc. Common stock,$19.35,-0.08,-0.412%,1076237306.00,United States,2026,223210,Health Care,Biotechnology: Pharmaceutical Preparations
ALAB,Astera Labs Inc. Common Stock,$351.31,-13.31,-3.65%,60947051886.00,United States,2024,4080550,Technology,Semiconductors
ALB,Albemarle Corporation Common Stock,$107.39,-2.34,-2.133%,12672563071.00,United States,,2662162,Industrials,Major Chemicals
ALB^A,Albemarle Corporation Depositary Shares each representing a 1/20th of 7.25% Series A Mandatory Convertible Preferred Stock,$45.76,-0.37,-0.802%,,United States,,384839,,
ALCO,Alico Inc. Common Stock,$39.15,0.08,0.205%,290436663.00,United States,,17751,Consumer Staples,Farming/Seeds/Milling
ALDF,Aldel Financial II Inc. Class A Ordinary Shares,$10.83,0.00,0.00%,0.00,United States,2024,130,,
ALDFW,Aldel Financial II Inc. Warrants,$0.2301,0.00,0.00%,0.00,United States,2024,77,Finance,Blank Checks
ALDX,Aldeyra Therapeutics Inc. Common Stock,$1.16,-0.045,-3.734%,69978648.00,United States,2014,1020522,Health Care,Biotechnology: Pharmaceutical Preparations
ALEC,Alector Inc. Common Stock,$1.92,-0.03,-1.538%,214381284.00,United States,2019,713354,Health Care,Biotechnology: Biological Products (No Diagnostic Substances)
ALF,Centurion Acquisition Corp. Class A Ordinary Shares,$10.92,0.00,0.00%,0.00,United States,2024,17,,
ALG,Alamo Group Inc. Common Stock,$157.72,-1.73,-1.085%,1919604600.00,United States,,238902,Industrials,Industrial Machinery/Components
ALGM,Allegro MicroSystems Inc. Common Stock,$36.94,0.18,0.49%,6885691579.00,United States,2020,2748228,Technology,Semiconductors
ALGN,Align Technology Inc. Common Stock,$145.00,-1.78,-1.213%,10300778540.00,United States,2001,886801,Health Care,Industrial Specialties
ALGS,Aligos Therapeutics Inc. Common Stock,$5.54,0.03,0.544%,34594851.00,United States,2020,79528,Health Care,Biotechnology: Biological Products (No Diagnostic Substances)
ALGT,Allegiant Travel Company Common Stock,$76.55,-2.54,-3.212%,2092705145.00,United States,2006,416825,Consumer Discretionary,Air Freight/Delivery Services
ALH,Alliance Laundry Holdings Inc. Common Stock,$21.87,0.01,0.046%,4347517530.00,United States,2025,1272107,Industrials,Industrial Machinery/Components
ALHC,Alignment Healthcare Inc. Common Stock,$7.93,-0.28,-3.41%,1644960732.00,United States,2021,8666447,Health Care,Medical Specialities
ALIS,Calisa Acquisition Corp Ordinary shares,$10.33,0.04,0.389%,0.00,United States,2025,2107,,
ALISR,Calisa Acquisition Corp Right,$0.66,-0.14,-17.50%,0.00,United States,2025,26754,Finance,Blank Checks
ALIT,Alight Inc. Class A Common Stock,$9.87,-1.15,-10.436%,265888848.00,United States,2021,782686,Consumer Discretionary,Business Services
ALK,Alaska Air Group Inc. Common Stock,$39.70,-1.24,-3.029%,4430643864.00,United States,,3654339,Consumer Discretionary,Air Freight/Delivery Services
ALKT,Alkami Technology Inc. Common Stock,$13.39,-0.41,-2.971%,1431953112.00,United States,2021,1749896,Technology,Computer Software: Prepackaged Software
ALL,Allstate Corporation (The) Common Stock,$227.55,-0.05,-0.022%,57537826523.00,United States,,1725248,Finance,Property-Casualty Insurers
ALL^B,Allstate Corporation (The) 5.100% Fixed-to-Floating Rate Subordinated Debentures due 2053,$25.75,0.04,0.156%,,United States,,29259,,
ALL^H,Allstate Corporation (The) Depositary Shares each representing a 1/1000th interest in a share of Fixed Rate Noncumulative Perpetual Preferred Stock Series H,$18.31,-0.17,-0.92%,,United States,,132874,,
ALL^I,Allstate Corporation (The) Depositary Shares each representing a 1/1000th interest in a share of Fixed Rate Noncumulative Perpetual Preferred Stock Series I,$17.26,-0.02,-0.116%,,United States,,76446,,
ALL^J,Allstate Corporation (The) Depositary Shares each representing a 1/1000th interest in a share of Fixed Rate Noncumulative Perpetual Preferred Stock Series J,$26.14,0.04,0.153%,,United States,,44363,,
ALLE,Allegion plc Ordinary Shares,$155.38,0.91,0.589%,13213015809.00,United States,2013,1061900,Consumer Discretionary,Diversified Commercial Services
ALLO,Allogene Therapeutics Inc. Common Stock,$1.63,-0.02,-1.212%,563150136.00,United States,2018,5026244,Health Care,Biotechnology: Biological Products (No Diagnostic Substances)
ALLR,Allarity Therapeutics Inc. Common Stock,$0.9684,-0.0616,-5.981%,15407945.00,United States,,275864,Health Care,Biotechnology: Pharmaceutical Preparations
ALLY,Ally Financial Inc. Common Stock,$38.19,-0.60,-1.547%,11617386276.00,United States,2014,3387737,Finance,Major Banks
ALMR,Alamar Biosciences Inc. Common Stock,$32.61,-0.19,-0.579%,2262898099.00,United States,2026,224716,Industrials,Biotechnology: Laboratory Analytical Instruments
ALMS,Alumis Inc. Common Stock,$7.16,0.06,0.845%,926756311.00,United States,2024,2245418,Health Care,Biotechnology: Pharmaceutical Preparations
ALMU,Aeluma Inc. Common Stock,$12.76,-0.53,-3.988%,245829962.00,United States,,266522,Technology,Semiconductors
ALNT,Allient Inc. Common Stock,$114.41,-1.60,-1.379%,1945257284.00,United States,,156769,Industrials,Electrical Products
ALNY,Alnylam Pharmaceuticals Inc. Common Stock,$255.36,-0.60,-0.234%,34169496372.00,United States,2004,1147879,Health Care,Biotechnology: Pharmaceutical Preparations
ALOV,Aldabra 4 Liquidity Opportunity Vehicle Inc. Class A Ordinary Shares,$10.00,0.00,0.00%,0.00,United States,2026,15,,
ALOY,REalloys Inc. Common Stock,$8.42,-0.48,-5.393%,584507399.00,United States,,1585432,Basic Materials,Metal Mining
ALPX,Alpex Acquisition Corporation Class A Ordinary Shares,$9.95,0.00,0.00%,0.00,United States,2026,154418,Finance,Blank Checks
ALPXU,Alpex Acquisition Corporation Unit,$10.23,0.0599,0.589%,0.00,United States,2026,2236,Finance,Blank Checks
ALRM,Alarm.com Holdings Inc. Common Stock,$53.77,0.39,0.731%,2639581560.00,United States,2015,485275,Technology,Computer Software: Prepackaged Software
ALRS,Alerus Financial Corporation Common Stock,$32.06,-0.11,-0.342%,799176484.00,United States,2019,158010,Finance,Major Banks
ALSN,Allison Transmission Holdings Inc. Common Stock,$113.66,-0.20,-0.176%,9385819799.00,United States,2012,451214,Consumer Discretionary,Auto Parts:O.E.M.
ALT,Altimmune Inc. Common Stock,$2.96,-0.10,-3.268%,575772395.00,United States,,3359823,Health Care,Biotechnology: Pharmaceutical Preparations
ALTG,Alta Equipment Group Inc. Class A Common Stock,$5.78,-0.44,-7.074%,188814520.00,United States,2019,462416,Industrials,Industrial Machinery/Components
ALTG^A,Alta Equipment Group Inc. Depositary Shares (each representing 1/1000th in a share of 10% Series A Cumulative Perpetual Preferred Stock),$25.33,0.13,0.516%,,United States,,1852,,
ALTI,AlTi Global Inc. Class A Common Stock,$3.09,-0.04,-1.278%,481865205.00,United States,2021,71988,Finance,Investment Managers
ALTO,Alto Ingredients Inc. Common Stock,$3.67,-0.06,-1.609%,284672960.00,United States,,889148,Industrials,Major Chemicals
ALX,Alexander's Inc. Common Stock,$249.08,1.96,0.793%,1272123793.00,United States,,27988,Real Estate,Real Estate Investment Trusts
ALXO,ALX Oncology Holdings Inc. Common Stock,$1.39,0.08,6.107%,192205026.00,United States,2020,1959146,Health Care,Biotechnology: Pharmaceutical Preparations
ALZN,Alzamend Neuro Inc. Common Stock,$1.73,-0.10,-5.464%,8348501.00,United States,2021,83839,Health Care,Biotechnology: Pharmaceutical Preparations
AM,Antero Midstream Corporation Common Stock,$20.70,-0.23,-1.099%,9825751800.00,United States,2017,2317433,Utilities,Natural Gas Distribution
AMAL,Amalgamated Financial Corp. Common Stock (DE),$47.28,-0.30,-0.631%,1413678950.00,United States,2018,229751,Finance,Major Banks
AMAN,Amanat Acquisition Corp Class A Ordinary Shares,$10.63,-0.02,-0.188%,0.00,United States,2026,1671,Finance,Blank Checks
AMAT,Applied Materials Inc. Common Stock,$486.76,1.76,0.363%,386291491355.00,United States,1972,6092106,Technology,Semiconductors
AMBA,Ambarella Inc. Ordinary Shares,$68.68,-4.00,-5.504%,3031601888.00,United States,2012,1214165,Technology,Semiconductors
AMBQ,Ambiq Micro Inc. Common Stock,$68.30,-1.49,-2.135%,1651803809.00,United States,2025,278102,Technology,Semiconductors
AMC,AMC Entertainment Holdings Inc. Class A Common Stock,$3.29,0.35,11.905%,2936669259.00,United States,2013,72731809,Consumer Discretionary,Movies/Entertainment
AMCI,AMC Robotics Corporation Common Stock,$3.24,0.06,1.887%,75188811.00,United States,2023,88677,Consumer Discretionary,Home Furnishings
AMCX,AMC Global Media Inc. Class A Common Stock,$12.03,-0.13,-1.069%,496237151.00,United States,,734667,Telecommunications,Cable & Other Pay Television Services
AMD,Advanced Micro Devices Inc. Common Stock,$607.87,-22.76,-3.609%,992332603781.00,United States,,22124757,Technology,Semiconductors
AME,AMETEK Inc.,$251.67,0.93,0.371%,57698177277.00,United States,,1408761,Industrials,Industrial Machinery/Components
AMG,Affiliated Managers Group Inc. Common Stock,$368.13,-5.56,-1.488%,9519817135.00,United States,,503089,Finance,Investment Managers
AMGN,Amgen Inc. Common Stock,$418.13,3.52,0.849%,226054460251.00,United States,1983,2917882,Health Care,Biotechnology: Biological Products (No Diagnostic Substances)
AMH,American Homes 4 Rent Common Shares of Beneficial Interest,$30.56,-0.08,-0.261%,10976539089.00,United States,2013,3110061,Real Estate,Real Estate Investment Trusts
AMH^G,American Homes 4 Rent Series G cumulative redeemable perpetual preferred shares of beneficial interest,$20.94,0.27,1.306%,,United States,,36409,,
AMH^H,American Homes 4 Rent Series H cumulative redeemable perpetual Preferred Shares of Beneficial Interest,$22.66,0.67,3.047%,,United States,,142535,,
AMIX,Autonomix Medical Inc. Common Stock,$3.83,-0.19,-4.726%,7506563.00,United States,2024,74271,Health Care,Medical/Dental Instruments
AMKR,Amkor Technology Inc. Common Stock,$53.18,-0.43,-0.802%,13212702461.00,United States,1998,3447205,Technology,Semiconductors
AMLX,Amylyx Pharmaceuticals Inc. Common Stock,$29.85,0.36,1.221%,3744929748.00,United States,2022,1020592,Health Care,Biotechnology: Pharmaceutical Preparations
AMN,AMN Healthcare Services Inc,$34.26,-0.30,-0.868%,1326889492.00,United States,,341503,Consumer Discretionary,Professional Services
AMOD,Alpha Modus Holdings Inc. Class A Common Stock,$1.57,-0.08,-4.848%,7828434.00,United States,,16434,Miscellaneous,Multi-Sector Companies
AMODW,Alpha Modus Holdings Inc. Warrant,$0.0179,0.00,0.00%,89254.00,United States,,162,Miscellaneous,Multi-Sector Companies
AMP,Ameriprise Financial Inc. Common Stock,$496.16,3.16,0.641%,44603337197.00,United States,,724933,Finance,Investment Managers
AMPG,Amplitech Group Inc. Common Stock,$3.15,-0.19,-5.689%,94638244.00,United States,,718357,Telecommunications,Telecommunications Equipment
AMPGZ,Amplitech Group Inc. Series B Right,$0.1616,0.00,0.00%,4855092.00,United States,,2008,Telecommunications,Telecommunications Equipment
AMPH,Amphastar Pharmaceuticals Inc. Common Stock,$27.39,1.26,4.822%,1165114286.00,United States,2014,751860,Health Care,Biotechnology: Pharmaceutical Preparations
AMPL,Amplitude Inc. Class A Common Stock,$13.30,0.00,0.00%,1661383678.00,United States,,972313,Technology,Computer Software: Prepackaged Software
AMPX,Amprius Technologies Inc. Common Stock,$9.60,-0.15,-1.538%,1402373933.00,United States,2022,15130487,Miscellaneous,Industrial Machinery/Components
AMPY,Amplify Energy Corp. Common Stock,$4.19,-0.09,-2.103%,173702526.00,United States,2016,577717,Energy,Oil & Gas Production
AMR,Alpha Metallurgical Resources Inc. Common Stock,$175.54,1.11,0.636%,2225679559.00,United States,2018,243828,Energy,Coal Mining
AMRC,Ameresco Inc. Class A Common Stock,$20.32,-1.16,-5.40%,1078305408.00,United States,2010,457077,Consumer Discretionary,Engineering & Construction
AMRX,Amneal Pharmaceuticals Inc. Class A Common Stock,$20.50,0.73,3.692%,7140068349.00,United States,,2989238,Health Care,Biotechnology: Pharmaceutical Preparations
AMS,American Shared Hospital Services Common Stock,$1.43,0.01,0.704%,9509500.00,United States,1988,11649,Health Care,Medical Specialities
AMSC,American Superconductor Corporation Common Stock,$29.29,-0.72,-2.399%,1418870368.00,United States,1991,525668,Consumer Discretionary,Metal Fabrications
AMSF,AMERISAFE Inc. Common Stock,$23.76,0.25,1.063%,440416738.00,United States,2005,589897,Finance,Property-Casualty Insurers
AMSS,AMASS Brands Inc. Common Stock,$0.5573,-0.0827,-12.922%,6467512.00,United States,,180484,Consumer Staples,Beverages (Production/Distribution)
AMST,Amesite Inc. Common Stock,$1.01,-0.03,-2.885%,6615350.00,United States,2020,60013,Technology,Computer Software: Prepackaged Software
AMT,American Tower Corporation (REIT) Common Stock,$168.00,-1.03,-0.609%,78281288064.00,United States,,3251674,Real Estate,Real Estate Investment Trusts
AMTB,Amerant Bancorp Inc. Class A Common Stock,$29.30,-0.27,-0.913%,1148262839.00,United States,,324518,Finance,Major Banks
AMTM,Amentum Holdings Inc. Common Stock,$18.49,-0.70,-3.648%,4520923576.00,United States,2024,1191057,Consumer Discretionary,Business Services
AMTX,Aemetis Inc. (DE) Common Stock,$1.845,0.055,3.073%,133152901.00,United States,,1053862,Industrials,Major Chemicals
AMWL,American Well Corporation Class A Common Stock,$13.44,0.01,0.074%,228597708.00,United States,2020,92162,Consumer Discretionary,Business Services
AMZN,Amazon.com Inc. Common Stock,$246.15,-3.52,-1.41%,2655051085748.00,United States,1997,32596842,Consumer Discretionary,Catalog/Specialty Distribution
AN,AutoNation Inc. Common Stock,$161.36,-5.62,-3.366%,5334691656.00,United States,,488962,Consumer Discretionary,Retail-Auto Dealers and Gas Stations
ANAB,AnaptysBio Inc. Common Stock,$50.80,-0.20,-0.392%,1504110835.00,United States,2017,412685,Health Care,Biotechnology: Pharmaceutical Preparations
ANDE,Andersons Inc. (The) Common Stock,$66.45,-0.52,-0.776%,2257676627.00,United States,,671379,Industrials,Farming/Seeds/Milling
ANET,Arista Networks Inc. Common Stock,$204.92,-1.63,-0.789%,258450154868.00,United States,,3480808,Telecommunications,Computer Communications Equipment
ANF,Abercrombie & Fitch Company Common Stock,$134.18,-1.53,-1.127%,5693844706.00,United States,,1259009,Consumer Discretionary,Clothing/Shoe/Accessory Stores
ANG^D,American National Group Inc. Depositary Shares each representing a 1/1000th interest in a share of 7.375% Fixed-Rate Non-Cumulative Preferred Stock Series D,$24.09,-0.05,-0.207%,,United States,,56380,,
ANGI,Angi Inc. Class A Common Stock,$5.56,0.14,2.583%,225492756.00,United States,,980465,Consumer Discretionary,Advertising
ANGO,AngioDynamics Inc. Common Stock,$15.54,0.05,0.323%,642305325.00,United States,2004,533585,Health Care,Medical/Dental Instruments
ANGX,Angel Studios Inc. Class A Common Stock,$4.57,-0.23,-4.792%,853476378.00,United States,2025,1429208,Consumer Discretionary,Movies/Entertainment
ANIK,Anika Therapeutics Inc. Common Stock,$20.68,0.31,1.522%,276759737.00,United States,,145028,Health Care,Medical/Dental Instruments
ANIP,ANI Pharmaceuticals Inc.,$74.83,0.83,1.122%,1718058487.00,United States,,421745,Health Care,Biotechnology: Pharmaceutical Preparations
ANIX,Anixa Biosciences Inc. Common Stock,$2.79,0.01,0.36%,96991008.00,United States,,305842,Health Care,Biotechnology: Pharmaceutical Preparations
ANNA,AleAnna Inc. Class A Common Stock,$2.60,-0.11,-4.059%,174029440.00,United States,,135919,Energy,Oil & Gas Production
ANNAW,AleAnna Inc. Warrant,$0.2694,-0.0305,-10.17%,18032127.00,United States,,29177,Energy,Oil & Gas Production
ANNX,Annexon Inc. Common Stock,$4.01,0.37,10.165%,760212327.00,United States,2020,5072646,Health Care,Biotechnology: Pharmaceutical Preparations
ANRO,Alto Neuroscience Inc. Common Stock,$26.66,0.17,0.642%,1046194493.00,United States,2024,587037,Health Care,Biotechnology: Pharmaceutical Preparations
ANTX,AN2 Therapeutics Inc. Common Stock,$5.01,0.13,2.664%,189058547.00,United States,2022,318464,Health Care,Biotechnology: Pharmaceutical Preparations
ANVS,Annovis Bio Inc. Common Stock,$1.38,0.07,5.344%,58897101.00,United States,2020,1198632,Health Care,Biotechnology: Pharmaceutical Preparations
AOD,abrdn Total Dynamic Dividend Fund Common Shares of Beneficial Interest,$10.18,-0.12,-1.165%,0.00,United States,2007,332029,Finance,Investment Managers
AOMD,Angel Oak Mortgage REIT Inc. 9.750% Senior Notes due 2030,$24.85,-0.2234,-0.891%,0.00,United States,2025,13053,Finance,Real Estate
AOMN,Angel Oak Mortgage REIT Inc. 9.500% Senior Notes due 2029,$24.96,-0.1601,-0.637%,0.00,United States,2024,12610,Finance,Real Estate
AOMR,Angel Oak Mortgage REIT Inc. Common Stock,$7.37,-0.18,-2.384%,171093643.00,United States,2021,136857,Finance,Real Estate
AON,Aon plc Class A Ordinary Shares (Ireland),$272.10,-5.89,-2.119%,57719330591.00,United States,,1852186,Finance,Specialty Insurers
AORT,Artivion Inc. Common Stock,$22.95,0.32,1.414%,1118955272.00,United States,,446089,Health Care,Medical/Dental Instruments
AOS,A.O. Smith Corporation Common Stock,$58.38,-0.27,-0.46%,7934342492.00,United States,,1139048,Consumer Discretionary,Consumer Electronics/Appliances
AOUT,American Outdoor Brands Inc. Common Stock ,$17.08,-0.47,-2.678%,215570523.00,United States,,103593,Consumer Discretionary,Recreational Games/Products/Toys
AP,Ampco-Pittsburgh Corporation Common Stock,$8.88,0.24,2.778%,183448554.00,United States,,72430,Industrials,Fluid Controls
APA,APA Corporation Common Stock,$42.33,-0.41,-0.959%,14830379418.00,United States,,8029319,Energy,Oil & Gas Production
APAC,StoneBridge Acquisition II Corporation Class A Ordinary Shares,$10.26,0.00,0.00%,0.00,United States,2025,52,Finance,Blank Checks
APACR,StoneBridge Acquisition II Corporation Rights,$0.0901,-0.0199,-18.091%,0.00,United States,2025,134,,
APAM,Artisan Partners Asset Management Inc. Class A Common Stock,$35.83,-0.33,-0.913%,2904833730.00,United States,2013,1018736,Finance,Investment Managers
APC,ARKO Petroleum Corp. Class A Common Stock,$16.11,-0.12,-0.739%,202506293.00,United States,2026,176026,Energy,Oil Refining/Marketing
APD,Air Products and Chemicals Inc. Common Stock,$278.75,-3.01,-1.068%,62073591488.00,United States,,1159215,Basic Materials,Major Chemicals
APEI,American Public Education Inc. Common Stock,$40.62,-1.045,-2.508%,743408677.00,United States,2007,192197,Real Estate,Other Consumer Services
APG,APi Group Corporation Common Stock,$38.35,-0.11,-0.286%,16573347390.00,United States,2020,2724501,Consumer Discretionary,Diversified Commercial Services
APH,Amphenol Corporation Common Stock,$84.62,0.53,0.63%,208670120263.00,United States,,13939509,Technology,Electrical Products
APLD,Applied Digital Corporation Common Stock,$24.53,-1.72,-6.552%,7336784970.00,United States,2022,14992625,Technology,EDP Services
APLE,Apple Hospitality REIT Inc. Common Shares,$16.35,0.16,0.988%,3859952112.00,United States,2015,2023460,Real Estate,Real Estate Investment Trusts
APLM,Apollomics Inc. Class A Ordinary Shares,$23.845,1.495,6.689%,69056384.00,United States,,2369,Health Care,Biotechnology: Pharmaceutical Preparations
APLMW,Apollomics Inc. Warrant,$0.0116,0.00,0.00%,33594.00,United States,,6208,Health Care,Biotechnology: Pharmaceutical Preparations
APMC,AmperCap Acquisition Company Ordinary Shares,$9.96,0.00,0.00%,0.00,United States,2026,12,Finance,Blank Checks
APMCR,AmperCap Acquisition Company Right,$0.09,-0.0163,-15.334%,0.00,United States,2026,300,Finance,Blank Checks
APMCU,AmperCap Acquisition Company Unit,$10.03,0.00,0.00%,0.00,United States,2026,210,Finance,Blank Checks
APMD,Apnimed Inc. Common Stock,$21.67,0.58,2.75%,902138981.00,United States,2026,283889,Health Care,Biotechnology: Pharmaceutical Preparations
APO,Apollo Global Management Inc. (New) Common Stock,$119.00,-2.69,-2.211%,70274635921.00,United States,,3093028,Finance,Investment Managers
APOG,Apogee Enterprises Inc. Common Stock,$36.41,-0.74,-1.992%,759814585.00,United States,,165171,Consumer Discretionary,Auto Parts:O.E.M.
APOS,Apollo Global Management Inc. 7.625% Fixed-Rate Resettable Junior Subordinated Notes due 2053,$25.18,-0.25,-0.983%,14340872944.00,United States,1987,74021,Finance,Investment Managers
APP,Applovin Corporation Class A Common Stock,$308.24,-2.51,-0.808%,103152824240.00,United States,2021,4171784,Technology,Computer Software: Programming Data Processing
APPF,AppFolio Inc. Class A Common Stock,$197.91,-6.31,-3.09%,7009376887.00,United States,2015,293524,Technology,Computer Software: Prepackaged Software
APPN,Appian Corporation Class A Common Stock,$35.02,-0.99,-2.749%,2508398447.00,United States,2017,952607,Technology,Computer Software: Prepackaged Software
APPS,Digital Turbine Inc. Common Stock,$11.22,0.11,0.99%,1357802325.00,United States,,2874695,Miscellaneous,Multi-Sector Companies
APRE,Aprea Therapeutics Inc. Common stock,$0.7518,-0.009,-1.183%,9466016.00,United States,2019,69816,Health Care,Biotechnology: Pharmaceutical Preparations
APUR,Aperture AC Class A Ordinary Shares,$10.03,0.00,0.00%,0.00,United States,2026,18,Finance,Blank Checks
APURR,Aperture AC Rights,$0.3002,0.00,0.00%,0.00,United States,2026,53,Finance,Blank Checks
APVO,Aptevo Therapeutics Inc. Common Stock,$1.91,0.02,1.058%,3441763.00,United States,,47833,Health Care,Biotechnology: Pharmaceutical Preparations
APXT,Apex Treasury Corporation Class A Ordinary Share,$10.14,0.00,0.00%,0.00,United States,2025,2349,Finance,Blank Checks
APXTU,Apex Treasury Corporation Units,$10.30,0.00,0.00%,0.00,United States,2025,3,Finance,Blank Checks
APXTW,Apex Treasury Corporation Warrants,$0.29,0.00,0.00%,0.00,United States,2025,13,Finance,Blank Checks
APYX,Apyx Medical Corporation Common Stock,$2.50,-0.46,-15.541%,105310058.00,United States,,362389,Health Care,Medical/Dental Instruments
AQB,AquaBounty Technologies Inc. Common Stock,$0.9485,-0.0015,-0.158%,4882123.00,United States,,34728,Consumer Staples,Meat/Poultry/Fish
AQMS,Aqua Metals Inc. Common Stock,$2.52,-0.10,-3.817%,8980098.00,United States,2015,27774,Industrials,Metal Fabrications
AQN,Algonquin Power & Utilities Corp. Common Shares,$5.01,0.01,0.20%,3856435897.00,United States,2016,4089404,Utilities,Electric Utilities: Central
AQNB,Algonquin Power & Utilities Corp. 6.20% Fixed-to-Floating Subordinated Notes Series 2019-A due July 1 2079,$26.10,-0.17,-0.647%,20045452526.00,United States,2019,75290,Utilities,Electric Utilities: Central
AQST,Aquestive Therapeutics Inc. Common Stock,$4.75,0.07,1.496%,596180328.00,United States,2018,1276863,Health Care,Biotechnology: Pharmaceutical Preparations
AR,Antero Resources Corporation Common Stock,$34.34,-0.66,-1.886%,10557455260.00,United States,2013,4180129,Energy,Oil & Gas Production
ARAI,Arrive AI Inc. Common Stock,$0.1914,-0.0098,-4.871%,9929106.00,United States,,732317,Consumer Discretionary,Diversified Commercial Services
ARAY,Accuray Incorporated Common Stock,$0.2998,0.0847,39.377%,35807904.00,United States,2007,377451288,Health Care,Medical/Dental Instruments
ARCB,ArcBest Corporation Common Stock,$127.07,1.91,1.526%,2840186553.00,United States,,135116,Industrials,Trucking Freight/Courier Services
ARCC,Ares Capital Corporation Common Stock,$19.13,-0.07,-0.365%,13735777025.00,United States,2004,3988661,Finance,Finance: Consumer Services
ARCI,Archimedes Tech SPAC Partners III Co. Ordinary Share,$10.10,0.00,0.00%,0.00,United States,2026,14,,
ARCIU,Archimedes Tech SPAC Partners III Co. Units,$10.2451,0.00,0.00%,0.00,United States,2026,37,Finance,Blank Checks
ARCL,ARC Group Acquisition I Corp Class A Ordinary Shares,$9.99,0.00,0.00%,0.00,United States,2026,33,Finance,Blank Checks
ARCLR,ARC Group Acquisition I Corp Right,$0.1301,-0.0057,-4.197%,0.00,United States,2026,100,Finance,Blank Checks
ARDC,Ares Dynamic Credit Allocation Fund Inc. Common Shares,$11.41,-0.13,-1.127%,261459454.00,United States,2012,117849,Finance,Investment Managers
ARDT,Ardent Health Inc. Common Stock,$10.47,-0.07,-0.664%,1476750646.00,United States,2024,408695,Health Care,Hospital/Nursing Management
ARDX,Ardelyx Inc. Common Stock,$3.41,-0.01,-0.292%,849729621.00,United States,2014,3318185,Health Care,Biotechnology: Pharmaceutical Preparations
ARE,Alexandria Real Estate Equities Inc. Common Stock,$48.66,-1.27,-2.544%,8478886756.00,United States,,1869635,Real Estate,Real Estate Investment Trusts
AREC,American Resources Corporation Class A Common Stock,$1.83,-0.07,-3.684%,195757428.00,United States,,1178442,Energy,Coal Mining
ARES,Ares Management Corporation Class A Common Stock,$118.34,-3.67,-3.008%,39085007280.00,United States,2014,2455767,Finance,Investment Managers
ARES^B,Ares Management Corporation 6.75% Series B Mandatory Convertible Preferred Stock,$38.51,-0.96,-2.432%,,United States,,18607,,
ARHS,Arhaus Inc. Class A Common Stock,$9.63,-0.08,-0.824%,1365069189.00,United States,2021,1496078,Consumer Discretionary,Other Specialty Stores
ARI,Apollo Commercial Real Estate Finance Inc,$6.20,-0.04,-0.641%,794914977.00,United States,2009,2699226,Real Estate,Real Estate Investment Trusts
ARKO,ARKO Corp. Common Stock,$4.26,-0.02,-0.467%,477911171.00,United States,,670038,Consumer Staples,Food Chains
ARKR,Ark Restaurants Corp. Common Stock,$4.47,-0.04,-0.887%,16119522.00,United States,,991,Consumer Discretionary,Restaurants
ARL,American Realty Investors Inc. Common Stock,$15.94,-0.27,-1.666%,257463565.00,United States,,2371,Finance,Real Estate
ARLO,Arlo Technologies Inc. Common Stock,$12.60,-0.24,-1.869%,1355927630.00,United States,2018,1174446,Consumer Discretionary,Diversified Commercial Services
ARLP,Alliance Resource Partners L.P. Common Units representing Limited Partners Interests,$24.83,-0.32,-1.272%,3194598029.00,United States,1999,297151,Energy,Coal Mining
ARMK,Aramark Common Stock,$54.26,-0.66,-1.202%,14304294887.00,United States,2013,1878856,Consumer Discretionary,Restaurants
ARMP,Armata Pharmaceuticals Inc. Common Stock,$3.78,0.04,1.07%,140547881.00,United States,,85810,Health Care,Biotechnology: Biological Products (No Diagnostic Substances)
AROC,Archrock Inc. Common Stock,$30.55,0.12,0.394%,5356581552.00,United States,,979169,Utilities,Natural Gas Distribution
AROW,Arrow Financial Corporation Common Stock,$37.79,0.14,0.372%,700011492.00,United States,,134148,Finance,Major Banks
ARQ,Arq Inc. Common Stock,$1.925,-0.095,-4.703%,84061830.00,United States,,443065,Industrials,Major Chemicals
ARQT,Arcutis Biotherapeutics Inc. Common Stock,$27.33,0.41,1.523%,3435161294.00,United States,2020,3065589,Health Care,Biotechnology: Pharmaceutical Preparations
ARR,ARMOUR Residential REIT Inc.,$13.98,-0.12,-0.851%,2336021624.00,United States,,4648491,Real Estate,Real Estate Investment Trusts
ARR^C,ARMOUR Residential REIT Inc. 7% Series C Cumulative Redeemable Preferred Stock (liquidation preference $25.00 per share),$19.10,-0.50,-2.551%,,United States,,63703,,
ARRY,Array Technologies Inc. Common Stock,$3.83,-0.20,-4.963%,589849460.00,United States,2020,6578361,Technology,Semiconductors
ARTC,Art Technology Acquisition Corp. Class A Ordinary Shares,$10.0195,0.0495,0.496%,0.00,United States,2026,8942,Finance,Blank Checks
ARTL,Artelo Biosciences Inc. Common Stock,$4.30,-0.24,-5.286%,2355428.00,United States,,157041,Health Care,Biotechnology: Pharmaceutical Preparations
ARTNA,Artesian Resources Corporation Class A Common Stock,$32.89,-0.36,-1.083%,339659010.00,United States,,45614,Utilities,Water Supply
ARTV,Artiva Biotherapeutics Inc. Common Stock,$7.05,0.06,0.858%,344675353.00,United States,2024,437545,Health Care,Biotechnology: Biological Products (No Diagnostic Substances)
ARTW,Art's-Way Manufacturing Co. Inc. Common Stock,$3.145,-0.125,-3.823%,16358359.00,United States,,4215,Industrials,Industrial Machinery/Components
ARVN,Arvinas Inc. Common Stock,$7.51,-0.08,-1.054%,491050294.00,United States,2018,512169,Health Care,Biotechnology: Pharmaceutical Preparations
ARW,Arrow Electronics Inc. Common Stock,$230.46,-2.34,-1.005%,11731663785.00,United States,,349424,Technology,Electronic Components
ARWR,Arrowhead Pharmaceuticals Inc. Common Stock,$65.46,-0.46,-0.698%,9246517410.00,United States,,1589870,Health Care,Biotechnology: Pharmaceutical Preparations
ARXS,Arxis Inc. Class A Common Stock,$48.44,-1.68,-3.352%,20222458483.00,United States,2026,847139,Industrials,Military/Government/Technical
ASA,ASA  Gold and Precious Metals Limited,$54.60,-2.08,-3.67%,994645088.00,United States,,38023,Industrials,Precious Metals
ASAN,Asana Inc. Class A Common Stock,$8.64,-0.38,-4.213%,1978301811.00,United States,2020,8529136,Technology,Computer Software: Prepackaged Software
ASB,Associated Banc-Corp Common Stock,$28.96,-0.41,-1.396%,5469086125.00,United States,,1558563,Finance,Major Banks
ASB^E,Associated Banc-Corp Depositary Shares each representing a 1/40th interest in a share of 5.875% Non-Cumulative Perpetual Preferred Stock Series E,$19.21,-0.06,-0.311%,,United States,,8088,,
ASB^F,Associated Banc-Corp Depositary Shares each representing a 1/40th interest in a share of Associated Banc-Corp 5.625% Non-Cumulative Perpetual Preferred Stock Series F,$18.65,-0.0473,-0.253%,,United States,,6024,,
ASBA,Associated Banc-Corp 6.625% Fixed-Rate Reset Subordinated Notes due 2033,$24.94,0.04,0.161%,3763466326.00,United States,2023,29316,Finance,Major Banks
ASBP,Aspire-Lakewood Holdings Inc. Common Stock,$8.50,0.18,2.163%,11921735.00,United States,2022,55885,Health Care,Biotechnology: Pharmaceutical Preparations
ASBPW,Aspire-Lakewood Holdings Inc. Warrant,$0.0133,-0.0065,-32.828%,18654.00,United States,2022,29546,Health Care,Biotechnology: Pharmaceutical Preparations
ASG,Liberty All-Star Growth Fund Inc.,$5.06,-0.04,-0.784%,0.00,United States,,313036,Finance,Investment Managers
ASGI,abrdn Global Infrastructure Income Fund Common Shares of Beneficial Interest,$19.05,-0.21,-1.09%,0.00,United States,2020,431167,Finance,Investment Managers
ASH,Ashland Inc. Common Stock,$68.07,-0.99,-1.434%,3117154696.00,United States,,554470,Consumer Discretionary,Specialty Chemicals
ASIX,AdvanSix Inc. Common Stock ,$15.78,-0.02,-0.127%,426078715.00,United States,2016,279267,Industrials,Major Chemicals
ASLE,AerSale Corporation Common Stock,$5.32,-0.08,-1.481%,253906379.00,United States,2019,491174,Consumer Discretionary,Industrial Specialties
ASMB,Assembly Biosciences Inc. Common Stock,$23.61,-0.06,-0.253%,480713672.00,United States,2010,117464,Health Care,Biotechnology: Pharmaceutical Preparations
ASO,Academy Sports and Outdoors Inc. Common Stock,$48.61,-0.53,-1.079%,2993349892.00,United States,2020,1207650,Consumer Discretionary,Other Specialty Stores
ASPI,ASP Isotopes Inc. Common Stock,$2.60,-0.325,-11.111%,398604388.00,United States,2022,8567701,Industrials,Major Chemicals
ASPN,Aspen Aerogels Inc. Common Stock,$5.17,-0.05,-0.958%,429052013.00,United States,2014,1077533,Consumer Discretionary,RETAIL: Building Materials
ASRV,AmeriServ Financial Inc. Common Stock,$4.60,-0.08,-1.709%,78104628.00,United States,,6268,Finance,Major Banks
ASST,Strive Inc. Class A Common Stock,$29.00,-0.44,-1.495%,2813076821.00,United States,2023,7253422,Finance,Finance: Consumer Services
ASTC,Astrotech Corporation (DE) Common Stock,$7.64,0.485,6.778%,15349142.00,United States,,63628,Industrials,Biotechnology: Laboratory Analytical Instruments
ASTE,Astec Industries Inc. Common Stock,$41.11,-0.17,-0.412%,946572837.00,United States,1986,152514,Industrials,Construction/Ag Equipment/Trucks
ASTH,Astrana Health Inc. Common Stock,$35.13,-1.24,-3.409%,1742601378.00,United States,,363578,Consumer Discretionary,Professional Services
ASTI,Ascent Solar Technologies Inc. Common Stock,$2.72,-0.20,-6.849%,26700692.00,United States,,285867,Technology,Semiconductors
ASTS,AST SpaceMobile Inc. Class A Common Stock,$61.00,-0.81,-1.31%,23739217134.00,United States,2019,7548311,Consumer Discretionary,Telecommunications Equipment
ASUR,Asure Software Inc Common Stock,$7.72,-0.17,-2.155%,222948412.00,United States,,114722,Technology,EDP Services
ASYS,Amtech Systems Inc. Common Stock,$15.85,0.07,0.444%,277503401.00,United States,,227047,Technology,Industrial Machinery/Components
ATEC,Alphatec Holdings Inc. Common Stock,$10.05,-0.07,-0.692%,1552233314.00,United States,2006,1706630,Health Care,Medical/Dental Instruments
ATEN,A10 Networks Inc. Common Stock,$25.50,-0.23,-0.894%,1851530036.00,United States,2014,2125861,Telecommunications,Computer Communications Equipment
ATER,Aterian Inc. Common Stock,$0.6485,-0.0155,-2.334%,11651541.00,United States,2019,106361,Consumer Discretionary,Home Furnishings
ATEX,Anterix Inc. Common Stock,$81.75,0.33,0.405%,1603100006.00,United States,2015,188827,Telecommunications,Telecommunications Equipment
ATHR,Aether Holdings Inc. Common Stock,$3.4898,-0.2102,-5.681%,42708378.00,United States,2025,2527,Technology,Computer Software: Prepackaged Software
ATI,ATI Inc. Common Stock,$180.67,-4.81,-2.593%,24601903097.00,United States,,1570901,Industrials,Steel/Iron Ore
ATII,Archimedes Tech SPAC Partners II Co. Ordinary Shares,$10.685,-0.005,-0.047%,0.00,United States,2025,317658,,
ATIIW,Archimedes Tech SPAC Partners II Co. Warrant,$1.30,-0.05,-3.704%,0.00,United States,2025,59049,Finance,Blank Checks
ATKR,Atkore Inc. Common Stock,$94.60,0.03,0.032%,3194883230.00,United States,2016,2031941,Miscellaneous,Industrial Machinery/Components
ATLC,Atlanticus Holdings Corporation Common Stock,$87.10,-5.40,-5.838%,1321310310.00,United States,1995,77706,Finance,Finance: Consumer Services
ATLCL,Atlanticus Holdings Corporation 6.125% Senior Notes due 2026,$25.255,0.025,0.099%,381993214.00,United States,,6333,Finance,Finance: Consumer Services
ATLCP,Atlanticus Holdings Corporation 7.625% Series B Cumulative Perpetual Preferred Stock no par value per share,$24.00,0.042,0.175%,364080912.00,United States,,503,Finance,Finance: Consumer Services
ATLCZ,Atlanticus Holdings Corporation 9.25% Senior Notes due 2029,$25.50,-0.09,-0.352%,385698950.00,United States,,36518,Finance,Finance: Consumer Services
ATLO,Ames National Corporation Common Stock,$31.79,-0.03,-0.094%,281571024.00,United States,,15928,Finance,Major Banks
ATLQ,JAB Acquisition Corp I Class A Ordinary Shares,$9.98,0.00,0.00%,0.00,United States,2026,994,Finance,Blank Checks
ATLX,Atlas Lithium Corporation Common Stock,$2.52,-0.18,-6.667%,75851509.00,United States,,361052,Industrials,Mining & Quarrying of Nonmetallic Minerals (No Fuels)
ATMU,Atmus Filtration Technologies Inc. Common Stock,$44.04,-0.67,-1.499%,3593467009.00,United States,2023,676174,Consumer Discretionary,Auto Parts:O.E.M.
ATNI,ATN International Inc. Common Stock,$28.57,-0.05,-0.175%,440073909.00,United States,,71398,Telecommunications,Telecommunications Equipment
ATNM,Actinium Pharmaceuticals Inc. (Delaware) Common Stock,$1.18,-0.02,-1.667%,37100894.00,United States,,75383,Health Care,Biotechnology: Pharmaceutical Preparations
ATO,Atmos Energy Corporation Common Stock,$157.05,-0.16,-0.102%,26539652249.00,United States,,1040058,Utilities,Oil/Gas Transmission
ATOM,Atomera Incorporated Common Stock,$4.15,-0.20,-4.598%,161949774.00,United States,2016,338823,Technology,Semiconductors
ATOS,Atossa Therapeutics Inc. Common Stock,$1.96,0.06,3.158%,19559424.00,United States,2012,152947,Health Care,Biotechnology: Pharmaceutical Preparations
ATR,AptarGroup Inc. Common Stock,$124.45,0.58,0.468%,7912671504.00,United States,,713369,Industrials,Plastic Products
ATRA,Atara Biotherapeutics Inc. Common Stock,$8.37,-0.44,-4.994%,84015633.00,United States,2014,23537,Health Care,Biotechnology: Biological Products (No Diagnostic Substances)
ATRC,AtriCure Inc. Common Stock,$58.41,0.03,0.051%,2971100233.00,United States,2005,1161841,Health Care,Medical/Dental Instruments
ATRO,Astronics Corporation Common Stock,$67.65,-1.57,-2.268%,2909563180.00,United States,,529718,Industrials,Military/Government/Technical
ATTO,Attovia Therapeutics Inc. Common Stock,$17.65,-0.13,-0.731%,805744774.00,United States,2026,403127,Health Care,Biotechnology: Biological Products (No Diagnostic Substances)
ATYR,aTyr Pharma Inc. Common Stock,$0.2977,-0.0073,-2.393%,29200626.00,United States,2015,4132573,Health Care,Biotechnology: Biological Products (No Diagnostic Substances)
AUB,Atlantic Union Bankshares Corporation Common Stock,$38.55,-0.23,-0.593%,5505514241.00,United States,,1112526,Finance,Major Banks
AUB^A,Atlantic Union Bankshares Corporation Depositary Shares each representing a 1/400th ownership interest in a share of 6.875% Perpetual Non-Cumulative Preferred Stock Series A,$23.34,-0.24,-1.018%,,United States,,7530,,
AUBN,Auburn National Bancorporation Inc. Common Stock,$26.81,-0.415,-1.524%,93413869.00,United States,,2197,Finance,Major Banks
AUC,ATIF Holdings Limited Ordinary Shares,$9.28,0.80,9.434%,205351348.00,United States,2019,6856,Consumer Discretionary,Professional Services
AUGO,Aura Minerals Inc. Common Shares,$77.72,-5.85,-7.00%,6512098412.00,United States,,1158456,Basic Materials,Metal Mining
AUID,authID Inc. Common Stock,$0.3707,-0.0932,-20.091%,6198230.00,United States,,292396,Technology,Computer Software: Prepackaged Software
AUR,Aurora Innovation Inc. Class A Common Stock,$5.29,-0.75,-12.417%,10601981368.00,United States,2021,46517700,Technology,EDP Services
AURA,Aura Biosciences Inc. Common Stock,$6.15,0.15,2.50%,637784575.00,United States,2021,483671,Health Care,Biotechnology: Biological Products (No Diagnostic Substances)
AUROW,Aurora Innovation Inc. Warrant,$0.035,-0.0041,-10.486%,70145434.00,United States,2021,42380,Technology,EDP Services
AUUD,Auddia Inc. Common Stock,$1.21,0.07,6.14%,7021691.00,United States,2021,254904,Technology,EDP Services
AVA,Avista Corporation Common Stock,$34.79,-0.32,-0.911%,2913760956.00,United States,,620192,Utilities,Power Generation
AVAH,Aveanna Healthcare Holdings Inc. Common Stock,$12.69,0.28,2.256%,2769207942.00,United States,2021,2074777,Health Care,Medical/Nursing Services
AVAT,Avalanche Treasury Corporation Class A Common Stock,$1.67,-0.17,-9.239%,73013141.00,United States,,2376672,Finance,Finance: Consumer Services
AVAV,AeroVironment Inc. Common Stock,$147.23,-4.82,-3.17%,7482331955.00,United States,2007,1097037,Industrials,Aerospace
AVBC,Avidia Bancorp Inc. Common Stock,$21.71,0.03,0.138%,433555343.00,United States,2025,87506,Finance,Banks
AVBH,Avidbank Holdings Inc. Common stock,$31.41,0.00,0.00%,344991107.00,United States,,44685,Finance,Commercial Banks
AVBP,ArriVent BioPharma Inc. Common Stock,$29.30,0.85,2.988%,1444716460.00,United States,2024,1016635,Health Care,Biotechnology: Pharmaceutical Preparations
AVD,American Vanguard Corporation Common Stock ($0.10 Par Value),$1.79,-0.08,-4.278%,52806131.00,United States,1998,377135,Industrials,Agricultural Chemicals
AVGO,Broadcom Inc. Common Stock,$349.57,-3.24,-0.918%,1668717791908.00,United States,2009,21528239,Technology,Semiconductors
AVIR,Atea Pharmaceuticals Inc. Common Stock,$5.20,0.03,0.58%,417064435.00,United States,2020,238382,Health Care,Biotechnology: Pharmaceutical Preparations
AVK,Advent Convertible and Income Fund,$11.40,-0.22,-1.893%,0.00,United States,2003,232961,Finance,Trusts Except Educational Religious and Charitable
AVLN,Avalyn Pharma Inc. Common Stock,$28.32,0.24,0.855%,1255513250.00,United States,2026,205871,Health Care,Biotechnology: Pharmaceutical Preparations
AVNT,Avient Corporation Common Stock,$41.19,-0.09,-0.218%,3777928265.00,United States,,783954,Industrials,Major Chemicals
AVNW,Aviat Networks Inc. Common Stock,$19.81,-0.28,-1.394%,254729480.00,United States,,91853,Technology,Radio And Television Broadcasting And Communications Equipment
AVO,Mission Produce Inc. Common Stock,$13.10,-0.04,-0.304%,1148587092.00,United States,2020,785000,Consumer Staples,Farming/Seeds/Milling
AVPT,AvePoint Inc. Class A Common Stock,$13.67,0.67,5.154%,2892099373.00,United States,2019,3553090,Technology,Computer Software: Prepackaged Software
AVR,Anteris Technologies Global Corp. Common Stock,$7.74,0.05,0.65%,754328589.00,United States,2024,707198,Health Care,Industrial Specialties
AVT,Avnet Inc. Common Stock,$101.45,-1.625,-1.577%,8326303720.00,United States,,1031939,Technology,Electronic Components
AVTR,Avantor Inc. Common Stock,$15.29,0.04,0.262%,10341526664.00,United States,2019,9436708,Industrials,Biotechnology: Laboratory Analytical Instruments
AVTX,Avalo Therapeutics Inc. Common Stock,$15.08,-0.39,-2.521%,808740234.00,United States,2015,749664,Health Care,Biotechnology: Pharmaceutical Preparations
AVXL,Anavex Life Sciences Corp. Common Stock,$2.35,-0.03,-1.261%,217837579.00,United States,,522554,Health Care,Biotechnology: Biological Products (No Diagnostic Substances)
AVY,Avery Dennison Corporation Common Stock,$171.89,1.55,0.91%,13027223728.00,United States,,643997,Consumer Discretionary,Containers/Packaging
AWF,Alliancebernstein Global High Income Fund,$9.70,-0.07,-0.716%,0.00,United States,1993,280762,Finance,Trusts Except Educational Religious and Charitable
AWI,Armstrong World Industries Inc Common Stock,$164.75,1.94,1.192%,6962800584.00,United States,,410264,Industrials,Plastic Products
AWK,American Water Works Company Inc. Common Stock,$128.93,-1.98,-1.512%,25622128552.00,United States,2008,1744517,Utilities,Water Supply
AWP,abrdn Global Premier Properties Fund Common Shares of Beneficial Interest,$10.50,-0.06,-0.568%,0.00,United States,2007,157882,Finance,Trusts Except Educational Religious and Charitable
AWR,American States Water Company Common Stock,$81.35,-1.45,-1.751%,3224358175.00,United States,,225556,Utilities,Water Supply
AWRE,Aware Inc. Common Stock,$1.10,-0.08,-6.78%,23993901.00,United States,1996,30298,Technology,Computer Software: Prepackaged Software
AWX,Avalon Holdings Corporation Common Stock,$2.56,-0.0263,-1.017%,9982543.00,United States,1998,2001,Utilities,Environmental Services
AX,Axos Financial Inc. Common Stock,$87.72,-0.80,-0.904%,4987584023.00,United States,2018,356369,Finance,Savings Institutions
AXGN,Axogen Inc. Common Stock,$43.36,-0.03,-0.069%,2543996804.00,United States,,885873,Health Care,Biotechnology: Electromedical & Electrotherapeutic Apparatus
AXON,Axon Enterprise Inc. Common Stock,$424.75,-5.36,-1.246%,34505592021.00,United States,2001,939772,Industrials,Ordnance And Accessories
AXP,American Express Company Common Stock,$306.33,-2.56,-0.829%,206867661143.00,United States,,3547142,Finance,Finance: Consumer Services
AXR,AMREP Corporation Common Stock,$22.28,-0.09,-0.402%,118637636.00,United States,,1915,Real Estate,Homebuilding
AXSM,Axsome Therapeutics Inc. Common Stock,$193.89,-1.20,-0.615%,10156116802.00,United States,2015,707486,Health Care,Biotechnology: Pharmaceutical Preparations
AXTA,Axalta Coating Systems Ltd. Common Shares,$32.68,-0.21,-0.638%,6994173502.00,United States,2014,1300134,Consumer Discretionary,Paints/Coatings
AXTI,AXT Inc Common Stock,$73.67,-5.27,-6.676%,4830778528.00,United States,1998,7016366,Technology,Semiconductors
AYI,Acuity Inc. Common Stock,$305.91,-13.51,-4.23%,9157583183.00,United States,,639147,Consumer Discretionary,Building Products
AYTU,Aytu BioPharma Inc.  Common Stock,$2.17,-0.11,-4.825%,23580756.00,United States,,16846,Health Care,Biotechnology: Pharmaceutical Preparations
AZIO,Azio AI Holdings Inc. Common Stock,$1.27,-0.01,-0.781%,21853967.00,United States,,66392,Consumer Discretionary,Auto Parts:O.E.M.
AZO,AutoZone Inc. Common Stock,$2913.28,41.12,1.432%,47560330214.00,United States,,437211,Consumer Discretionary,Auto & Home Supply Stores
AZTA,Azenta Inc.,$34.25,0.23,0.676%,1500437460.00,United States,,737010,Technology,Industrial Machinery/Components
AZZ,AZZ Inc.,$135.13,-2.04,-1.487%,4060859330.00,United States,,223645,Industrials,Industrial Specialties
BA,Boeing Company (The) Common Stock,$184.39,-13.68,-6.907%,145736327988.00,United States,,18053665,Industrials,Aerospace
BA^A,Boeing Company (The) Depositary Shares each representing a 1/20th interest in a share of 6.00% Series A Mandatory Convertible Preferred Stock par value $1.00,$58.53,-3.30,-5.337%,,United States,,1487613,,
BAC,Bank of America Corporation Common Stock,$55.47,-1.23,-2.169%,387887751807.00,United States,,29170542,Finance,Major Banks
BAC^B,Bank of America Corporation Depositary Shares each representing a 1/1000th interest in a share of 6.000% Non-Cumulative Preferred Stock Series GG,$22.67,-0.13,-0.57%,,United States,,457897,,
BAC^E,Bank of America Corporation Depositary Sh repstg 1/1000th Perp Pfd Ser E,$18.72,0.08,0.429%,,United States,,14949,,
BAC^K,Bank of America Corporation Depositary Shares each representing a 1/1000th interest in a share of 5.875% Non- Cumulative Preferred Stock Series HH,$22.01,-0.18,-0.811%,,United States,,88887,,
BAC^L,Bank of America Corporation Non Cumulative Perpetual Conv Pfd Ser L,$1230.42,-6.13,-0.496%,,United States,,43794,,
BAC^M,Bank of America Corporation Depositary Shares each representing a 1/1000th interest in a share of 5.375% Non-Cumulative Preferred Stock Series KK,$19.48,-0.18,-0.916%,,United States,,146793,,
BAC^N,Bank of America Corporation Depositary shares each representing 1/1000th interest in a share of 5.000% Non-Cumulative Preferred Stock Series LL,$18.28,-0.18,-0.975%,,United States,,111435,,
BAC^O,Bank of America Corporation Depositary shares each representing 1/1000th interest in a share of 4.375% Non-Cumulative Preferred Stock Series NN,$16.01,-0.18,-1.112%,,United States,,86564,,
BAC^P,Bank of America Corporation Depositary Shares each representing a 1/1000th interest in a share of 4.125% Non-Cumulative Preferred Stock Series PP,$15.57,-0.11,-0.702%,,United States,,192819,,
BAC^Q,Bank of America Corporation Depositary shares each representing 1/1000th interest in a share of 4.250% Non-Cumulative Preferred Stock Series QQ,$15.58,-0.12,-0.764%,,United States,,261555,,
BAC^S,Bank of America Corporation Depositary shares each representing 1/1000th interest in a share of 4.750% Non-Cumulative Preferred Stock Series SS,$17.43,-0.09,-0.514%,,United States,,56545,,
BACC,Blue Acquisition Corp. Class A Ordinary Shares,$10.48,-0.015,-0.143%,0.00,United States,2025,437400,Finance,Blank Checks
BACCU,Blue Acquisition Corp. Unit,$10.91,0.03,0.276%,0.00,United States,2025,289,Finance,Blank Checks
BAER,Bridger Aerospace Group Holdings Inc. Common Stock,$0.75,-0.0432,-5.446%,44119605.00,United States,,648296,Industrials,Aerospace
BAFN,BayFirst Financial Corp. Common Stock,$6.44,-0.355,-5.224%,173640529.00,United States,,73873,Finance,Major Banks
BAH,Booz Allen Hamilton Holding Corporation Common Stock,$70.25,-2.70,-3.701%,8450019353.00,United States,2010,2061956,Consumer Discretionary,Professional Services
BALL,Ball Corporation Common Stock,$57.13,0.30,0.528%,15122502785.00,United States,,2014544,Industrials,Containers/Packaging
BALY,Bally's Corporation Common Stock,$14.00,0.00,0.00%,706573308.00,United States,2024,147211,Consumer Discretionary,Hotels/Resorts
BANC,Banc of California Inc. Common Stock,$17.66,-0.28,-1.561%,2789406342.00,United States,,1955269,Finance,Major Banks
BANC^F,Banc of California Inc. Depositary Shares each representing a 1/40th interest in a share of 7.75% non-cumulative perpetual preferred stock Series F,$24.80,0.08,0.324%,,United States,,298373,,
BAND,Bandwidth Inc. Class A Common Stock,$61.01,-0.80,-1.294%,1963349876.00,United States,2017,716158,Technology,Computer Software: Prepackaged Software
BANF,BancFirst Corporation Common Stock,$107.29,-1.42,-1.306%,3604809351.00,United States,1993,158315,Finance,Major Banks
BANFP,BancFirst Corporation - BFC Capital Trust II Cumulative Trust Preferred Securities,$26.86,0.00,0.00%,902462291.00,United States,,85,Finance,Major Banks
BANR,Banner Corporation Common Stock,$68.17,-0.86,-1.246%,2497712806.00,United States,,238269,Finance,Major Banks
BANX,ArrowMark Financial Corp. Common Stock,$19.74,-0.18,-0.904%,140205837.00,United States,,65821,Finance,Trusts Except Educational Religious and Charitable
BARK,BARK Inc. Class A Common Stock,$8.19,0.03,0.368%,73984013.00,United States,2020,34390,Consumer Discretionary,Other Specialty Stores
BATL,Battalion Oil Corporation Common Stock,$1.06,0.01,0.952%,60719084.00,United States,,2761550,Energy,Oil & Gas Production
BATRA,Atlanta Braves Holdings Inc. Series A Common Stock,$59.61,0.58,0.983%,3825048340.00,United States,,56998,Consumer Discretionary,Services-Misc. Amusement & Recreation
BATRK,Atlanta Braves Holdings Inc. Series C Common Stock,$54.29,0.03,0.055%,3483675128.00,United States,,482959,Consumer Discretionary,Services-Misc. Amusement & Recreation
BAX,Baxter International Inc. Common Stock,$23.49,0.12,0.513%,12144236017.00,United States,,6171735,Health Care,Medical/Dental Instruments
BBAI,BigBear.ai Inc. Common Stock,$2.66,-0.14,-5.00%,1275455351.00,United States,2021,12745211,Technology,Computer Software: Prepackaged Software
BBBYW,Neighborhood Intelligence Inc. Warrants,$0.5874,0.0624,11.886%,56095339.00,United States,,170066,Consumer Discretionary,Catalog/Specialty Distribution
BBCP,Concrete Pumping Holdings Inc. Common Stock,$9.90,0.13,1.331%,498894858.00,United States,2017,144610,Consumer Discretionary,Engineering & Construction
BBDC,Barings BDC Inc. Common Stock,$8.64,-0.03,-0.346%,904667478.00,United States,,426617,Finance,Diversified Financial Services
BBGI,Beasley Broadcast Group Inc. Class A Common Stock,$14.59,-0.70,-4.578%,27031637.00,United States,2000,60798,Consumer Discretionary,Broadcasting
BBIO,BridgeBio Pharma Inc. Common Stock,$66.61,1.04,1.586%,13021420643.00,United States,2019,2969334,Health Care,Biotechnology: Pharmaceutical Preparations
BBLG,Bone Biologics Corp Common Stock,$0.4963,0.0003,0.06%,1367831.00,United States,,33446,Health Care,Industrial Specialties
BBN,BlackRock Taxable Municipal Bond Trust Common Shares of Beneficial Interest,$14.32,-0.15,-1.037%,0.00,United States,2010,302070,Finance,Finance Companies
BBNX,Beta Bionics Inc. Common Stock,$20.52,-0.99,-4.603%,1080211029.00,United States,2025,1760547,Health Care,Medical/Dental Instruments
BBOT,BridgeBio Oncology Therapeutics Inc. Common Stock  ,$3.81,-0.14,-3.544%,305463957.00,United States,2024,476634,Health Care,Biotechnology: Pharmaceutical Preparations
BBSI,Barrett Business Services Inc. Common Stock,$30.85,-0.29,-0.931%,747655303.00,United States,1993,513108,Consumer Discretionary,Professional Services
BBT,Beacon Financial Corporation Common stock,$27.81,-0.38,-1.348%,2330925352.00,United States,,1416671,Finance,Banks
BBW,Build-A-Bear Workshop Inc. Common Stock,$25.36,-0.41,-1.591%,312418336.00,United States,2004,460445,Consumer Discretionary,Recreational Games/Products/Toys
BBWI,Bath & Body Works Inc.,$16.19,-0.26,-1.581%,3264637617.00,United States,,8833300,Consumer Discretionary,Other Specialty Stores
BBY,Best Buy Co. Inc. Common Stock,$89.91,-0.60,-0.663%,18856617327.00,United States,,2687883,Consumer Discretionary,Consumer Electronics/Video Chains
BC,Brunswick Corporation Common Stock,$66.13,-1.06,-1.578%,4285053914.00,United States,,805071,Industrials,Industrial Machinery/Components
BC^C,Brunswick Corporation 6.375% Notes due 2049,$23.45,-0.52,-2.169%,,United States,,7595,,
BCAL,California BanCorp Common Stock,$21.59,-0.05,-0.231%,694130180.00,United States,,139045,Finance,Major Banks
BCAT,BlackRock Capital Allocation Term Trust Common Shares of Beneficial Interest,$13.56,-0.14,-1.022%,1466310600.00,United States,2020,838103,Finance,Finance/Investors Services
BCAX,Bicara Therapeutics Inc. Common Stock,$18.80,-0.41,-2.134%,1244051159.00,United States,2024,775266,Health Care,Biotechnology: Pharmaceutical Preparations
BCBP,BCB Bancorp Inc. (NJ) Common Stock,$8.55,-0.20,-2.286%,356978078.00,United States,2005,279088,Finance,Savings Institutions
BCC,Boise Cascade L.L.C. Common Stock,$76.59,-0.55,-0.713%,2672328573.00,United States,2013,467591,Consumer Discretionary,RETAIL: Building Materials
BCCQ,Bleichroeder Acquisition Corp. III Class A Ordinary Shares,$9.96,-0.0047,-0.047%,0.00,United States,2026,11830,Finance,Blank Checks
BCCQU,Bleichroeder Acquisition Corp. III Units,$10.299,0.049,0.478%,0.00,United States,2026,243,Finance,Blank Checks
BCCQW,Bleichroeder Acquisition Corp. III Warrant,$0.83,-0.045,-5.143%,0.00,United States,2026,2808,Finance,Blank Checks
BCDA,BioCardia Inc. Common Stock,$1.04,-0.01,-0.952%,15744333.00,United States,,159208,Health Care,Biotechnology: Biological Products (No Diagnostic Substances)
BCG,Binah Capital Group Inc. Common Stock,$1.15,0.00,0.00%,19619151.00,United States,,19919,Finance,Finance: Consumer Services
BCGWW,Binah Capital Group Inc. Warrants,$0.0675,-0.005,-6.897%,1151559.00,United States,,1365,Finance,Finance: Consumer Services
BCIC,BCP Investment Corporation Common Stock,$6.785,-0.155,-2.233%,84023079.00,United States,2006,34706,Finance,Finance: Consumer Services
BCML,BayCom Corp Common Stock,$30.87,0.00,0.00%,337104012.00,United States,2018,76823,Finance,Major Banks
BCO,Brinks Company (The) Common Stock,$104.75,-2.07,-1.938%,4314614162.00,United States,,431824,Industrials,Integrated Freight & Logistics
BCPC,Balchem Corporation Common Stock,$168.68,0.79,0.471%,5377184582.00,United States,,172580,Industrials,Major Chemicals
BCRX,BioCryst Pharmaceuticals Inc. Common Stock,$8.47,-0.12,-1.397%,2164382339.00,United States,1994,4355004,Health Care,Biotechnology: Biological Products (No Diagnostic Substances)
BCSF,Bain Capital Specialty Finance Inc. Common Stock,$11.13,0.05,0.451%,721986483.00,United States,2018,564343,Finance,Finance/Investors Services
BCV,Bancroft Fund Ltd.,$23.05,-0.74,-3.111%,0.00,United States,1972,7554,Finance,Finance/Investors Services
BCV^A,Bancroft Fund Limited 5.375% Series A Cumulative Preferred Shares,$19.15,-0.3699,-1.895%,,United States,,3746,,
BCX,BlackRock Resources Common Shares of Beneficial Interest,$11.98,-0.09,-0.746%,1016598960.00,United States,2011,174775,Finance,Finance/Investors Services
BDC,Belden Inc Common Stock,$109.82,-2.63,-2.339%,4291566936.00,United States,,407110,Industrials,Telecommunications Equipment
BDCI,BTC Development Corp. Class A Ordinary Shares,$10.15,-0.005,-0.049%,0.00,United States,2025,4288,Finance,Blank Checks
BDCIU,BTC Development Corp. Unit,$10.30,0.00,0.00%,0.00,United States,2025,7,Finance,Blank Checks
BDJ,Blackrock Enhanced Equity Dividend Trust,$9.44,-0.17,-1.769%,1670775764.00,United States,2005,647426,Finance,Finance Companies
BDL,Flanigan's Enterprises Inc. Common Stock,$44.70,-0.42,-0.931%,83081521.00,United States,1972,39727,Consumer Discretionary,Restaurants
BDN,Brandywine Realty Trust Common Stock,$2.82,-0.04,-1.399%,492306850.00,United States,,1689151,Real Estate,Real Estate Investment Trusts
BDSX,Biodesix Inc. Common Stock,$30.42,1.32,4.536%,320965010.00,United States,2020,204746,Health Care,Medical Specialities
BDTX,Black Diamond Therapeutics Inc. Common Stock,$1.83,-0.05,-2.66%,105140357.00,United States,2020,648352,Health Care,Biotechnology: Biological Products (No Diagnostic Substances)
BDX,Becton Dickinson and Company Common Stock,$183.83,0.01,0.005%,50072865444.00,United States,,1885643,Health Care,Medical/Dental Instruments
BE,Bloom Energy Corporation Class A Common Stock,$262.87,-25.83,-8.947%,77422403443.00,United States,2018,15575087,Energy,Industrial Machinery/Components
BEAG,Bold Eagle Acquisition Corp. Class A Ordinary Shares,$10.69,-0.02,-0.187%,0.00,United States,2024,14054079,,
BEAGR,Bold Eagle Acquisition Corp. Right,$0.26,0.0165,6.776%,0.00,United States,2024,7330706,,
BEAGU,Bold Eagle Acquisition Corp. Units,$11.22,0.00,0.00%,0.00,United States,2024,24,,
BEAM,Beam Therapeutics Inc. Common Stock,$24.23,-0.04,-0.165%,2502660123.00,United States,2020,1274547,Health Care,Biotechnology: Biological Products (No Diagnostic Substances)
BEAT,Heartbeam Inc. Common Stock,$0.373,0.0132,3.669%,21018241.00,United States,2021,485006,Health Care,Medical/Dental Instruments
BEATW,Heartbeam Inc. Warrant,$0.007,0.00,0.00%,394444.00,United States,2021,812,Health Care,Medical/Dental Instruments
BEEM,Beam Global Common Stock,$1.14,-0.05,-4.202%,25801979.00,United States,,206987,Miscellaneous,Industrial Machinery/Components
BEEP,Mobile Infrastructure Corporation Common Stock,$2.83,-0.04,-1.394%,116879000.00,United States,,21659,Finance,Real Estate
BELFA,Bel Fuse Inc. Class A Common Stock,$200.50,-2.60,-1.28%,2895109725.00,United States,,130875,,
BELFB,Bel Fuse Inc. Class B Common Stock,$248.07,-4.62,-1.828%,3581994362.00,United States,,171318,,
BEN,Franklin Templeton Inc. Common Stock,$32.68,-0.34,-1.03%,16603953419.00,United States,,3694397,Finance,Investment Managers
BENF,Beneficient Class A Common Stock,$1.42,-0.04,-2.74%,21947125.00,United States,,2979503,Finance,Finance: Consumer Services
BENFW,Beneficient Warrant,$0.0086,-0.0023,-21.101%,132919.00,United States,,400849,Finance,Finance: Consumer Services
BEPC,Brookfield Renewable Corporation Brookfield Renewable Corporation Class A Subordinate Voting Shares,$27.97,-0.50,-1.756%,10541507965.00,United States,,2021974,Utilities,Electric Utilities: Central
BETA,Beta Technologies Inc. Class A Common Stock,$22.88,-0.97,-4.067%,5352571453.00,United States,2025,1928466,Industrials,Aerospace
BF/A,Brown Forman Corporation,$26.57,-0.12,-0.45%,,United States,,143608,,
BF/B,Brown Forman Corporation,$26.03,-0.13,-0.497%,,United States,,2041871,,
BFAM,Bright Horizons Family Solutions Inc. Common Stock,$63.73,-2.13,-3.234%,3099528051.00,United States,2013,754847,Consumer Discretionary,Other Consumer Services
BFC,Bank First Corporation Common Stock,$151.06,-1.07,-0.703%,1674591793.00,United States,,56818,Finance,Major Banks
BFH,Bread Financial Holdings Inc. Common Stock,$101.25,-1.66,-1.613%,3889950885.00,United States,,506189,Consumer Discretionary,Business Services
BFH^A,Bread Financial Holdings Inc. Depositary Shares each representing a 1/40th interest in a share of 8.625% Non-Cumulative Perpetual Preferred Stock Series A,$24.26,0.01,0.041%,,United States,,31141,,
BFH^B,Bread Financial Holdings Inc. Depositary Shares each representing a 1/40th interest in a share of 8.875% Fixed Rate Reset Non-Cumulative Perpetual Preferred Stock Series B,$24.37,-0.30,-1.216%,,United States,,56188,,
BFLY,Butterfly Network Inc. Class A Common Stock,$9.15,-0.24,-2.556%,2436509424.00,United States,2020,3873888,Health Care,Medical Electronics
BFRG,Bullfrog AI Holdings Inc. Common Stock,$0.6565,-0.0091,-1.367%,12172594.00,United States,2023,850335,Health Care,Biotechnology: Pharmaceutical Preparations
BFRGW,Bullfrog AI Holdings Inc. Warrants,$0.1535,-0.0365,-19.211%,2846143.00,United States,2023,6039,Health Care,Biotechnology: Pharmaceutical Preparations
BFRI,Biofrontera Inc. Common Stock,$1.13,-0.05,-4.237%,16783166.00,United States,2021,384509,Health Care,Biotechnology: Pharmaceutical Preparations
BFRIW,Biofrontera Inc. Warrants,$0.0135,-0.0065,-32.50%,200507.00,United States,2021,196,Health Care,Biotechnology: Pharmaceutical Preparations
BFS,Saul Centers Inc. Common Stock,$30.21,0.21,0.70%,746703621.00,United States,1993,156006,Real Estate,Real Estate Investment Trusts
BFS^D,Saul Centers Inc. Depositary Shares each representing 1/100th of a share of 6.125% Series D Cumulative Redeemable Preferred Stock,$19.00,0.005,0.026%,,United States,,5779,,
BFS^E,Saul Centers Inc. Depositary shares each representing a 1/100th fractional interest in a share of 6.000% Series E Cumulative Redeemable Preferred Stock,$18.45,-0.31,-1.652%,,United States,,22261,,
BFST,Business First Bancshares Inc. Common Stock,$30.67,-0.19,-0.616%,998304912.00,United States,,217090,Finance,Major Banks
BG,Bunge Limited Common Shares,$109.06,0.06,0.055%,20952511554.00,United States,,1835084,Consumer Staples,Packaged Foods
BGB,Blackstone Strategic Credit 2027 Term Fund Common Shares of Beneficial Interest,$11.08,-0.03,-0.27%,0.00,United States,2012,123819,Finance,Trusts Except Educational Religious and Charitable
BGC,BGC Group Inc. Class A Common Stock,$11.77,-0.07,-0.591%,5596240964.00,United States,,2670642,Finance,Investment Bankers/Brokers/Service
BGH,Barings Global Short Duration High Yield Fund Common Shares of Beneficial Interests,$13.07,-0.09,-0.684%,0.00,United States,2012,90849,Finance,Investment Managers
BGMS,Bio Green Med Solution Inc. Common Stock,$0.9035,-0.0165,-1.793%,5983694.00,United States,,7033,Health Care,Biotechnology: Pharmaceutical Preparations
BGR,BlackRock Energy and Resources Trust,$17.12,0.06,0.352%,2321235641.00,United States,2004,282057,Finance,Trusts Except Educational Religious and Charitable
BGS,B&G Foods Inc. Common Stock,$3.06,-0.04,-1.29%,248703553.00,United States,,1793689,Consumer Staples,Packaged Foods
BGSF,BGSF Inc. Common Stock,$4.91,-0.09,-1.80%,52437646.00,United States,,4212,Consumer Discretionary,Professional Services
BGT,BlackRock Floating Rate Income Trust,$10.36,-0.13,-1.239%,0.00,United States,2004,159045,Finance,Trusts Except Educational Religious and Charitable
BGY,Blackrock Enhanced International Dividend Trust,$5.73,-0.04,-0.693%,0.00,United States,2007,293093,Finance,Trusts Except Educational Religious and Charitable
BH,Biglari Holdings Inc. Class B Common Stock,$342.06,-2.75,-0.798%,795819693.00,United States,2018,56901,Consumer Discretionary,Restaurants
BHAV,BHAV Acquisition Corp Class A Ordinary Shares,$10.02,-0.015,-0.149%,0.00,United States,2026,2147,Finance,Blank Checks
BHB,Bar Harbor Bankshares Inc. Common Stock,$39.21,0.25,0.642%,657397997.00,United States,1997,92967,Finance,Major Banks
BHE,Benchmark Electronics Inc. Common Stock,$82.79,0.27,0.327%,2973811253.00,United States,,477590,Technology,Electrical Products
BHF,Brighthouse Financial Inc. Common Stock,$52.04,-1.20,-2.254%,2992901739.00,United States,,1280309,Finance,Life Insurance
BHFAL,Brighthouse Financial Inc. 6.25% Junior Subordinated Debentures due 2058,$15.46,-0.1701,-1.088%,889128764.00,United States,,13361,Finance,Life Insurance
BHFAM,Brighthouse Financial Inc. Depositary shares each representing a 1/1000th Interest in a Share of 4.625% Non-Cumulative Preferred Stock Series D,$10.30,-0.19,-1.811%,592369099.00,United States,,98321,Finance,Life Insurance
BHFAN,Brighthouse Financial Inc. Depositary shares each representing a 1/1000th interest in a share of 5.375% Non-Cumulative Preferred Stock Series C,$11.72,-0.15,-1.264%,674035518.00,United States,,62173,Finance,Life Insurance
BHFAO,Brighthouse Financial Inc. Depositary Shares 6.75% Non-Cumulative Preferred Stock Series B,$14.56,-0.21,-1.422%,837368357.00,United States,,37699,Finance,Life Insurance
BHFAP,Brighthouse Financial Inc. Depositary Shares 6.6% Non-Cumulative Preferred Stock Series A,$14.28,-0.15,-1.04%,821265120.00,United States,,55231,Finance,Life Insurance
BHK,Blackrock Core Bond Trust,$8.25,-0.12,-1.434%,0.00,United States,2001,334576,Finance,Finance Companies
BHR,Braemar Hotels & Resorts Inc. Common Stock,$1.66,-0.03,-1.775%,114007668.00,United States,2013,577334,Real Estate,Real Estate Investment Trusts
BHR^B,Braemar Hotels & Resorts Inc. 5.50% Series B Cumulative Convertible Preferred Stock par value $0.01 per share,$12.71,-0.15,-1.166%,,United States,,13895,,
BHR^D,Braemar Hotels & Resorts Inc. 8.25% Series D Cumulative Preferred Stock  par value $0.01 per share,$16.98,0.35,2.105%,,United States,,5758,,
BHRB,Burke & Herbert Financial Services Corp. Common Stock,$69.06,-0.78,-1.117%,1394116499.00,United States,,104839,Finance,Major Banks
BHV,BlackRock Virginia Municipal Bond Trust,$12.61,-0.0501,-0.396%,0.00,United States,2002,5675,Finance,Finance/Investors Services
BHVN,Biohaven Ltd. Common Shares ,$13.27,0.28,2.156%,2004350974.00,United States,2022,2046994,Health Care,Biotechnology: Pharmaceutical Preparations
BIAF,bioAffinity Technologies Inc. Common Stock,$7.41,-0.52,-6.557%,8644691.00,United States,2022,481322,Health Care,Biotechnology: Commercial Physical & Biological Resarch
BIAFW,bioAffinity Technologies Inc. Warrant,$0.26,-0.06,-18.75%,303323.00,United States,2022,2260,Health Care,Biotechnology: Commercial Physical & Biological Resarch
BID,Tribeca Strategic Acquisition Corp. Class A Ordinary Shares,$9.91,-0.015,-0.151%,0.00,United States,2026,616,Finance,Blank Checks
BIIB,Biogen Inc. Common Stock,$228.69,1.09,0.479%,33789861803.00,United States,,1332341,Health Care,Biotechnology: Biological Products (No Diagnostic Substances)
BILL,BILL Holdings Inc. Common Stock,$41.60,-2.65,-5.989%,3547514131.00,United States,2019,2376192,Technology,Computer Software: Prepackaged Software
BIO,Bio-Rad Laboratories Inc. Class A Common Stock,$377.69,-3.31,-0.869%,10098741316.00,United States,1980,272698,Industrials,Biotechnology: Laboratory Analytical Instruments
BIO/B,Bio-Rad Laboratories Inc.,$365.08,0.00,0.00%,,United States,,11,,
BIOA,BioAge Labs Inc. Common Stock,$7.18,0.13,1.844%,329539807.00,United States,2024,800215,Health Care,Biotechnology: Pharmaceutical Preparations
BIRD,Smartbird Inc. Class A Common Stock,$2.33,0.01,0.431%,27515420.00,United States,2021,204427,Consumer Discretionary,Apparel
BIT,BlackRock Multi-Sector Income Trust Common Shares of Beneficial Interest,$11.14,-0.09,-0.801%,0.00,United States,2013,533854,Finance,Trusts Except Educational Religious and Charitable
BIVI,BioVie Inc. Class A Common Stock,$1.54,-0.065,-4.05%,13014768.00,United States,,182627,Health Care,Biotechnology: Pharmaceutical Preparations
BIVIW,BioVie Inc. Warrant,$0.28,-0.02,-6.667%,2366321.00,United States,,22496,Health Care,Biotechnology: Pharmaceutical Preparations
BIXI,Bitcoin Infrastructure Acquisition Corp Ltd. Class A Ordinary Shares,$10.15,0.00,0.00%,0.00,United States,2025,278,,
BIXIW,Bitcoin Infrastructure Acquisition Corp Ltd. Warrant,$0.3014,-0.0787,-20.705%,0.00,United States,2025,204,,
BJ,BJ's Wholesale Club Holdings Inc. Common Stock,$96.81,3.02,3.22%,12228525333.00,United States,2018,1795147,Consumer Discretionary,Department/Specialty Retail Stores
BJDX,Bluejay Diagnostics Inc. Common Stock,$0.9599,0.0386,4.19%,4288882.00,United States,2021,249244,Health Care,Medical/Dental Instruments
BJRI,BJ's Restaurants Inc. Common Stock,$60.02,-0.11,-0.183%,1276851375.00,United States,,271293,Consumer Discretionary,Restaurants
BKD,Brookdale Senior Living Inc. Common Stock,$11.04,-0.07,-0.63%,2636542462.00,United States,2005,3785918,Health Care,Hospital/Nursing Management
BKE,Buckle Inc. (The) Common Stock,$43.07,0.80,1.893%,2218640532.00,United States,,534178,Consumer Discretionary,Clothing/Shoe/Accessory Stores
BKH,Black Hills Corporation Common Stock,$69.73,-0.73,-1.036%,5317131522.00,United States,,1708402,Utilities,Electric Utilities: Central
BKHA,Black Hawk Acquisition Corporation Class A Ordinary Shares,$12.31,0.04,0.326%,0.00,United States,2024,157197,Health Care,Biotechnology: Biological Products (No Diagnostic Substances)
BKHAR,Black Hawk Acquisition Corporation Rights,$1.70,0.16,10.39%,0.00,United States,2024,5463,Health Care,Biotechnology: Biological Products (No Diagnostic Substances)
BKHAU,Black Hawk Acquisition Corporation Units,$12.50,0.21,1.709%,0.00,United States,2024,516,,
BKKT,Bakkt Inc. Class A Common Stock,$8.00,-0.50,-5.882%,360555664.00,United States,,1013935,Finance,Finance: Consumer Services
BKNG,Booking Holdings Inc. Common Stock,$163.87,-0.08,-0.049%,123128722535.00,United States,,8637853,Consumer Discretionary,Transportation Services
BKR,Baker Hughes Company Class A Common Stock,$57.12,-0.71,-1.228%,56701542936.00,United States,,7170064,Consumer Discretionary,Oil and Gas Field Machinery
BKSY,BlackSky Technology Inc. Class A Common Stock,$22.95,-0.30,-1.29%,939225216.00,United States,2019,596024,Technology,Radio And Television Broadcasting And Communications Equipment
BKT,BlackRock Income Trust Inc. (The),$9.55,0.00,0.00%,1420681598.00,United States,,154876,Finance,Investment Bankers/Brokers/Service
BKTI,BK Technologies Corporation Common Stock,$74.82,0.04,0.053%,282025685.00,United States,,74716,Technology,Radio And Television Broadcasting And Communications Equipment
BKU,BankUnited Inc. Common Stock,$43.07,-0.57,-1.306%,3067972964.00,United States,2011,834534,Finance,Savings Institutions
BKV,BKV Corporation Common Stock,$21.90,0.09,0.413%,2396688477.00,United States,2024,1455301,Energy,Oil & Gas Production
BKYI,BIO-key International Inc. Common Stock,$1.68,-0.11,-6.145%,2413058.00,United States,,93857,Technology,Computer Software: Prepackaged Software
BL,BlackLine Inc. Common Stock,$26.56,-1.43,-5.109%,1543807171.00,United States,2016,1434894,Technology,Computer Software: Prepackaged Software
BLBD,Blue Bird Corporation Common Stock,$56.98,-1.14,-1.961%,1804900702.00,United States,2014,485747,Consumer Discretionary,Construction/Ag Equipment/Trucks
BLDR,Builders FirstSource Inc. Common Stock,$58.01,-1.16,-1.96%,6241670471.00,United States,2005,1916340,Consumer Discretionary,RETAIL: Building Materials
BLFS,BioLife Solutions Inc. Common Stock,$39.15,0.66,1.715%,1914697462.00,United States,,1326591,Health Care,Biotechnology: Electromedical & Electrotherapeutic Apparatus
BLIN,Bridgeline Digital Inc. Common Stock,$0.821,-0.0106,-1.275%,10344501.00,United States,2007,7120,Technology,Computer Software: Prepackaged Software
BLK,BlackRock Inc. Common Stock,$1071.25,-15.06,-1.386%,165903693704.00,United States,1999,521705,Finance,Investment Bankers/Brokers/Service
BLKB,Blackbaud Inc. Common Stock,$42.36,-0.83,-1.922%,1922724509.00,United States,2004,321833,Technology,Computer Software: Prepackaged Software
BLLN,BillionToOne Inc. Class A Common Stock,$121.72,-1.36,-1.105%,5743606265.00,United States,2025,343808,Health Care,Medical Specialities
BLMN,Bloomin' Brands Inc. Common Stock,$7.91,0.035,0.444%,677261453.00,United States,2012,2208209,Consumer Discretionary,Restaurants
BLND,Blend Labs Inc. Class A Common Stock,$1.09,-0.02,-1.802%,257799518.00,United States,2021,1397827,Technology,Computer Software: Programming Data Processing
BLNE,Beeline Holdings Inc. Common Stock,$0.88,-0.0086,-0.968%,28976770.00,United States,,254881,Finance,Finance: Consumer Services
BLNK,Blink Charging Co. Common Stock,$0.5603,-0.019,-3.28%,81209163.00,United States,,707595,Miscellaneous,Industrial Machinery/Components
BLRK,Bluerock Acquisition Corp. Class A Ordinary Shares,$10.11,0.00,0.00%,0.00,United States,2026,6156,,
BLSM,BlossomHill Therapeutics Inc. Common Stock,$21.34,1.59,8.051%,678289958.00,United States,2026,146440,Health Care,Biotechnology: Pharmaceutical Preparations
BLTE,Belite Bio Inc American Depositary Shares,$165.93,-1.40,-0.837%,6682356854.00,United States,2022,127350,Health Care,Biotechnology: Pharmaceutical Preparations
BLUW,Blue Water Acquisition Corp. III Class A Ordinary Shares,$10.3723,0.00,0.00%,75147314.00,United States,2025,21,,
BLW,Blackrock Limited Duration Income Trust,$11.53,-0.08,-0.689%,411750747.00,United States,2003,144708,Consumer Discretionary,Other Consumer Services
BLZE,Backblaze Inc. Class A Common Stock,$13.54,0.35,2.654%,838126000.00,United States,2021,1594711,Technology,Computer Software: Prepackaged Software
BLZR,Trailblazer Acquisition Corp. Class A Ordinary Shares,$10.22,0.00,0.00%,0.00,United States,2025,34,Finance,Blank Checks
BLZRU,Trailblazer Acquisition Corp. Unit,$10.345,0.055,0.534%,0.00,United States,2025,1100,,
BLZRW,Trailblazer Acquisition Corp. Warrant,$0.33,0.0499,17.815%,0.00,United States,2025,20033,Finance,Blank Checks
BMBL,Bumble Inc. Class A Common Stock,$2.53,-0.13,-4.887%,333879834.00,United States,2021,2592111,Technology,Computer Software: Programming Data Processing
BME,Blackrock Health Sciences Trust,$44.63,-0.21,-0.468%,595052593.00,United States,2005,43721,Finance,Trusts Except Educational Religious and Charitable
BMEA,Biomea Fusion Inc. Common Stock,$1.29,-0.03,-2.273%,93504169.00,United States,2021,1456749,Health Care,Biotechnology: Pharmaceutical Preparations
BMEZ,BlackRock Health Sciences Term Trust Common Shares of Beneficial Interest,$16.83,0.02,0.119%,224394693.00,United States,2020,136751,Finance,Trusts Except Educational Religious and Charitable
BMI,Badger Meter Inc. Common Stock,$126.53,-2.95,-2.278%,3667705751.00,United States,1971,338064,Industrials,Industrial Machinery/Components
BML^G,Bank of America Corporation Depositary Shares (Each representing a 1/1200th interest in a share of Floating Rate Non-Cumulative Preferred Stock  Series 1),$18.45,-0.085,-0.459%,,United States,,23919,,
BML^H,Bank of America Corporation Depositary Shares (Each representing a 1/1200th interest in a Share of Floating Rate Non-Cumulative Preferred Stock Series 2),$18.46,-0.13,-0.699%,,United States,,25486,,
BML^J,Bank of America Corporation Depositary Shares (Each representing a 1/1200th interest in a Share of Floating Rate Non-Cumulative Preferred Stock Series 4),$19.825,0.035,0.177%,,United States,,13942,,
BML^L,Bank of America Corporation Depositary Shares (Each representing a 1/1200th Interest in a Share of Floating Rate Non-Cumulative Preferred Stock Series 5),$19.94,0.12,0.605%,,United States,,42025,,
BMNR,BitMine Immersion Technologies Inc. Common Stock,$26.84,-0.72,-2.612%,16190596415.00,United States,2025,27357106,Finance,Finance: Consumer Services
BMRA,Biomerica Inc. Common Stock,$2.3899,0.0699,3.013%,10991074.00,United States,,7141,Health Care,Biotechnology: In Vitro & In Vivo Diagnostic Substances
BMRC,Bank of Marin Bancorp Common Stock,$27.47,-0.44,-1.576%,444855993.00,United States,,137593,Finance,Major Banks
BMRN,BioMarin Pharmaceutical Inc. Common Stock,$59.46,-0.80,-1.328%,11509895710.00,United States,1999,2358044,Health Care,Biotechnology: Pharmaceutical Preparations
BMY,Bristol-Myers Squibb Company Common Stock,$63.88,1.02,1.623%,130488612225.00,United States,,14018716,Health Care,Biotechnology: Pharmaceutical Preparations
BNAI,Brand Engagement Network Inc. Common Stock,$5.97,-0.20,-3.241%,44794008.00,United States,2021,133246,Technology,EDP Services
BNAIW,Brand Engagement Network Inc. Warrant,$0.0501,-0.0149,-22.923%,375910.00,United States,2021,1500,Technology,EDP Services
BNC,CEA Industries Inc. Common Stock,$5.63,-0.48,-7.856%,231808776.00,United States,,1002978,Consumer Staples,Farming/Seeds/Milling
BNCWW,CEA Industries Inc. Warrant,$0.0124,0.00,0.00%,510556.00,United States,,90,Consumer Staples,Farming/Seeds/Milling
BNCWZ,CEA Industries Inc. Warrant,$0.1462,-0.0527,-26.496%,6019617.00,United States,,34509,Consumer Staples,Farming/Seeds/Milling
BNED,Barnes & Noble Education Inc Common Stock,$11.18,-0.15,-1.324%,387554476.00,United States,2015,180753,Consumer Discretionary,Other Specialty Stores
BNGO,Bionano Genomics Inc. Common Stock,$1.68,0.02,1.205%,19785360.00,United States,2018,466174,Industrials,Biotechnology: Laboratory Analytical Instruments
BNKK,Bonk Inc. Common Stock,$1.87,0.34,22.222%,14961758.00,United States,2020,9080195,Consumer Discretionary,Package Goods/Cosmetics
BNL,Broadstone Net Lease Inc. Common Stock,$18.84,-0.07,-0.37%,3615263574.00,United States,2020,1223380,Real Estate,Real Estate Investment Trusts
BNTC,Benitec Biopharma Inc. Common Stock,$10.02,0.43,4.484%,349524915.00,United States,2015,152796,Health Care,Biotechnology: Pharmaceutical Preparations
BNY,The Bank of New York Mellon Corporation Common Stock,$148.44,-1.71,-1.139%,100717154838.00,United States,,2990282,Finance,Major Banks
BNY^K,The Bank Of New York Mellon Corporation  Depositary Shares each representing a 1/4000th interest in a share of Series K Noncumulative Perpetual Preferred Stock,$24.18,-0.04,-0.165%,,United States,,55474,,
BOC,Boston Omaha Corporation Class A Common Stock,$13.23,-0.24,-1.782%,398574468.00,United States,2022,114255,Finance,Real Estate
BODI,The Beachbody Company Inc. Class A Common Stock,$4.735,0.175,3.838%,34380750.00,United States,,17961,Consumer Discretionary,Other Consumer Services
BOE,Blackrock Enhanced Global Dividend Trust Common Shares of Beneficial Interest,$11.84,-0.22,-1.824%,0.00,United States,2005,239574,Finance,Trusts Except Educational Religious and Charitable
BOF,BranchOut Food Inc. Common Stock,$3.96,0.25,6.739%,64388436.00,United States,2023,26425,Consumer Staples,Packaged Foods
BOH,Bank of Hawaii Corporation Common Stock,$70.43,-1.22,-1.703%,2778491390.00,United States,,425645,Finance,Major Banks
BOH^A,Bank of Hawaii Corporation Depositary Shares Each Representing a 1/40th Interest in a Share of 4.375% Fixed Rate Non-Cumulative Perpetual Preferred Stock Series A,$15.15,-0.14,-0.916%,,United States,,14264,,
BOH^B,Bank of Hawaii Corporation Depositary Shares Each Representing a 1/40th Interest in a Share of 8.000% Fixed Rate Non-Cumulative Perpetual Preferred Stock Series B,$25.58,-0.22,-0.853%,,United States,,7873,,
BOKF,BOK Financial Corporation Common Stock,$130.59,-1.18,-0.895%,7935545162.00,United States,,208321,Finance,Major Banks
BOLD,Boundless Bio Inc. Common Stock,$2.61,-0.05,-1.88%,59372241.00,United States,2024,142243,Health Care,Biotechnology: Pharmaceutical Preparations
BOLT,Bolt Biotherapeutics Inc. Common Stock,$3.4601,-0.1199,-3.349%,6665346.00,United States,2021,19980,Health Care,Biotechnology: Pharmaceutical Preparations
BOOM,DMC Global Inc. Common Stock,$5.83,-0.08,-1.354%,119753733.00,United States,,102049,Industrials,Industrial Specialties
BOOT,Boot Barn Holdings Inc. Common Stock,$126.16,2.86,2.32%,3820735919.00,United States,2014,850497,Consumer Discretionary,Clothing/Shoe/Accessory Stores
BOTJ,Bank of the James Financial Group Inc. Common Stock,$27.21,0.46,1.72%,123624227.00,United States,,59375,Finance,Major Banks
BOW,Bowhead Specialty Holdings Inc. Common Stock,$33.80,0.04,0.118%,1113473569.00,United States,2024,157315,Finance,Property-Casualty Insurers
BOX,Box Inc. Class A Common Stock,$31.34,-0.05,-0.159%,4299872226.00,United States,2015,2333176,Technology,Computer Software: Prepackaged Software
BOXL,Boxlight Corporation Class A Common Stock,$4.595,-0.215,-4.47%,3880680.00,United States,2017,19260,Real Estate,Other Consumer Services
BPAC,Blueport Acquisition Ltd Class A Ordinary Shares,$10.19,0.00,0.00%,0.00,United States,2026,6,,
BPOP,Popular Inc. Common Stock,$158.85,-1.63,-1.016%,10131214884.00,United States,,324581,Finance,Major Banks
BPOPM,Popular Inc. Popular Capital Trust II - 6.125% Cumulative Monthly Income Trust Preferred Securities,$25.09,0.00,0.00%,1600202590.00,United States,,347,Finance,Major Banks
BPRN,Princeton Bancorp Inc. Common Stock (PA),$43.47,0.06,0.138%,296169847.00,United States,,41872,Finance,Major Banks
BR,Broadridge Financial Solutions Inc. Common Stock,$162.92,-0.85,-0.519%,18576431330.00,United States,,864267,Consumer Discretionary,Business Services
BRBR,BellRing Brands Inc. Common Stock ,$7.74,-0.17,-2.149%,899993222.00,United States,2022,3198185,Consumer Staples,Packaged Foods
BRBS,Blue Ridge Bankshares Inc. Common Stock,$3.83,-0.02,-0.519%,343508307.00,United States,,655001,Finance,Major Banks
BRC,Brady Corporation Common Stock,$84.10,0.08,0.095%,3944223897.00,United States,,273233,Consumer Discretionary,Miscellaneous manufacturing industries
BRCB,Black Rock Coffee Bar Inc. Class A Common Stock,$7.10,-0.09,-1.252%,355516021.00,United States,2025,200751,Consumer Discretionary,Restaurants
BRCC,BRC Inc. Class A Common Stock,$9.05,-0.17,-1.844%,226510151.00,United States,2022,99771,Consumer Staples,Beverages (Production/Distribution)
BREZ,Breeze Acquisition Corp. II Ordinary Shares,$10.02,0.00,0.00%,0.00,United States,2026,47,Finance,Blank Checks
BREZR,Breeze Acquisition Corp. II Right,$0.29,0.00,0.00%,0.00,United States,2026,36,Finance,Blank Checks
BRFH,Barfresh Food Group Inc. Common Stock,$0.8301,-0.0943,-10.201%,13537414.00,United States,,100938,Consumer Staples,Packaged Foods
BRID,Bridgford Foods Corporation Common Stock,$5.725,-0.10,-1.717%,51964863.00,United States,,1448,Consumer Staples,Specialty Foods
BRK/A,Berkshire Hathaway Inc.,$753875.00,-4630.68,-0.611%,1108855136750.00,United States,,282,,
BRK/B,Berkshire Hathaway Inc.,$503.09,-2.39,-0.473%,1109973187636.00,United States,,3867205,,
BRKH,Burtech Acquisition Corp II Class A Ordinary Shares,$10.015,0.00,0.00%,0.00,United States,2026,49,Finance,Blank Checks
BRKR,Bruker Corporation Common Stock,$63.28,-0.90,-1.402%,9641297516.00,United States,,2612773,Industrials,Biotechnology: Laboratory Analytical Instruments
BRKRP,Bruker Corporation 6.375% Mandatory Convertible Preferred Stock Series A,$469.28,-1.24,-0.264%,71499179812.00,United States,,21747,Industrials,Biotechnology: Laboratory Analytical Instruments
BRLT,Brilliant Earth Group Inc. Class A Common Stock,$1.37,0.00,0.00%,139497229.00,United States,2021,61375,Consumer Discretionary,Consumer Specialties
BRN,Barnwell Industries Inc. Common Stock,$0.93,-0.0112,-1.19%,13423908.00,United States,1965,9512,Energy,Oil & Gas Production
BRO,Brown & Brown Inc. Common Stock,$60.24,-0.58,-0.954%,20156927906.00,United States,,1811207,Finance,Specialty Insurers
BROS,Dutch Bros Inc. Class A Common Stock,$37.74,-0.15,-0.396%,6592487962.00,United States,2021,4554868,Consumer Discretionary,Restaurants
BRRKU,Bluerock Acquisition Corp. II Units,$9.99,-0.02,-0.20%,0.00,United States,2026,233354,,
BRSL,Brightstar Lottery PLC Trading under the Legal Name to begin at the market open on July 21 2025. Ordinary Shares,$9.87,-0.09,-0.904%,1821015000.00,United States,2015,2264405,Consumer Discretionary,Services-Misc. Amusement & Recreation
BRSP,BrightSpire Capital Inc. Class A Common Stock,$4.06,-0.03,-0.733%,513688171.00,United States,2018,1766079,Real Estate,Real Estate Investment Trusts
BRT,BRT Apartments Corp. (MD) Common Stock,$13.58,-0.19,-1.38%,255212702.00,United States,,55438,Real Estate,Real Estate Investment Trusts
BRTM,B&R Technology Merger Corp. Class A Ordinary Shares,$9.8199,0.0199,0.203%,0.00,United States,2026,3257,Finance,Blank Checks
BRTMU,B&R Technology Merger Corp. Units,$9.94,0.0022,0.022%,0.00,United States,2026,349,,
BRTMW,B&R Technology Merger Corp. Warrants,$0.271,0.0003,0.111%,0.00,United States,2026,15878,Finance,Blank Checks
BRTX,BioRestorative Therapies Inc. Common Stock (NV),$2.31,-0.24,-9.412%,3190406.00,United States,,49425,Health Care,Managed Health Care
BRUN,Boost Run Inc. Class A Common Stock,$16.24,-0.53,-3.16%,1290876042.00,United States,,1499952,Technology,EDP Services
BRVE,Braveheart Bio Inc. Common Stock,$21.07,0.45,2.182%,1897121077.00,United States,2026,389331,Health Care,Biotechnology: Pharmaceutical Preparations
BRW,Saba Capital Income & Opportunities Fund SBI,$6.00,-0.08,-1.316%,0.00,United States,,354226,Finance,Trusts Except Educational Religious and Charitable
BRX,Brixmor Property Group Inc. Common Stock,$28.00,-0.07,-0.249%,8592424848.00,United States,2013,5805120,Real Estate,Real Estate Investment Trusts
BRZE,Braze Inc. Class A Common Stock,$23.17,-1.20,-4.924%,2631751174.00,United States,2021,2729549,Technology,Computer Software: Prepackaged Software
BSBK,Bogota Financial Corp. Common Stock,$9.10,-0.015,-0.165%,116127948.00,United States,2020,2869,Finance,Banks
BSEM,BioStem Technologies Inc. Common Stock,$4.05,-0.09,-2.174%,72290358.00,United States,,181711,Health Care,Biotechnology: Biological Products (No Diagnostic Substances)
BSET,Bassett Furniture Industries Incorporated Common Stock,$18.18,-0.10,-0.547%,157407330.00,United States,,20278,Consumer Discretionary,Home Furnishings
BSIN,Big Sky Industrial Inc. Common Stock,$1.38,-0.06,-4.167%,72440931.00,United States,,707978,Energy,Oil & Gas Production
BSL,Blackstone Senior Floating Rate 2027 Term Fund Common Shares of Beneficial Interest,$12.89,-0.01,-0.078%,0.00,United States,2010,40960,Finance,Trusts Except Educational Religious and Charitable
BSM,Black Stone Minerals L.P. Common units representing limited partner interests,$14.46,0.04,0.277%,3075794857.00,United States,2015,331044,Energy,Oil & Gas Production
BSRR,Sierra Bancorp Common Stock,$39.77,-0.13,-0.326%,515554299.00,United States,,37921,Finance,Major Banks
BST,BlackRock Science and Technology Trust Common Shares of Beneficial Interest,$47.94,-0.96,-1.963%,1062246370.00,United States,2014,78625,Finance,Finance Companies
BSTZ,BlackRock Science and Technology Term Trust Common Shares of Beneficial Interest,$29.37,-0.39,-1.31%,650775467.00,United States,2019,117995,Finance,Trusts Except Educational Religious and Charitable
BSVN,Bank7 Corp. Common stock,$56.02,0.17,0.304%,533638453.00,United States,2018,40188,Finance,Major Banks
BSX,Boston Scientific Corporation Common Stock,$44.11,0.19,0.433%,63925514392.00,United States,,21779653,Health Care,Medical/Dental Instruments
BSY,Bentley Systems Incorporated Class B Common Stock,$31.29,-0.15,-0.477%,9452486497.00,United States,2020,2217215,Technology,Computer Software: Prepackaged Software
BTBD,BT Brands Inc. Common Stock,$1.89,-0.05,-2.577%,11689128.00,United States,2021,8254,Consumer Discretionary,Restaurants
BTBDW,BT Brands Inc. Warrant,$0.0499,0.01,25.063%,308618.00,United States,2021,224,Consumer Discretionary,Restaurants
BTBT,Bit Digital Inc. Ordinary Shares,$1.68,-0.08,-4.545%,605864285.00,United States,2018,18306972,Finance,Finance: Consumer Services
BTCS,BTCS Inc. Common Stock,$1.55,0.02,1.307%,81331509.00,United States,,1387038,Finance,Finance: Consumer Services
BTGO,BitGo Holdings Inc. Class A Common Stock,$7.26,-0.22,-2.941%,853381216.00,United States,2026,1021492,Finance,Finance: Consumer Services
BTLN,Brightline Interactive Inc. Common Stock,$5.25,0.1308,2.555%,14239848.00,United States,2021,74064,Technology,EDP Services
BTMD,Biote Corp. Class A Common Stock,$1.23,0.01,0.82%,44190786.00,United States,,62872,Health Care, Medicinal Chemicals and Botanical Products 
BTO,John Hancock Financial Opportunities Fund Common Stock,$36.02,-0.67,-1.826%,0.00,United States,1994,38132,Finance,Investment Managers
BTOC,Armlogi Holding Corp. Common Stock,$0.2463,-0.0122,-4.72%,11192630.00,United States,2024,34819,Consumer Discretionary,Office Equipment/Supplies/Services
BTSG,BrightSpring Health Services Inc. Common Stock,$56.54,-0.05,-0.088%,11187244186.00,United States,2024,2031171,Health Care,Medical/Nursing Services
BTSGU,BrightSpring Health Services Inc. Tangible Equity Unit,$188.43,4.12,2.235%,37283558932.00,United States,2024,1813,Health Care,Medical/Nursing Services
BTT,BlackRock Municipal 2030 Target Term Trust,$21.42,-0.32,-1.472%,0.00,United States,2012,115175,Finance,Investment Managers
BTU,Peabody Energy Corporation Common Stock ,$25.15,-0.29,-1.14%,3065785000.00,United States,2017,1591876,Energy,Coal Mining
BTX,BlackRock Technology and Private Equity Term Trust Common Shares of Beneficial Interest,$8.86,-0.18,-1.991%,2089154102.00,United States,2021,365333,,
BTZ,BlackRock Credit Allocation Income Trust,$9.36,-0.12,-1.266%,1012143600.00,United States,2006,436781,Finance,Finance/Investors Services
BUI,BlackRock Utility Infrastructure & Power Opportunities Trust,$24.63,-0.32,-1.283%,0.00,United States,2011,117922,Finance,Trusts Except Educational Religious and Charitable
BULL,Webull Corporation Class A Ordinary Shares,$7.05,-0.14,-1.947%,3810418439.00,United States,,8219383,Finance,Investment Bankers/Brokers/Service
BULLW,Webull Corporation Warrants,$2.22,-0.03,-1.333%,1199876445.00,United States,,1021,Finance,Investment Bankers/Brokers/Service
BURL,Burlington Stores Inc. Common Stock,$266.39,11.70,4.594%,16733339796.00,United States,2013,2081558,Consumer Discretionary,Department/Specialty Retail Stores
BURU,Nuburu Inc. Common Stock,$0.9545,-0.0355,-3.586%,8840908.00,United States,,1201174,Miscellaneous,Industrial Machinery/Components
BUSE,First Busey Corporation Class A Common Stock,$29.76,-0.33,-1.097%,2475719550.00,United States,,789421,Finance,Major Banks
BUSEP,First Busey Corporation Depositary Shares Each Representing a 1/40thInterest in a Share of 8.25% Fixed-Rate Series B Non-Cumulative Perpetual Preferred Stock $0.001 par value,$25.42,-0.14,-0.548%,2114677115.00,United States,,14465,Finance,Major Banks
BV,BrightView Holdings Inc. Common Stock,$10.26,-0.15,-1.441%,950076000.00,United States,2018,985825,Consumer Staples,Farming/Seeds/Milling
BVFL,BV Financial Inc. Common Stock,$20.88,0.01,0.048%,176866212.00,United States,2023,10285,Finance,Savings Institutions
BVS,Bioventus Inc. Class A Common Stock,$14.02,0.21,1.521%,1178968158.00,United States,2021,588690,Health Care,Medical/Dental Instruments
BW,Babcock & Wilcox Enterprises Inc. Common Stock,$5.75,-0.52,-8.293%,856549130.00,United States,2015,5504922,Industrials,Building Products
BW^A,Babcock & Wilcox Enterprises Inc. 7.75% Series A Cumulative Perpetual Preferred Stock,$17.25,-1.62,-8.585%,,United States,,89291,,
BWA,BorgWarner Inc. Common Stock,$61.07,-0.25,-0.408%,12437904239.00,United States,,3563787,Consumer Discretionary,Auto Parts:O.E.M.
BWB,Bridgewater Bancshares Inc. Common Stock,$20.63,-0.14,-0.674%,575243268.00,United States,2018,75247,Finance,Major Banks
BWBBP,Bridgewater Bancshares Inc. Depositary Shares Each Representing a 1/100th Interest in a Share of 5.875% Non-Cumulative Perpetual Preferred Stock Series A,$19.30,-0.30,-1.531%,538157784.00,United States,,3278,Finance,Major Banks
BWEN,Broadwind Inc. Common Stock,$4.22,-0.01,-0.236%,99834114.00,United States,,101798,Telecommunications,Metal Fabrications
BWFG,Bankwell Financial Group Inc. Common Stock,$66.16,-0.32,-0.481%,527425668.00,United States,2014,61192,Finance,Major Banks
BWG,BrandywineGLOBAL Global Income Opportunities Fund Inc.,$6.96,-0.13,-1.834%,0.00,United States,2012,130642,Finance,Finance/Investors Services
BWIN,The Baldwin Insurance Group Inc. Class A Common Stock,$31.82,-0.03,-0.094%,4438836988.00,United States,2019,3047854,Finance,Specialty Insurers
BWMN,Bowman Consulting Group Ltd. Common Stock,$42.61,0.04,0.094%,738666166.00,United States,2021,602903,Consumer Discretionary,Professional Services
BWXT,BWX Technologies Inc. Common Stock,$134.35,-4.12,-2.975%,12309413013.00,United States,,1294390,Industrials,Industrial Machinery/Components
BX,Blackstone Inc. Common Stock,$114.56,-3.86,-3.26%,85991613060.00,United States,2007,8078901,Finance,Investment Managers
BXBL,BOXABL Inc. Common stock,$3.90,-0.13,-3.226%,941824038.00,United States,2025,85894,Consumer Discretionary,Homebuilding
BXC,Bluelinx Holdings Inc. Common Stock,$74.90,-1.45,-1.899%,588730253.00,United States,2004,171177,Consumer Discretionary,Wholesale Distributors
BXMT,Blackstone Mortgage Trust Inc. Common Stock,$12.41,-0.09,-0.72%,2091625964.00,United States,,2237038,Real Estate,Real Estate Investment Trusts
BXP,BXP Inc. Common Stock,$62.43,-0.97,-1.53%,9967670941.00,United States,1997,1345286,Real Estate,Real Estate Investment Trusts
BY,Byline Bancorp Inc. Common Stock,$37.18,-0.26,-0.694%,1680031096.00,United States,2017,277886,Finance,Major Banks
BYD,Boyd Gaming Corporation Common Stock,$69.19,-2.04,-2.864%,5027028095.00,United States,1993,1470654,Consumer Discretionary,Hotels/Resorts
BYFC,Broadway Financial Corporation Class A Common Stock,$11.8351,-0.0749,-0.629%,109812508.00,United States,,1517,Finance,Savings Institutions
BYND,Beyond Meat Inc. Common Stock,$8.52,0.17,2.036%,146492590.00,United States,2019,1552773,Consumer Staples,Packaged Foods
BYRN,Byrna Technologies Inc. Common Stock,$3.37,-0.12,-3.438%,78874021.00,United States,,201408,Miscellaneous,Industrial Machinery/Components
BYSI,BeyondSpring Inc. Ordinary Shares,$1.12,0.3428,44.107%,46054198.00,United States,2017,8196685,Health Care,Biotechnology: Pharmaceutical Preparations
BZAI,Blaize Holdings Inc. Common Stock,$0.4957,-0.0182,-3.542%,71793242.00,United States,2025,1734109,Technology,Semiconductors
BZAIW,Blaize Holdings Inc. Warrants,$0.08,-0.0012,-1.478%,11586563.00,United States,2025,104512,Technology,Semiconductors
BZFD,BuzzFeed Inc. Class A Common Stock,$1.06,0.02,1.923%,90136817.00,United States,2021,215570,Consumer Discretionary,Telecommunications Equipment
BZFDW,BuzzFeed Inc. Warrant,$0.0065,0.0009,16.071%,552726.00,United States,2021,337452,Consumer Discretionary,Telecommunications Equipment
BZH,Beazer Homes USA Inc. Common Stock,$33.36,-0.01,-0.03%,890032223.00,United States,1994,1335036,Consumer Discretionary,Homebuilding
C,Citigroup Inc. Common Stock,$131.31,-2.97,-2.212%,220264223976.00,United States,,8846290,Finance,Major Banks
C^N,Citigroup Capital XIII 7.875% Fixed rate Floating Rate trust Preferred Securities (TruPS),$26.55,0.00,0.00%,,United States,,154176,,
C^R,Citigroup Inc. Depositary Shares Each Representing a 1/1000th Interest in a Share of 6.250% Noncumulative Preferred Stock Series II,$22.76,-0.27,-1.172%,,United States,,117890,,
CABA,Cabaletta Bio Inc. Common Stock,$2.00,-0.07,-3.382%,339090890.00,United States,2019,5437023,Health Care,Biotechnology: Biological Products (No Diagnostic Substances)
CABO,Cable One Inc. Common Stock,$12.57,-2.08,-14.198%,71321237.00,United States,2015,606648,Telecommunications,Cable & Other Pay Television Services
CABR,Caring Brands Inc. Common Stock,$1.24,0.0031,0.251%,12856600.00,United States,,15365,Consumer Discretionary,Package Goods/Cosmetics
CAC,Camden National Corporation Common Stock,$57.40,-0.42,-0.726%,969890613.00,United States,,87481,Finance,Major Banks
CACC,Credit Acceptance Corporation Common Stock,$550.00,-5.68,-1.022%,5709319000.00,United States,1992,89187,Finance,Finance: Consumer Services
CACI,CACI International Inc. Class A Common Stock,$616.40,-1.92,-0.311%,13622191591.00,United States,,259199,Technology,EDP Services
CADL,Candel Therapeutics Inc. Common Stock,$11.19,0.17,1.543%,856242742.00,United States,2021,771041,Health Care,Biotechnology: Biological Products (No Diagnostic Substances)
CAES,Cantor Equity Partners VII Inc. Class A Ordinary Shares,$10.06,0.00,0.00%,0.00,United States,2026,18,Finance,Blank Checks
CAF,Morgan Stanley China A Share Fund Inc. Common Stock,$18.00,-0.4599,-2.491%,0.00,United States,2006,2944,Finance,Investment Managers
CAG,ConAgra Brands Inc. Common Stock,$14.16,-0.16,-1.117%,6797757513.00,United States,,14645904,Consumer Staples,Packaged Foods
CAH,Cardinal Health Inc. Common Stock,$220.29,0.07,0.032%,51010208110.00,United States,,2392866,Health Care,Other Pharmaceuticals
CAI,Caris Life Sciences Inc. Common Stock,$31.75,-0.23,-0.719%,8972397156.00,United States,2025,3938685,Health Care,Medical Specialities
CAII,Collective Acquisition Corp. II Class A Ordinary Shares,$10.00,0.01,0.10%,0.00,United States,2026,103368,Finance,Blank Checks
CAIIU,Collective Acquisition Corp. II Units,$10.075,0.00,0.00%,0.00,United States,2026,31,Finance,Blank Checks
CAKE,Cheesecake Factory Incorporated (The) Common Stock,$105.16,0.67,0.641%,5232828271.00,United States,1992,1413701,Consumer Discretionary,Restaurants
CAL,Caleres Inc. Common Stock,$12.53,0.01,0.08%,432347362.00,United States,,438462,Consumer Discretionary,Shoe Manufacturing
CALC,CalciMedica Inc. Common Stock,$1.68,-0.07,-4.00%,11471531.00,United States,2023,26594,Health Care,Biotechnology: Pharmaceutical Preparations
CALM,Cal-Maine Foods Inc. Common Stock,$67.355,-0.075,-0.111%,3160020108.00,United States,1996,991316,Consumer Staples,Farming/Seeds/Milling
CALX,Calix Inc Common Stock,$33.19,0.05,0.151%,2089774795.00,United States,2010,1269264,Consumer Discretionary,Telecommunications Equipment
CALY,Callaway Golf Company Common Stock,$14.31,-0.13,-0.90%,2554485556.00,United States,,1962285,Consumer Discretionary,Recreational Games/Products/Toys
CAMP,CAMP4 Therapeutics Corporation Common Stock,$3.85,-0.07,-1.786%,241599820.00,United States,2024,116918,Health Care,Biotechnology: Pharmaceutical Preparations
CAPL,CrossAmerica Partners LP Common Units representing limited partner interests,$21.59,0.11,0.512%,824160575.00,United States,2012,12713,Energy,Oil Refining/Marketing
CAPN,Cayson Acquisition Corp Ordinary shares,$11.25,0.00,0.00%,0.00,United States,2024,84,,
CAPR,Capricor Therapeutics Inc. Common Stock,$8.71,0.35,4.187%,506390594.00,United States,,2097341,Health Care,Biotechnology: Pharmaceutical Preparations
CAPS,Capstone Holding Corp. Common Stock,$0.159,-0.0044,-2.693%,3458250.00,United States,,834631,Consumer Discretionary,RETAIL: Building Materials
CAQ,Cambridge Acquisition Corp. Class A Ordinary Shares,$10.01,0.01,0.10%,0.00,United States,2026,612,,
CAQUU,Cambridge Acquisition Corp. Unit,$10.07,0.00,0.00%,0.00,United States,2026,9,,
CAR,Avis Budget Group Inc. Common Stock,$104.93,-3.36,-3.103%,3706731367.00,United States,,318646,Consumer Discretionary,Rental/Leasing Companies
CARE,Carter Bankshares Inc. Common Stock,$29.66,-0.65,-2.145%,657382193.00,United States,,217540,Finance,Major Banks
CARG,CarGurus Inc. Class A Common Stock ,$30.81,-0.49,-1.565%,2744353857.00,United States,2017,983490,Technology,EDP Services
CARL,Carlsmed Inc. Common Stock,$14.18,-0.92,-6.093%,387152896.00,United States,2025,52964,Health Care,Medical/Dental Instruments
CARR,Carrier Global Corporation Common Stock ,$55.87,-0.50,-0.887%,46055040935.00,United States,2020,5603673,Industrials,Industrial Machinery/Components
CARS,Cars.com Inc. Common Stock ,$10.42,-0.48,-4.404%,557810880.00,United States,2017,618449,Technology,EDP Services
CART,Maplebear Inc. Common Stock,$43.34,0.15,0.347%,10286029556.00,United States,2023,4522707,Consumer Discretionary,Business Services
CASH,Pathward Financial Inc. Common Stock,$72.29,-1.51,-2.046%,1501706339.00,United States,1993,192101,Finance,Major Banks
CASS,Cass Information Systems Inc Common Stock,$54.25,0.12,0.222%,694733583.00,United States,,80710,Consumer Discretionary,Business Services
CAST,FreeCast Inc. Class A Common Stock,$1.18,-0.01,-0.84%,56145653.00,United States,,580569,Technology,EDP Services
CASY,Casey's General Stores Inc. Common Stock,$606.24,7.78,1.30%,22406731642.00,United States,1983,876491,Consumer Discretionary,Retail-Auto Dealers and Gas Stations
CAT,Caterpillar Inc. Common Stock,$819.95,-1.63,-0.198%,376910425236.00,United States,,2177545,Industrials,Construction/Ag Equipment/Trucks
CATL, Catalyst Acquisition Corp. Class A Ordinary Share,$9.79,-0.01,-0.102%,0.00,United States,2026,15325,Finance,Blank Checks
CATO,Cato Corporation (The) Class A Common Stock,$2.42,-0.03,-1.224%,48186917.00,United States,,77414,Consumer Discretionary,Clothing/Shoe/Accessory Stores
CATX,Perspective Therapeutics Inc. Common Stock,$2.50,-0.02,-0.794%,285379158.00,United States,,1504868,Health Care,Biotechnology: Pharmaceutical Preparations
CATY,Cathay General Bancorp Common Stock,$60.74,-0.71,-1.155%,4052197427.00,United States,,415141,Finance,Major Banks
CAVA,CAVA Group Inc. Common Stock,$51.58,0.00,0.00%,6024863693.00,United States,2023,2906380,Consumer Discretionary,Restaurants
CBAN,Colony Bankcorp Inc. Common Stock,$20.58,-0.10,-0.484%,436727460.00,United States,,149645,Finance,Major Banks
CBC,Central Bancompany Inc. Class A Common Stock,$31.85,-0.21,-0.655%,7628238486.00,United States,,918196,Finance,Major Banks
CBFV,CB Financial Services Inc. Common Stock,$37.04,-0.01,-0.027%,188221871.00,United States,,4721,Finance,Major Banks
CBIO,Crescent Biopharma Inc. Common Stock,$14.53,0.54,3.86%,539701448.00,United States,2014,294771,Health Care,Biotechnology: Pharmaceutical Preparations
CBK,Commercial Bancgroup Inc. Common Stock,$31.99,-0.10,-0.312%,438303627.00,United States,2025,27985,Finance,Major Banks
CBL,CBL & Associates Properties Inc. Common Stock,$52.33,0.42,0.809%,1619234474.00,United States,2021,135150,Real Estate,Real Estate Investment Trusts
CBLL,CeriBell Inc. Common Stock,$24.51,0.82,3.461%,940647256.00,United States,2024,217949,Health Care,Biotechnology: Electromedical & Electrotherapeutic Apparatus
CBNK,Capital Bancorp Inc. Common Stock,$36.12,0.07,0.194%,588411271.00,United States,2018,54176,Finance,Major Banks
CBRE,CBRE Group Inc Common Stock Class A,$130.35,-4.20,-3.122%,37746140094.00,United States,,2640477,Finance,Real Estate
CBRL,Cracker Barrel Old Country Store Inc Common Stock,$53.73,1.92,3.706%,1200996064.00,United States,1981,1253233,Consumer Discretionary,Restaurants
CBRS,Cerebras Systems Inc. Class A Common Stock,$196.74,-10.01,-4.842%,46738349426.00,United States,2026,5210554,Technology,Semiconductors
CBSH,Commerce Bancshares Inc. Common Stock,$55.88,-0.56,-0.992%,8014990107.00,United States,,677067,Finance,Major Banks
CBT,Cabot Corporation Common Stock,$78.45,-0.31,-0.394%,4050452499.00,United States,,370801,Industrials,Major Chemicals
CBU,Community Financial System Inc. Common Stock,$60.49,-1.08,-1.754%,3182736093.00,United States,,234309,Finance,Major Banks
CBUS,Cibus Inc. Class A Common Stock,$1.47,-0.05,-3.289%,112350577.00,United States,2017,103045,Industrials,Agricultural Chemicals
CBZ,CBIZ Inc. Common Stock,$54.71,0.03,0.055%,2968776820.00,United States,,1220200,Consumer Discretionary,Business Services
CC,Chemours Company (The) Common Stock,$14.13,-0.33,-2.282%,2126550799.00,United States,2015,1244611,Industrials,Major Chemicals
CCAP,Crescent Capital BDC Inc. Common stock,$9.50,-0.07,-0.731%,350036544.00,United States,,187872,Finance,Finance: Consumer Services
CCAQ,Collective Acquisition Corp. Class A Ordinary Shares,$10.69,0.00,0.00%,0.00,United States,2025,57,Finance,Blank Checks
CCB,Coastal Financial Corporation Common Stock,$37.545,-7.275,-16.232%,573925147.00,United States,2018,776429,Finance,Major Banks
CCBG,Capital City Bank Group Common Stock,$49.24,-0.62,-1.243%,842658744.00,United States,,118799,Finance,Major Banks
CCC,CCC Intelligent Solutions Holdings Inc. Common Stock,$6.62,-0.28,-4.058%,3899144940.00,United States,,19605140,Technology,Computer Software: Prepackaged Software
CCCC,C4 Therapeutics Inc. Common Stock,$3.115,0.135,4.53%,383223299.00,United States,2020,2778853,Health Care,Biotechnology: Biological Products (No Diagnostic Substances)
CCCT,Columbus Circle Capital Corp III Class A Ordinary Shares,$9.84,0.00,0.00%,0.00,United States,2026,56,,
CCD,Calamos Dynamic Convertible & Income Fund Common Stock,$22.41,-0.60,-2.608%,0.00,United States,,91482,Finance,Trusts Except Educational Religious and Charitable
CCEL,Cryo-Cell International Inc. Common Stock,$4.16,-0.08,-1.887%,33540624.00,United States,2022,1914,Health Care,Misc Health and Biotechnology Services
CCI,Crown Castle Inc. Common Stock,$67.10,-0.74,-1.091%,28548059957.00,United States,,3164923,Real Estate,Real Estate Investment Trusts
CCII,Cohen Circle Acquisition Corp. II Class A Ordinary Shares,$10.30,0.00,0.00%,0.00,United States,2025,31,,
CCK,Crown Holdings Inc.,$107.47,-0.59,-0.546%,11688492117.00,United States,,1022909,Industrials,Containers/Packaging
CCL,Carnival Corporation Ltd. Common Shares,$22.14,-0.11,-0.494%,30324031495.00,United States,1987,31394751,Consumer Discretionary,Marine Transportation
CCLD,CareCloud Inc. Common Stock,$2.05,0.00,0.00%,87112411.00,United States,2014,183096,Technology,Computer Software: Prepackaged Software
CCNE,CNB Financial Corporation Common Stock,$33.84,-0.25,-0.733%,1002370748.00,United States,,134260,Finance,Major Banks
CCNEP,CNB Financial Corporation Depositary Shares each representing a 1/40th ownership interest in a share of 7.125% Series A Fixed-Rate Non-Cumulative Perpetual Preferred Stock,$24.825,-0.0751,-0.302%,735338470.00,United States,,1282,Finance,Major Banks
CCO,Clear Channel Outdoor Holdings Inc. Common Stock,$2.36,0.00,0.00%,1201461474.00,United States,2005,3981440,Consumer Discretionary,Advertising
CCOI,Cogent Communications Holdings Inc.,$7.43,-0.26,-3.381%,380532918.00,United States,,1717787,Consumer Discretionary,Telecommunications Equipment
CCS,Century Communities Inc. Common Stock,$61.61,-1.05,-1.676%,1751750969.00,United States,2014,226737,Consumer Discretionary,Homebuilding
CCSI,Consensus Cloud Solutions Inc. Common Stock,$34.44,-0.78,-2.215%,631110314.00,United States,,138648,Technology,Computer Software: Prepackaged Software
CCXI,Churchill Capital Corp XI Class A Ordinary Shares,$12.05,-0.38,-3.057%,0.00,United States,2026,990533,Finance,Blank Checks
CCXIU,Churchill Capital Corp XI Units,$12.67,-0.23,-1.783%,0.00,United States,2025,294,Finance,Blank Checks
CCXIW,Churchill Capital Corp XI Warrants,$6.11,-0.19,-3.016%,0.00,United States,2026,44780,,
CCZ,Comcast Holdings ZONES,$64.67,0.00,0.00%,229490327176.00,United States,,3,Telecommunications,Cable & Other Pay Television Services
CDE,Coeur Mining Inc. Common Stock,$17.87,-1.35,-7.024%,18369198414.00,United States,,36929755,Basic Materials,Precious Metals
CDIO,Cardio Diagnostics Holdings Inc. Common stock,$1.8938,-0.0562,-2.882%,5604642.00,United States,2022,10350,Health Care,Biotechnology: In Vitro & In Vivo Diagnostic Substances
CDIOW,Cardio Diagnostics Holdings Inc. Warrant,$0.01,0.00,0.00%,29595.00,United States,2022,15244,Health Care,Biotechnology: In Vitro & In Vivo Diagnostic Substances
CDLX,Cardlytics Inc. Common Stock,$3.14,-0.16,-4.848%,18490568.00,United States,2018,26055,Technology,Computer Software: Programming Data Processing
CDNA,CareDx Inc. Common Stock,$64.60,0.92,1.445%,3342030806.00,United States,2014,1082129,Health Care,Medical Specialities
CDNL,Cardinal Infrastructure Group Inc. Class A Common Stock,$27.72,-0.30,-1.071%,1315953195.00,United States,2025,673827,Industrials,Military/Government/Technical
CDNS,Cadence Design Systems Inc. Common Stock,$326.70,0.57,0.175%,89970893100.00,United States,,1996009,Technology,Computer Software: Prepackaged Software
CDP,COPT Defense Properties Common Shares of Beneficial Interest,$33.76,-0.12,-0.354%,3828737062.00,United States,,964444,Real Estate,Real Estate Investment Trusts
CDR^B,Cedar Realty Trust Inc. 7.25% Series B Cumulative Redeemable Preferred Stock,$16.275,0.00,0.00%,,United States,,320,,
CDR^C,Cedar Realty Trust Inc. 6.50% Series C Cumulative Redeemable Preferred Stock,$15.175,0.03,0.198%,,United States,,1217,,
CDRE,Cadre Holdings Inc. Common Stock,$26.06,-0.33,-1.25%,1115908328.00,United States,2021,409879,Health Care,Industrial Specialties
CDT,CDT Equity Inc. Common Stock,$0.076,-0.004,-5.00%,2136579.00,United States,2022,30487987,Health Care,Biotechnology: Pharmaceutical Preparations
CDTTW,CDT Equity Inc. Warrant,$0.0117,0.00,0.00%,328921.00,United States,2022,100,Health Care,Biotechnology: Pharmaceutical Preparations
CDW,CDW Corporation Common Stock,$130.33,-5.10,-3.766%,16293521131.00,United States,2013,1610439,Consumer Discretionary,Catalog/Specialty Distribution
CDXS,Codexis Inc. Common Stock,$1.36,0.04,3.03%,148927840.00,United States,2010,699223,Industrials,Major Chemicals
CDZI,CADIZ Inc. Common Stock,$3.58,-0.07,-1.918%,303143929.00,United States,,3268151,Utilities,Water Supply
CDZIP,Cadiz Inc. Depositary Shares,$21.90,-0.02,-0.091%,1854427943.00,United States,,6754,Utilities,Water Supply
CE,Celanese Corporation Common Stock,$45.92,-1.17,-2.485%,5039670682.00,United States,2005,2102735,Industrials,Major Chemicals
CECO,CECO Environmental Corp. Common Stock,$72.26,-1.24,-1.687%,4232255916.00,United States,1998,399907,Industrials,Pollution Control Equipment
CEE,The Central and Eastern Europe Fund Inc. (The) Common Stock,$19.46,0.22,1.143%,0.00,United States,,18002,Finance,Finance Companies
CEG,Constellation Energy Corporation Common Stock ,$260.43,-2.84,-1.079%,92272270713.00,United States,,2124875,Utilities,Electric Utilities: Central
CELC,Celcuity Inc. Common Stock,$79.64,0.12,0.151%,3896937153.00,United States,2017,610396,Health Care,Medical Specialities
CELH,Celsius Holdings Inc. Common Stock,$28.00,0.01,0.036%,7084981316.00,United States,,6798349,Consumer Staples,Beverages (Production/Distribution)
CELU,Celularity Inc. Class A Common Stock,$1.40,0.02,1.449%,40524345.00,United States,2019,113635,Health Care,Biotechnology: Pharmaceutical Preparations
CELZ,Creative Medical Technology Holdings Inc. Common Stock,$1.01,-0.02,-1.942%,7668483.00,United States,,217097,Health Care,Biotechnology: Biological Products (No Diagnostic Substances)
CENT,Central Garden & Pet Company Common Stock,$39.68,0.17,0.43%,2483674289.00,United States,1993,72463,Consumer Discretionary,Consumer Specialties
CENTA,Central Garden & Pet Company Class A Common Stock Nonvoting,$34.20,0.14,0.411%,2140666852.00,United States,,311086,Consumer Discretionary,Consumer Specialties
CENX,Century Aluminum Company Common Stock,$37.40,-0.99,-2.579%,3702349233.00,United States,1996,2583022,Industrials,Aluminum
CEPF,Cantor Equity Partners IV Inc. Class A Ordinary Shares,$10.30,0.00,0.00%,0.00,United States,2025,463692,Finance,Blank Checks
CEPL,Capstone Energy Plus Inc. Common Stock,$4.48,-0.23,-4.883%,146099919.00,United States,,311567,Industrials,Industrial Machinery/Components
CEPO,Cantor Equity Partners I Inc. Class A Ordinary Shares,$10.76,-0.005,-0.046%,0.00,United States,2025,78015,Finance,Blank Checks
CEPS,Cantor Equity Partners VI Inc. Class A Ordinary Shares,$10.30,0.00,0.00%,0.00,United States,2026,8,Finance,Blank Checks
CEPV,Cantor Equity Partners V Inc. Class A Ordinary Shares,$10.36,0.00,0.00%,0.00,United States,2025,54,,
CERS,Cerus Corporation Common Stock,$2.45,-0.17,-6.489%,493736000.00,United States,1997,1512794,Health Care,Medical/Dental Instruments
CERT,Certara Inc. Common Stock,$9.13,0.02,0.22%,1392679061.00,United States,2020,2943676,Technology,Computer Software: Prepackaged Software
CET,Central Securities Corporation Common Stock,$55.22,-1.17,-2.075%,13364631544.00,United States,1951,32758,Finance,Finance/Investors Services
CETX,Cemtrex Inc. Common Stock,$2.03,0.00,0.00%,3493916.00,United States,,30637,Technology,Electrical Products
CETY,Clean Energy Technologies Inc. Common Stock,$0.9851,0.0051,0.52%,11984831.00,United States,,7668,Utilities,Oil/Gas Transmission
CEV,Eaton Vance California Municipal Income Trust Shares of Beneficial Interest,$9.85,-0.14,-1.401%,69280714.00,United States,1999,62793,Finance,Finance/Investors Services
CEVA,CEVA Inc. Common Stock,$34.69,-1.51,-4.171%,976664758.00,United States,,673499,Technology,Computer Software: Programming Data Processing
CF,CF Industries Holdings Inc. Common Stock,$115.51,0.84,0.733%,17481067396.00,United States,2005,2875859,Industrials,Agricultural Chemicals
CFBK,CF Bankshares Inc. Common Stock,$34.25,-0.26,-0.753%,219731286.00,United States,,35350,Finance,Major Banks
CFFI,C&F Financial Corporation Common Stock,$94.69,1.09,1.165%,307902621.00,United States,,146962,Finance,Major Banks
CFFN,Capitol Federal Financial Inc. Common Stock,$8.46,-0.22,-2.535%,1063407474.00,United States,,950637,Finance,Savings Institutions
CFG,Citizens Financial Group Inc. Common Stock,$64.80,-0.73,-1.114%,27292255862.00,United States,2014,3577929,Finance,Major Banks
CFG^E,Citizens Financial Group Inc. Depositary Shares Each Representing 1/40th Interest in a Share of 5.000% Fixed-Rate Non-Cumulative Perpetual Preferred Stock Series E,$16.88,-0.20,-1.171%,,United States,,68003,,
CFG^H,Citizens Financial Group Inc. Depositary Shares Each Representing a 1/40th Interest in a Share of 7.375% Fixed-Rate Non-Cumulative Perpetual Preferred Stock Series H,$25.13,0.06,0.239%,,United States,,28287,,
CFG^I,Citizens Financial Group Inc. Depositary Shares Each Representing a 1/40th Interest in a Share of 6.500% Fixed-Rate Reset Non-Cumulative Perpetual Preferred Stock Series I,$24.11,-0.13,-0.536%,,United States,,15937,,
CFR,Cullen/Frost Bankers Inc. Common Stock,$156.42,-1.00,-0.635%,9721312950.00,United States,,493060,Finance,Major Banks
CFR^B,Cullen/Frost Bankers Inc. Depositary Shares each representing a 1/40th ownership interest in a share of 4.450% non-cumulative perpetual preferred stock Series B,$15.745,-0.245,-1.532%,,United States,,28472,,
CG,The Carlyle Group Inc. Common Stock,$39.52,-0.51,-1.274%,14082272177.00,United States,2012,2679355,Finance,Investment Managers
CGABL,The Carlyle Group Inc. 4.625% Subordinated Notes due 2061,$15.32,-0.18,-1.161%,5541319175.00,United States,,31099,Finance,Investment Managers
CGBD,Carlyle Secured Lending Inc. Common Stock,$11.20,-0.05,-0.444%,770611307.00,United States,2017,262049,Finance,Finance: Consumer Services
CGCF,Cartesian Growth Corporation IV Class A Ordinary Shares,$9.80,-0.01,-0.102%,0.00,United States,2026,131,Finance,Blank Checks
CGCFU,Cartesian Growth Corporation IV Unit,$9.89,0.00,0.00%,0.00,United States,2026,59,Finance,Blank Checks
CGEM,Cullinan Therapeutics Inc. Common Stock,$14.95,0.14,0.945%,962102675.00,United States,2021,1109247,Health Care,Biotechnology: Biological Products (No Diagnostic Substances)
CGNX,Cognex Corporation Common Stock,$58.75,0.09,0.153%,9883150718.00,United States,1989,1555356,Industrials,Industrial Machinery/Components
CGO,Calamos Global Total Return Fund Common Stock,$12.84,-0.10,-0.773%,0.00,United States,2005,12091,Finance,Investment Managers
CGON,CG Oncology Inc. Common stock,$69.61,2.46,3.663%,6170256504.00,United States,2024,1759637,Health Care,Biotechnology: Biological Products (No Diagnostic Substances)
CGTX,Cognition Therapeutics Inc. Common Stock,$0.9384,0.0019,0.203%,89235971.00,United States,2021,200608,Health Care,Biotechnology: Biological Products (No Diagnostic Substances)
CHAD,DeFi Development Corp. Variable Rate Series C Perpetual Preferred Stock,$8.75,-0.05,-0.568%,285431913.00,United States,,26111,Finance,Finance: Consumer Services
CHAR,Charlton Aria Acquisition Corporation Class A Ordinary Shares,$10.99,0.00,0.00%,0.00,United States,2024,3844,,
CHARR,Charlton Aria Acquisition Corporation Rights,$0.10,0.00,0.00%,0.00,United States,2024,6196,Finance,Blank Checks
CHCI,Comstock Holding Companies Inc. Class A Common Stock,$19.53,0.20,1.035%,200806523.00,United States,2004,50293,Finance,Real Estate
CHCO,City Holding Company Common Stock,$139.97,-2.00,-1.409%,1965901045.00,United States,,131702,Finance,Major Banks
CHCT,Community Healthcare Trust Incorporated Common Stock,$14.31,-0.10,-0.694%,410036479.00,United States,2015,337792,Real Estate,Real Estate Investment Trusts
CHD,Church & Dwight Company Inc. Common Stock,$95.62,-0.76,-0.789%,22681437587.00,United States,,1533991,Consumer Discretionary,Package Goods/Cosmetics
CHDN,Churchill Downs Incorporated Common Stock,$75.72,-4.05,-5.077%,5277702400.00,United States,,1602378,Consumer Discretionary,Services-Misc. Amusement & Recreation
CHE,Chemed Corp,$514.30,2.14,0.418%,6721880942.00,United States,,216061,Health Care,Medical/Nursing Services
CHEF,The Chefs' Warehouse Inc. Common Stock,$111.76,1.49,1.351%,4559370236.00,United States,2011,446278,Consumer Discretionary,Food Distributors
CHGA,Change Agents Corporation Common Stock,$1.98,-0.12,-5.714%,2218028.00,United States,,88573,Technology,EDP Services
CHGG,Chegg Inc. Common Stock,$0.7193,-0.0154,-2.096%,79862068.00,United States,2013,488750,Real Estate,Other Consumer Services
CHH,Choice Hotels International Inc. Common Stock,$103.00,1.19,1.169%,4653482320.00,United States,,406845,Consumer Discretionary,Hotels/Resorts
CHI,Calamos Convertible Opportunities and Income Fund Common Stock,$11.36,-0.54,-4.538%,0.00,United States,2002,303488,Finance,Investment Managers
CHMG,Chemung Financial Corp Common Stock,$81.73,-0.27,-0.329%,394058907.00,United States,,76085,Finance,Major Banks
CHPG,ChampionsGate Acquisition Corporation Class A Ordinary Share,$10.45,0.00,0.00%,0.00,United States,2025,335,,
CHPGR,ChampionsGate Acquisition Corporation Rights,$0.1206,0.0005,0.416%,0.00,United States,2025,2061,,
CHPT,ChargePoint Holdings Inc. Common Stock,$8.74,-0.19,-2.128%,234671832.00,United States,2019,1036060,Miscellaneous,Industrial Machinery/Components
CHRD,Chord Energy Corporation Common Stock,$135.15,-1.12,-0.822%,7392417401.00,United States,,662344,Energy,Oil & Gas Production
CHRN,ChronoScale Holdings Corporation Common Stock,$19.815,-0.035,-0.176%,2885806111.00,United States,,92786,Industrials,Industrial Machinery/Components
CHRS,Coherus Oncology Inc. Common Stock,$1.14,0.01,0.885%,176131101.00,United States,2014,1143291,Health Care,Biotechnology: Biological Products (No Diagnostic Substances)
CHRW,C.H. Robinson Worldwide Inc. Common Stock,$148.24,1.14,0.775%,17322030486.00,United States,1997,987319,Industrials,Integrated Freight & Logistics
CHSCL,CHS Inc Class B Cumulative Redeemable Preferred Stock Series 4,$25.04,-0.0131,-0.052%,307290955.00,United States,,36938,Industrials,Farming/Seeds/Milling
CHSCM,CHS Inc Class B Reset Rate Cumulative Redeemable Preferred Stock Series 3,$23.55,-0.315,-1.32%,289005671.00,United States,,45274,Industrials,Farming/Seeds/Milling
CHSCN,CHS Inc Preferred Class B Series 2 Reset Rate,$24.2501,-0.3699,-1.502%,297597300.00,United States,,60921,Industrials,Farming/Seeds/Milling
CHSCO,CHS Inc. Class B Cumulative Redeemable Preferred Stock,$25.61,0.06,0.235%,314285997.00,United States,,20471,Industrials,Farming/Seeds/Milling
CHSCP,CHS Inc. 8%  Cumulative Redeemable Preferred Stock,$25.92,-0.06,-0.231%,318090318.00,United States,,17611,Industrials,Farming/Seeds/Milling
CHTR,Charter Communications Inc. Class A Common Stock New,$111.40,-1.51,-1.337%,12763932609.00,United States,,2914247,Telecommunications,Cable & Other Pay Television Services
CHTRP,Charter Communications Inc. Series A Cumulative Redeemable Preferred Stock,$22.60,0.1948,0.869%,2589451319.00,United States,,14704,Telecommunications,Cable & Other Pay Television Services
CHW,Calamos Global Dynamic Income Fund Common Stock,$8.14,-0.12,-1.453%,0.00,United States,2007,468702,Finance,Investment Managers
CHWY,Chewy Inc. Class A Common Stock,$18.61,0.34,1.861%,7479866104.00,United States,2019,10771720,Consumer Discretionary,Catalog/Specialty Distribution
CHY,Calamos Convertible and High Income Fund Common Stock,$11.61,-0.33,-2.764%,0.00,United States,2003,246922,Finance,Investment Managers
CHYM,Chime Financial Inc. Class A Common Stock,$26.69,-0.09,-0.336%,10104436613.00,United States,2025,4638433,Finance,Finance: Consumer Services
CI,The Cigna Group Common Stock,$271.83,-0.18,-0.066%,71828491309.00,United States,,1752758,Health Care,Medical Specialities
CIA,Citizens Inc. Class A Common Stock ($1.00 Par),$3.61,0.02,0.557%,182821620.00,United States,1994,96472,Finance,Life Insurance
CICB,CION Investment Corporation 7.50% Notes due 2029,$24.55,-0.15,-0.607%,0.00,United States,2024,7048,Finance,Finance/Investors Services
CICC,CION Investment Corporation 7.50% Notes due 2031,$24.39,-0.11,-0.449%,0.00,United States,2026,8641,Finance,Finance/Investors Services
CIEN,Ciena Corporation Common Stock,$344.19,-12.72,-3.564%,48809076220.00,United States,1997,1833431,Utilities,Telecommunications Equipment
CIFR,Cipher Digital Inc. Common Stock,$16.74,-0.99,-5.584%,6947614286.00,United States,2020,22341221,Finance,Finance: Consumer Services
CII,BlackRock Enhanced Large Cap Core Fund Inc. Common Stock,$23.87,-0.45,-1.85%,3550960183.00,United States,2004,69419,Finance,Investment Bankers/Brokers/Service
CIK,UBS Asset Management Income Fund Inc. Common Stock,$2.31,-0.02,-0.858%,0.00,United States,,779535,Finance,Finance/Investors Services
CIM,Chimera Investment Corporation Common Stock,$10.17,-0.17,-1.644%,851349189.00,United States,2007,1545046,Real Estate,Real Estate Investment Trusts
CIM^A,Chimera Investment Corporation 8.00% Series A Cumulative Redeemable Preferred Stock,$19.5999,-0.0801,-0.407%,,United States,,14221,,
CIM^B,Chimera Investment Corporation 8.00% Series B Fixed-to-Floating Rate Cumulative Redeemable Preferred Stock,$23.15,-0.0901,-0.388%,,United States,,28152,,
CIM^C,Chimera Investment Corporation 7.75% Series C Fixed-to-Floating Rate  Cumulative Redeemable  Preferred Stock,$21.03,-0.43,-2.004%,,United States,,30490,,
CIM^D,Chimera Investment Corporation 8.00% Series D Fixed-to-Floating Rate Cumulative Redeemable Preferred Stock,$22.95,-0.27,-1.163%,,United States,,12258,,
CIMN,Chimera Investment Corporation 9.000% Senior Notes due 2029,$25.01,-0.07,-0.279%,2014072707.00,United States,2024,17636,Real Estate,Real Estate Investment Trusts
CIMO,Chimera Investment Corporation 9.250% Senior Notes due 2029,$25.19,-0.06,-0.238%,0.00,United States,2024,8371,Real Estate,Real Estate Investment Trusts
CIMP,Chimera Investment Corporation 8.875% Senior Notes due 2030,$25.00,-0.03,-0.12%,0.00,United States,2025,14391,Real Estate,Real Estate Investment Trusts
CINF,Cincinnati Financial Corporation Common Stock,$161.92,-0.62,-0.381%,24851165046.00,United States,,402093,Finance,Property-Casualty Insurers
CING,Cingulate Inc. Common Stock,$4.82,-0.01,-0.207%,70091601.00,United States,2021,171974,Health Care,Biotechnology: Pharmaceutical Preparations
CINGW,Cingulate Inc. Warrants,$0.006,0.00,0.00%,87251.00,United States,2021,2006,Health Care,Biotechnology: Pharmaceutical Preparations
CION,CION Investment Corporation Common Stock,$7.07,-0.09,-1.257%,347863117.00,United States,2021,329775,Finance,Finance/Investors Services
CIRC,Circle8 Group Inc. Common Stock,$0.395,0.053,15.497%,45190735.00,United States,2024,749278,Industrials,Biotechnology: Laboratory Analytical Instruments
CISO,CISO Global Inc. Common Stock,$0.208,-0.0331,-13.729%,9469336.00,United States,,514522,Consumer Discretionary,Professional Services
CIVB,Civista Bancshares Inc. Common Stock,$26.71,-0.35,-1.293%,555414097.00,United States,,118804,Finance,Major Banks
CIX,CompX International Inc. Common Stock,$38.91,1.11,2.937%,480019324.00,United States,1998,51830,Consumer Discretionary,Industrial Machinery/Components
CJMB,Callan JMB Inc. Common Stock,$2.28,0.07,3.167%,13115399.00,United States,2025,96615,Consumer Discretionary,Business Services
CKX,CKX Lands Inc. Common Stock,$10.70,-0.115,-1.063%,21968480.00,United States,2003,1250,Energy,Oil & Gas Production
CL,Colgate-Palmolive Company Common Stock,$86.52,0.46,0.535%,68971393165.00,United States,,4485648,Consumer Discretionary,Package Goods/Cosmetics
CLAR,Clarus Corporation Common Stock,$3.50,-0.08,-2.235%,134008543.00,United States,,140907,Consumer Discretionary,Recreational Games/Products/Toys
CLBK,Columbia Financial Inc. Common Stock,$10.90,-0.43,-3.795%,1134117412.00,United States,2018,2979584,Finance,Savings Institutions
CLDT,Chatham Lodging Trust (REIT) Common Shares of Beneficial Interest,$13.33,-0.02,-0.15%,620719635.00,United States,2010,369764,Real Estate,Real Estate Investment Trusts
CLDT^A,Chatham Lodging Trust (REIT) 6.625% Series A Cumulative Redeemable Preferred Shares of Beneficial Interest,$19.40,-0.2774,-1.41%,,United States,,15326,,
CLDX,Celldex Therapeutics Inc.,$31.49,0.39,1.254%,2472894963.00,United States,,1824292,Health Care,Biotechnology: In Vitro & In Vivo Diagnostic Substances
CLF,Cleveland-Cliffs Inc. Common Stock,$11.22,-0.96,-7.882%,6401459327.00,United States,,26451025,Basic Materials,Metal Mining
CLFD,Clearfield Inc. Common Stock,$30.66,-0.41,-1.32%,416484060.00,United States,,78173,Utilities,Telecommunications Equipment
CLH,Clean Harbors Inc. Common Stock,$313.26,0.22,0.07%,16536133308.00,United States,,347274,Industrials,Environmental Services
CLIR,ClearSign Technologies Corporation Common Stock (DE),$3.65,0.1995,5.782%,24847211.00,United States,2012,31816,Industrials,Industrial Machinery/Components
CLM,Cornerstone Strategic Investment Fund Inc. Common Shares,$6.38,-0.05,-0.778%,0.00,United States,2003,1036914,Finance,Finance/Investors Services
CLMB,Climb Global Solutions Inc. Common Stock,$32.61,0.96,3.033%,608523438.00,United States,,331626,Technology,Retail: Computer Software & Peripheral Equipment
CLMT,Calumet Inc. Common Stock,$52.61,-1.04,-1.938%,4624326091.00,United States,2006,1340386,Energy,Integrated oil Companies
CLNE,Clean Energy Fuels Corp. Common Stock,$1.59,-0.01,-0.625%,350507574.00,United States,2007,1086349,Utilities,Natural Gas Distribution
CLNN,Clene Inc. Common Stock,$4.06,-0.24,-5.581%,57708763.00,United States,,91742,Health Care,Biotechnology: Pharmaceutical Preparations
CLOV,Clover Health Investments Corp. Class A Common Stock,$4.33,-0.16,-3.563%,2299906619.00,United States,,3333244,Health Care,Medical Specialities
CLPR,Clipper Realty Inc. Common Stock,$3.28,-0.04,-1.205%,52996816.00,United States,2017,128787,Real Estate,Real Estate Investment Trusts
CLPT,ClearPoint Neuro Inc. Common Stock,$15.31,0.48,3.237%,467019715.00,United States,,478721,Health Care,Medical/Dental Instruments
CLRB,Cellectar Biosciences Inc.  Common Stock,$1.83,0.03,1.667%,17297358.00,United States,,65023,Health Care,Biotechnology: Pharmaceutical Preparations
CLRO,ClearOne Inc. Common Stock,$5.10,1.65,47.826%,13644601.00,United States,,28334843,Utilities,Telecommunications Equipment
CLSK,CleanSpark Inc. Common Stock,$13.34,-0.61,-4.373%,3425939754.00,United States,,11426343,Finance,Finance: Consumer Services
CLSKW,CleanSpark Inc. Warrant,$0.2401,-0.009,-3.613%,61661779.00,United States,,78980,Finance,Finance: Consumer Services
CLST,Catalyst Bancorp Inc. Common Stock,$17.7844,-0.1156,-0.646%,71738553.00,United States,2021,324,Finance,Savings Institutions
CLW,Clearwater Paper Corporation Common Stock,$19.89,-0.45,-2.212%,320781226.00,United States,,118222,Basic Materials,Paper
CLX,Clorox Company (The) Common Stock,$81.42,-2.38,-2.84%,9846202427.00,United States,,3207067,Consumer Discretionary,Specialty Chemicals
CLYM,Climb Bio Inc. Common Stock,$11.74,0.08,0.686%,674301634.00,United States,2021,811315,Health Care,Biotechnology: Pharmaceutical Preparations
CMC,Commercial Metals Company Common Stock,$64.49,-1.24,-1.887%,7134163364.00,United States,,1410811,Industrials,Steel/Iron Ore
CMCO,Columbus McKinnon Corporation Common Stock,$16.37,-0.46,-2.733%,472507674.00,United States,1996,630753,Industrials,Construction/Ag Equipment/Trucks
CMCSA,Comcast Corporation Class A Common Stock,$21.79,-0.12,-0.548%,77324790926.00,United States,,32508311,Telecommunications,Cable & Other Pay Television Services
CMCT,Creative Media & Community Trust Corporation Common stock,$1.97,-0.06,-2.956%,5806561.00,United States,,3823,Real Estate,Real Estate Investment Trusts
CME,CME Group Inc. Class A Common Stock,$263.24,-1.24,-0.469%,94655645192.00,United States,2002,1335695,Finance,Investment Bankers/Brokers/Service
CMG,Chipotle Mexican Grill Inc. Common Stock,$31.85,0.52,1.66%,40303563300.00,United States,2006,31440121,Consumer Discretionary,Restaurants
CMI,Cummins Inc. Common Stock,$517.84,-7.22,-1.375%,71288177948.00,United States,,950179,Industrials,Industrial Machinery/Components
CMP,Compass Minerals Intl Inc Common Stock,$22.39,-0.23,-1.017%,939951769.00,United States,2003,287381,Industrials,Mining & Quarrying of Nonmetallic Minerals (No Fuels)
CMPX,Compass Therapeutics Inc. Common Stock,$1.11,-0.02,-1.77%,199897586.00,United States,,3704924,Health Care,Biotechnology: Biological Products (No Diagnostic Substances)
CMRC,Commerce.com Inc. Series 1 Common Stock,$3.17,-0.085,-2.611%,262663001.00,United States,2020,448411,Technology,Computer Software: Prepackaged Software
CMS,CMS Energy Corporation Common Stock,$62.60,-0.35,-0.556%,19629928714.00,United States,,4291576,Utilities,Power Generation
CMS^B,CMS Energy Corporation Preferred Stock,$74.92,-1.13,-1.486%,,United States,,3140,,
CMS^C,CMS Energy Corporation Depositary Shares each representing a 1/1000th interest in a share of 4.200% Cumulative Redeemable Perpetual Preferred Stock Series C,$16.60,-0.22,-1.308%,,United States,,44190,,
CMSA,CMS Energy Corporation 5.625% Junior Subordinated Notes due 2078,$19.155,-0.093,-0.483%,5733770755.00,United States,2018,18782,Utilities,Power Generation
CMSC,CMS Energy Corporation 5.875% Junior Subordinated Notes due 2078,$20.40,0.00,0.00%,6106443404.00,United States,2018,26979,Utilities,Power Generation
CMSD,CMS Energy Corporation 5.875% Junior Subordinated Notes due 2079,$20.27,-0.03,-0.148%,6067529794.00,United States,2019,46786,Utilities,Power Generation
CMT,Core Molding Technologies Inc Common Stock,$22.50,-0.71,-3.059%,199103265.00,United States,1996,41093,Industrials,Plastic Products
CMTG,Claros Mortgage Trust Inc. Common Stock,$1.27,-0.04,-3.053%,179176942.00,United States,2021,502250,Finance,Real Estate
CMTL,Comtech Telecommunications Corp. Common Stock,$1.39,0.00,0.00%,41646389.00,United States,,190910,Technology,Radio And Television Broadcasting And Communications Equipment
CMTV,Community Bancorp. Common Stock,$41.42,0.60,1.47%,231989361.00,United States,,26148,Finance,Major Banks
CNA,CNA Financial Corporation Common Stock,$45.44,-0.54,-1.174%,12296106168.00,United States,,619935,Finance,Property-Casualty Insurers
CNC,Centene Corporation Common Stock,$62.53,0.71,1.148%,30889507350.00,United States,,5165079,Health Care,Medical Specialities
CNDT,Conduent Incorporated Common Stock ,$1.57,-0.07,-4.268%,244167656.00,United States,,1125450,Consumer Discretionary,Business Services
CNK,Cinemark Holdings Inc Cinemark Holdings Inc. Common Stock,$38.38,0.61,1.615%,4448696995.00,United States,2007,2715591,Consumer Discretionary,Movies/Entertainment
CNL,Collective Mining Ltd. Common Shares,$12.27,-0.67,-5.178%,1137953015.00,United States,,155085,,
CNM,Core & Main Inc. Class A Common Stock,$42.39,-0.25,-0.586%,8075042780.00,United States,2021,2009748,Consumer Discretionary,Durable Goods
CNMD,CONMED Corporation Common Stock,$46.48,1.10,2.424%,1392134007.00,United States,1987,374866,Health Care,Biotechnology: Electromedical & Electrotherapeutic Apparatus
CNNE,Cannae Holdings Inc. Common Stock,$15.58,-0.16,-1.017%,675770457.00,United States,2017,471182,Consumer Discretionary,Restaurants
CNO,CNO Financial Group Inc. Common Stock,$53.64,-0.34,-0.63%,4962846340.00,United States,,850015,Finance,Accident &Health Insurance
CNO^A,CNO Financial Group Inc. 5.125% Subordinated Debentures due 2060,$16.78,0.13,0.781%,,United States,,1100,,
CNOB,ConnectOne Bancorp Inc. Common Stock,$30.60,-0.46,-1.481%,1661438628.00,United States,,287579,Finance,Major Banks
CNOBP,ConnectOne Bancorp Inc. Depositary Shares each representing a 1/40th interest in a share of 5.25% Fixed-Rate Reset Non-Cumulative Perpetual Preferred Stock Series A,$25.21,-0.08,-0.316%,1368786530.00,United States,,4395,Finance,Major Banks
CNP,CenterPoint Energy Inc (Holding Co) Common Stock,$36.62,-0.22,-0.597%,24122336947.00,United States,,6036831,Utilities,Electric Utilities: Central
CNR,Core Natural Resources Inc. Common Stock,$88.40,-0.62,-0.696%,4387845119.00,United States,2017,431002,Energy,Coal Mining
CNS,Cohen & Steers Inc Common Stock,$73.77,-0.43,-0.58%,3793366489.00,United States,2004,497798,Finance,Investment Managers
CNSP,CNS Pharmaceuticals Inc. Common Stock,$5.11,0.179,3.63%,7468004.00,United States,2019,2369,Health Care,Biotechnology: Pharmaceutical Preparations
CNSY,Cerenome Inc. Common Stock ,$2.02,0.03,1.508%,15331043.00,United States,,99121,Health Care,Medical/Dental Instruments
CNTN,Canton Strategic Holdings Inc. Common Stock,$2.69,0.12,4.669%,214342861.00,United States,2022,1170584,Health Care,Biotechnology: Pharmaceutical Preparations
CNTX,Context Therapeutics Inc. Common Stock,$0.3263,-0.0194,-5.612%,29980175.00,United States,2021,1553931,Health Care,Biotechnology: Pharmaceutical Preparations
CNTY,Century Casinos Inc. Common Stock,$1.05,-0.05,-4.545%,29544577.00,United States,,85512,Consumer Discretionary,Hotels/Resorts
CNVS,Cineverse Corp. Class A Common Stock,$2.04,0.02,0.99%,48493629.00,United States,,131391,Consumer Discretionary,Consumer Electronics/Video Chains
CNX,CNX Resources Corporation Common Stock,$31.70,-1.09,-3.324%,4689813293.00,United States,1999,2561567,Energy,Oil & Gas Production
CNXC,Concentrix Corporation Common Stock,$25.45,-1.63,-6.019%,1552917008.00,United States,,3366281,Technology,Computer Software: Prepackaged Software
CNXN,PC Connection Inc. Common Stock,$89.70,0.38,0.425%,2263857480.00,United States,,94913,Consumer Discretionary,Catalog/Specialty Distribution
CNXU,Conexeu Sciences Inc. Common Stock,$3.77,-0.12,-3.085%,106339251.00,United States,,179593,Health Care,Industrial Specialties
COAG,Hemab Therapeutics Holdings Inc. Common Stock,$33.12,-1.62,-4.663%,1547105315.00,United States,2026,348544,Health Care,Biotechnology: Biological Products (No Diagnostic Substances)
COCH,Envoy Medical Inc. Class A Common Stock,$0.6921,-0.0229,-3.203%,53426379.00,United States,2021,64876,Health Care,Industrial Specialties
COCO,The Vita Coco Company Inc. Common Stock,$57.66,-0.93,-1.587%,3384307457.00,United States,2021,758739,Consumer Staples,Beverages (Production/Distribution)
COCP,Cocrystal Pharma Inc. Common Stock,$1.21,0.04,3.419%,23308472.00,United States,,32120,Health Care,Biotechnology: Pharmaceutical Preparations
CODA,Coda Octopus Group Inc. Common stock,$10.87,0.09,0.835%,122647308.00,United States,,169979,Industrials,Industrial Machinery/Components
CODI,D/B/A Compass Diversified Holdings Shares of Beneficial Interest,$11.20,-0.05,-0.444%,842642819.00,United States,2006,467389,Consumer Discretionary,Home Furnishings
CODI^A,Compass Diversified Holdings 7.250% Series A Preferred Shares representing beneficial interest in Compass Diversified Holdings,$18.975,-0.04,-0.21%,,United States,,3343,,
CODI^B,Compass Diversified Holdings 7.875% Series B Fixed-to-Floating Rate Cumulative Preferred Shares representing beneficial interests in Compass Diversified Holdings,$22.18,-0.01,-0.045%,,United States,,19288,,
CODI^C,Compass Diversified Holdings 7.875% Series C Cumulative Preferred Shares,$21.33,-0.16,-0.745%,,United States,,11895,,
CODX,Co-Diagnostics Inc. Common Stock,$1.11,0.02,1.835%,7781431.00,United States,2026,177041,Health Care,Medical/Dental Instruments
COF,Capital One Financial Corporation Common Stock,$196.46,-3.74,-1.868%,120525230881.00,United States,1994,2514398,Finance,Major Banks
COF^I,Capital One Financial Corporation Depositary shares each representing a 1/40th interest in a share of Fixed Rate Non-Cumulative Perpetual Preferred Stock Series I of the Issuer,$16.64,-0.13,-0.775%,,United States,,215488,,
COF^J,Capital One Financial Corporation Depositary Shares Each Representing a 1/40th Interest in a Share of Fixed Rate Non- Cumulative Perpetual Preferred Stock Series J,$16.03,-0.12,-0.743%,,United States,,240187,,
COF^K,Capital One Financial Corporation Depositary Shares Each Representing a 1/40th Ownership Interest in a Share of Fixed Rate Non-Cumulative Perpetual Preferred Stock Series K,$15.53,-0.22,-1.397%,,United States,,14633,,
COF^L,Capital One Financial Corporation Depositary Shares Each Representing a 1/40th Interest in a Share of Fixed Rate Non-Cumulative Perpetual Preferred Stock Series L,$14.75,-0.23,-1.535%,,United States,,120161,,
COF^N,Capital One Financial Corporation Depositary Shares Each Representing a 1/40th Ownership Interest in a Share of Fixed Rate Non-Cumulative Perpetual Preferred Stock Series N,$14.54,-0.11,-0.751%,,United States,,51572,,
COFS,ChoiceOne Financial Services Inc. Common Stock,$32.95,-0.11,-0.333%,492784384.00,United States,,81786,Finance,Major Banks
COGT,Cogent Biosciences Inc. Common Stock,$31.86,-0.45,-1.393%,5528505927.00,United States,2018,2212947,Health Care,Biotechnology: Pharmaceutical Preparations
COHN,Cohen & Company Inc.,$9.60,-0.51,-5.045%,30998112.00,United States,,29071,Finance,Investment Bankers/Brokers/Service
COHR,Coherent Corp. Common Stock,$282.45,-13.38,-4.523%,55312817883.00,United States,,6884998,Technology,Electronic Components
COHU,Cohu Inc. Common Stock,$66.07,-0.93,-1.388%,3127650268.00,United States,,689287,Industrials,Electrical Products
COIN,Coinbase Global Inc. Class A Common Stock,$191.79,-3.32,-1.702%,50601283462.00,United States,,6759916,Finance,Finance: Consumer Services
COKE,Coca-Cola Consolidated Inc. Common Stock,$193.57,3.28,1.724%,12884850390.00,United States,1972,491393,Consumer Staples,Beverages (Production/Distribution)
COLB,Columbia Banking System Inc. Common Stock,$29.06,-0.58,-1.957%,8221139908.00,United States,1992,2046031,Finance,Major Banks
COLD,Americold Realty Trust Inc. Common Stock,$14.56,-0.18,-1.221%,4156596823.00,United States,2018,4076989,Real Estate,Real Estate Investment Trusts
COLL,Collegium Pharmaceutical Inc. Common Stock,$22.63,0.10,0.444%,736733522.00,United States,2015,687404,Health Care,Biotechnology: Pharmaceutical Preparations
COLM,Columbia Sportswear Company Common Stock,$58.69,1.09,1.892%,3004528556.00,United States,1998,736982,Consumer Discretionary,Apparel
COMP,Compass Inc. Class A Common Stock,$9.10,-0.28,-2.985%,6893451993.00,United States,2021,17142176,Finance,Real Estate
CON,Concentra Group Holdings Parent Inc. Common Stock,$35.36,0.35,1.00%,4509027145.00,United States,2024,594981,Health Care,Medical Specialities
COO,The Cooper Companies Inc. Common Stock,$56.57,1.19,2.149%,10757084982.00,United States,,4729073,Health Care,Ophthalmic Goods
COOK,Traeger Inc. Common Stock,$45.31,-1.29,-2.768%,126787529.00,United States,2021,115505,Consumer Discretionary,Consumer Electronics/Appliances
COP,ConocoPhillips Common Stock,$126.04,-1.26,-0.99%,151416575853.00,United States,,6198080,Energy,Integrated oil Companies
COR,Cencora Inc. Common Stock,$303.81,-3.11,-1.013%,57975200999.00,United States,,1521365,Health Care,Other Pharmaceuticals
CORT,Corcept Therapeutics Incorporated Common Stock,$115.63,-0.47,-0.405%,12499417645.00,United States,2004,1155459,Health Care,Biotechnology: Pharmaceutical Preparations
CORZ,Core Scientific Inc. Common Stock,$16.52,-0.82,-4.729%,5308544085.00,United States,,9160454,Finance,Finance: Consumer Services
CORZW,Core Scientific Inc. Tranche 1 Warrants,$9.77,-0.855,-8.047%,3139496109.00,United States,,70643,Finance,Finance: Consumer Services
CORZZ,Core Scientific Inc. Tranche 2 Warrants,$16.67,-0.97,-5.499%,5356745151.00,United States,,4412,Finance,Finance: Consumer Services
COSM,Cosmos Health Inc. Common Stock,$0.3702,0.0186,5.29%,37254623.00,United States,,3538850,Health Care,Other Pharmaceuticals
COSO,CoastalSouth Bancshares Inc. Common Stock,$26.56,-0.05,-0.188%,317510086.00,United States,2025,131012,Finance,Major Banks
COST,Costco Wholesale Corporation Common Stock,$922.92,0.155,0.017%,409295457788.00,United States,,2443899,Consumer Discretionary,Department/Specialty Retail Stores
COTY,Coty Inc. Class A Common Stock,$2.68,0.03,1.132%,2360239724.00,United States,2013,4010170,Consumer Discretionary,Package Goods/Cosmetics
COUR,Coursera Inc. Common Stock,$4.64,-0.41,-8.119%,1226816000.00,United States,2021,10052279,Technology,Computer Software: Prepackaged Software
COYA,Coya Therapeutics Inc. Common Stock,$4.98,-0.10,-1.969%,116820088.00,United States,2022,120323,Health Care,Biotechnology: Pharmaceutical Preparations
CPAY,Corpay Inc. Common Stock,$396.23,-1.88,-0.472%,26016302912.00,United States,,493128,Consumer Discretionary,Business Services
CPB,The Campbell's Company Common Stock,$20.04,0.67,3.459%,5976623248.00,United States,,7296801,Consumer Staples,Packaged Foods
CPBI,Central Plains Bancshares Inc. Common Stock,$19.80,0.00,0.00%,82610273.00,United States,2023,128,Finance,Savings Institutions
CPF,Central Pacific Financial Corp New,$36.36,-0.49,-1.33%,936176628.00,United States,,158894,Finance,Major Banks
CPHC,Canterbury Park Holding Corporation 'New' Common Stock,$15.735,-0.045,-0.285%,81560705.00,United States,,464,Consumer Discretionary,Services-Misc. Amusement & Recreation
CPIX,Cumberland Pharmaceuticals Inc. Common Stock,$7.72,0.11,1.445%,115669586.00,United States,2009,30323,Health Care,Biotechnology: Pharmaceutical Preparations
CPK,Chesapeake Utilities Corporation Common Stock,$127.30,-1.47,-1.142%,3068751722.00,United States,,180996,Utilities,Oil & Gas Production
CPNG,Coupang Inc. Class A Common Stock,$13.75,-0.13,-0.937%,24715785903.00,United States,2021,12342146,Consumer Discretionary,Catalog/Specialty Distribution
CPRT,Copart Inc. (DE) Common Stock,$27.22,-0.37,-1.341%,25200588540.00,United States,1994,8045076,Consumer Discretionary,Retail-Auto Dealers and Gas Stations
CPS,Cooper-Standard Holdings Inc. Common Stock,$21.77,-0.93,-4.097%,386835658.00,United States,,216832,Consumer Discretionary,Auto Parts:O.E.M.
CPSH,CPS Technologies Corp. Common Stock,$3.69,-0.16,-4.156%,71541506.00,United States,,280413,Consumer Discretionary,Building Materials
CPSS,Consumer Portfolio Services Inc. Common Stock,$8.97,-0.59,-6.172%,193345785.00,United States,1992,30759,Finance,Finance: Consumer Services
CPT,Camden Property Trust Common Stock,$98.40,0.28,0.285%,9893072040.00,United States,1993,1455458,Real Estate,Real Estate Investment Trusts
CPZ,Calamos Long/Short Equity & Dynamic Income Trust Common Stock,$12.56,-0.195,-1.529%,246580357.00,United States,2019,78737,Finance,Trusts Except Educational Religious and Charitable
CQP,Cheniere Energy Partners LP Common Units,$62.80,-0.63,-0.993%,30398823811.00,United States,2007,172585,Utilities,Oil/Gas Transmission
CR,Crane Company Common Stock,$206.92,0.09,0.044%,11960049664.00,United States,2023,393449,Industrials,Metal Fabrications
CRAI,CRA International Inc. Common Stock,$165.22,3.15,1.944%,1037062809.00,United States,1998,97981,Consumer Discretionary,Other Consumer Services
CRAN,Crane Harbor Acquisition Corp. II Class A Ordinary Shares,$10.10,0.00,0.00%,0.00,United States,2026,13,Finance,Blank Checks
CRANR,Crane Harbor Acquisition Corp. II Rights,$0.17,0.00,0.00%,0.00,United States,2026,1081,Finance,Blank Checks
CRAQ,Cal Redwood Acquisition Corp. Class A Ordinary Shares,$10.40,0.00,0.00%,0.00,United States,2025,10,Finance,Blank Checks
CRBD,Corebridge Financial Inc. 6.375% Junior Subordinated Notes due 2064,$20.69,-0.02,-0.097%,0.00,United States,2024,39187,Finance,Life Insurance
CRBG,Corebridge Financial Inc. Common Stock,$33.78,-1.09,-3.126%,15058195793.00,United States,2022,5927557,Finance,Life Insurance
CRBP,Corbus Pharmaceuticals Holdings Inc. Common Stock,$6.92,-0.22,-3.081%,133841748.00,United States,,932100,Health Care,Biotechnology: Pharmaceutical Preparations
CRBU,Caribou Biosciences Inc. Common Stock,$1.23,-0.01,-0.806%,131865241.00,United States,2021,818650,Health Care,Biotechnology: Biological Products (No Diagnostic Substances)
CRC,California Resources Corporation Common Stock,$51.84,-0.67,-1.276%,4604423253.00,United States,2020,609398,Energy,Oil & Gas Production
CRCL,Circle Internet Group Inc. Class A Common Stock,$85.80,-3.20,-3.596%,21782550590.00,United States,2025,9837888,Finance,Finance: Consumer Services
CRCT,Cricut Inc. Class A Common Stock,$6.33,0.19,3.094%,1325783153.00,United States,2021,942035,Technology,Industrial Machinery/Components
CRD/A,Crawford & Company,$12.60,0.10,0.80%,,United States,,93460,,
CRD/B,Crawford & Company,$11.93,0.10,0.845%,,United States,,21413,,
CRDF,Cardiff Oncology Inc. Common Stock,$1.20,-0.04,-3.226%,93354299.00,United States,,377408,Health Care,Biotechnology: Biological Products (No Diagnostic Substances)
CRDO,Credo Technology Group Holding Ltd Ordinary Shares,$192.67,-18.30,-8.674%,36212696041.00,United States,2022,9095449,Technology,Semiconductors
CREX,Creative Realities Inc. Common Stock,$2.455,-0.025,-1.008%,33207572.00,United States,,10792,Technology,EDP Services
CRF,Cornerstone Total Return Fund Inc. (The) Common Stock,$6.14,-0.05,-0.808%,0.00,United States,2003,1190771,Finance,Finance/Investors Services
CRGY,Crescent Energy Company Class A Common Stock,$12.98,-0.17,-1.293%,4288639974.00,United States,2021,5673442,Energy,Oil & Gas Production
CRI,Carter's Inc. Common Stock,$31.00,-0.31,-0.99%,1138046735.00,United States,2003,1472396,Consumer Discretionary,Apparel
CRIS,Curis Inc. Common Stock,$0.8314,0.0015,0.181%,1737690.00,United States,,159116,Health Care,Biotechnology: Biological Products (No Diagnostic Substances)
CRK,Comstock Resources Inc. Common Stock,$12.69,-0.43,-3.277%,3726044754.00,United States,,1737836,Energy,Oil & Gas Production
CRL,Charles River Laboratories International Inc. Common Stock,$294.59,1.75,0.598%,14063394302.00,United States,2000,901950,Health Care,Biotechnology: Commercial Physical & Biological Resarch
CRM,Salesforce Inc. Common Stock,$227.27,-6.75,-2.884%,187043210000.00,United States,2004,10327506,Technology,Computer Software: Prepackaged Software
CRMD,CorMedix Inc. Common Stock,$7.89,0.04,0.51%,614980716.00,United States,,485301,Health Care,Biotechnology: Pharmaceutical Preparations
CRMT,America's Car-Mart Inc Common Stock,$1.03,-0.03,-2.83%,8588632.00,United States,,517652,Consumer Discretionary,Retail-Auto Dealers and Gas Stations
CRNC,Cerence Inc. Common Stock,$7.80,-0.15,-1.887%,352796005.00,United States,,523652,Technology,Computer Software: Prepackaged Software
CROX,Crocs Inc. Common Stock,$122.36,-3.78,-2.997%,5866559377.00,United States,2006,1081028,Consumer Discretionary,Shoe Manufacturing
CRS,Carpenter Technology Corporation Common Stock,$385.30,-11.54,-2.908%,19094915480.00,United States,,641367,Industrials,Steel/Iron Ore
CRSR,Corsair Gaming Inc. Common Stock,$13.50,-0.16,-1.171%,1460388947.00,United States,2020,737783,Technology,Computer peripheral equipment
CRT,Cross Timbers Royalty Trust Common Stock,$12.32,-0.18,-1.44%,73920000.00,United States,1992,12365,Energy,Oil & Gas Production
CRUS,Cirrus Logic Inc. Common Stock,$119.53,-0.39,-0.325%,5990552066.00,United States,1989,857687,Technology,Semiconductors
CRVL,CorVel Corp. Common Stock,$73.84,-0.49,-0.659%,3730143603.00,United States,,249679,Finance,Specialty Insurers
CRVO,CervoMed Inc. Common Stock,$2.67,0.13,5.118%,40367986.00,United States,,171070,Health Care,Biotechnology: Pharmaceutical Preparations
CRVS,Corvus Pharmaceuticals Inc. Common Stock,$11.87,0.25,2.151%,998515605.00,United States,2016,1210522,Health Care,Biotechnology: Pharmaceutical Preparations
CRWD,CrowdStrike Holdings Inc. Class A Common Stock,$259.25,7.12,2.824%,265455107789.00,United States,2019,8961975,Technology,Computer Software: Prepackaged Software
CRWS,Crown Crafts Inc Common Stock,$2.54,0.04,1.60%,27331129.00,United States,,99313,Consumer Discretionary,Textiles
CRWV,CoreWeave Inc. Class A Common Stock,$85.07,-2.52,-2.877%,46919218732.00,United States,2025,19752262,Technology,Computer Software: Prepackaged Software
CSAI,Cloudastructure Inc. Class A Common Stock,$2.61,-0.92,-26.062%,2264102.00,United States,,1538019,Technology,Computer Software: Programming Data Processing
CSBR,Champions Oncology Inc. Common Stock,$4.93,0.03,0.612%,68618545.00,United States,,4359,Health Care,Biotechnology: Biological Products (No Diagnostic Substances)
CSCO,Cisco Systems Inc. Common Stock (DE),$106.74,0.04,0.037%,420831722824.00,United States,1990,19361353,Telecommunications,Computer Communications Equipment
CSGP,CoStar Group Inc. Common Stock,$27.02,-1.07,-3.809%,10948438828.00,United States,1998,5182924,Finance,Real Estate
CSL,Carlisle Companies Incorporated Common Stock,$326.32,-0.05,-0.015%,12959515881.00,United States,,463846,Industrials,Specialty Chemicals
CSPI,CSP Inc. Common Stock,$7.65,-0.06,-0.778%,77116934.00,United States,1982,7502,Technology,EDP Services
CSQ,Calamos Strategic Total Return Common Stock,$20.44,-0.31,-1.494%,3247662994.00,United States,2004,181655,Finance,Finance Companies
CSR,D/B/A Centerspace Common Stock,$55.67,0.38,0.687%,934930386.00,United States,,366504,Real Estate,Real Estate Investment Trusts
CSTL,Castle Biosciences Inc. Common Stock,$35.93,0.12,0.335%,1097643787.00,United States,2019,228509,Health Care,Medical Specialities
CSV,Carriage Services Inc. Common Stock,$31.38,-0.56,-1.753%,498386448.00,United States,,200996,Consumer Discretionary,Other Consumer Services
CSW,CSW Industrials Inc. Common Stock,$295.41,-1.39,-0.468%,4813258995.00,United States,,89445,Industrials,Home Furnishings
CSWC,Capital Southwest Corporation Common Stock,$22.99,-0.14,-0.605%,1428615291.00,United States,,451327,Consumer Discretionary,Textiles
CSX,CSX Corporation Common Stock,$46.76,-0.02,-0.043%,86621727119.00,United States,,9604240,Industrials,Railroads
CTA^A,EIDP Inc. Preferred Stock $3.50 Series,$50.54,-0.30,-0.59%,,United States,,2157,,
CTA^B,EIDP Inc. Preferred Stock $4.50 Series,$63.75,-0.9503,-1.469%,,United States,,4347,,
CTAA,ClearThink 1 Acquisition Corp. Class A Ordinary Shares,$9.95,0.00,0.00%,0.00,United States,2026,15,Finance,Blank Checks
CTAAR,ClearThink 1 Acquisition Corp. Rights,$0.18,0.0049,2.798%,0.00,United States,2026,100,Finance,Blank Checks
CTAS,Cintas Corporation Common Stock,$200.58,0.67,0.335%,80135073125.00,United States,1983,1856726,Industrials,Garments and Clothing
CTBI,Community Trust Bancorp Inc. Common Stock,$75.22,-0.34,-0.45%,1366593500.00,United States,,96619,Finance,Major Banks
CTEV,Claritev Corporation Class A Common Stock,$22.47,-0.73,-3.147%,380809494.00,United States,2020,137348,Consumer Discretionary,Business Services
CTGO,Contango Silver & Gold Inc. Common Stock,$16.95,-1.60,-8.625%,566819712.00,United States,2021,542859,Basic Materials,Precious Metals
CTKB,Cytek Biosciences Inc. Common Stock,$5.74,0.09,1.593%,746103872.00,United States,2021,1085786,Industrials,Biotechnology: Laboratory Analytical Instruments
CTMX,CytomX Therapeutics Inc. Common Stock,$2.69,-0.01,-0.37%,586149074.00,United States,2015,2694080,Health Care,Biotechnology: Pharmaceutical Preparations
CTNM,Contineum Therapeutics Inc. Class A Common Stock,$12.73,0.17,1.354%,478917010.00,United States,2024,534137,Health Care,Biotechnology: Pharmaceutical Preparations
CTNT,Cheetah Net Supply Chain Service Inc Class A Common Stock,$3.60,-1.1248,-23.806%,4800229.00,United States,2023,1240823,Consumer Discretionary,Motor Vehicles
CTO,CTO Realty Growth Inc. Common Stock,$20.48,-0.24,-1.158%,767702098.00,United States,1992,305815,Real Estate,Real Estate Investment Trusts
CTO^A,CTO Realty Growth Inc. 6.375% Series A Cumulative Redeemable Preferred Stock,$19.60,-0.07,-0.356%,,United States,,5050,,
CTOR,Citius Oncology Inc. Common Stock,$1.03,-0.02,-1.905%,95770640.00,United States,2022,43575,Health Care,Biotechnology: Pharmaceutical Preparations
CTRE,CareTrust REIT Inc. Common Stock,$37.42,0.01,0.027%,8842091507.00,United States,2022,2036461,Real Estate,Real Estate Investment Trusts
CTRI,Centuri Holdings Inc. Common Stock,$19.92,-0.59,-2.877%,2011184016.00,United States,2024,1386882,Utilities,Oil & Gas Production
CTRN,Citi Trends Inc. Common Stock,$50.82,1.79,3.651%,423810697.00,United States,2005,146162,Consumer Discretionary,Clothing/Shoe/Accessory Stores
CTS,CTS Corporation Common Stock,$59.33,-0.27,-0.453%,1694239049.00,United States,,222861,Technology,Electrical Products
CTSH,Cognizant Technology Solutions Corporation Class A Common Stock,$56.75,-0.58,-1.012%,25562708861.00,United States,1998,4853678,Technology,EDP Services
CTSO,Cytosorbents Corporation Common Stock,$4.02,-0.36,-8.219%,12667426.00,United States,,14295,Health Care,Medical/Dental Instruments
CTVA,Corteva Inc. Common Stock ,$77.74,-0.78,-0.993%,51867817040.00,United States,2019,3248544,Consumer Staples,Farming/Seeds/Milling
CTXR,Citius Pharmaceuticals Inc. Common Stock,$0.549,-0.0296,-5.116%,15071461.00,United States,,279625,Health Care,Biotechnology: Pharmaceutical Preparations
CUB,Lionheart Holdings Class A Ordinary Shares,$10.90,0.01,0.092%,346277478.00,United States,2024,8117,Industrials,Industrial Machinery/Components
CUBB,Customers Bancorp Inc 5.375% Subordinated Notes Due 2034,$21.08,-0.17,-0.80%,666623169.00,United States,2019,583,Finance,Major Banks
CUBE,CubeSmart Common Shares,$37.39,-0.43,-1.137%,8418816640.00,United States,,2821564,Real Estate,Real Estate Investment Trusts
CUBI,Customers Bancorp Inc Common Stock,$75.79,-1.27,-1.648%,2560474126.00,United States,,217142,Finance,Major Banks
CUBWU,Lionheart Holdings Unit,$11.02,0.00,0.00%,0.00,United States,2024,2,Finance,Blank Checks
CUBWW,Lionheart Holdings Warrant,$0.15,0.00,0.00%,0.00,United States,2024,3,Industrials,Industrial Machinery/Components
CUE,Cue Biopharma Inc. Common Stock,$27.45,-3.96,-12.607%,199408164.00,United States,2018,237877,Health Care,Biotechnology: Pharmaceutical Preparations
CULP,Culp Inc. Common Stock,$3.74,0.18,5.056%,47630112.00,United States,,275137,Consumer Discretionary,Textiles
CURB,Curbline Properties Corp. Common Stock,$28.35,-0.11,-0.387%,3261328009.00,United States,2024,930507,Finance,Real Estate
CURI,CuriosityStream Inc. Class A Common Stock,$2.90,-0.20,-6.452%,172080281.00,United States,2020,689558,Consumer Discretionary,Movies/Entertainment
CURV,Torrid Holdings Inc. Common Stock,$2.40,0.05,2.128%,239326644.00,United States,2021,147539,Consumer Discretionary,Clothing/Shoe/Accessory Stores
CURX,Curanex Pharmaceuticals Inc Common Stock,$5.0349,0.2949,6.222%,7895937.00,United States,2025,20585,Health Care,Biotechnology: Pharmaceutical Preparations
CUZ,Cousins Properties Incorporated Common Stock,$28.06,-0.59,-2.059%,4618733747.00,United States,,1781226,Real Estate,Real Estate Investment Trusts
CV,CapsoVision Inc. Common Stock,$6.92,0.27,4.06%,368113497.00,United States,2025,352963,Health Care,Biotechnology: Electromedical & Electrotherapeutic Apparatus
CVBF,CVB Financial Corporation Common Stock,$22.19,-0.34,-1.509%,3905383083.00,United States,,1223397,Finance,Major Banks
CVCO,Cavco Industries Inc. Common Stock When Issued,$557.53,0.25,0.045%,4287072297.00,United States,,102563,Consumer Discretionary,Homebuilding
CVGI,Commercial Vehicle Group Inc. Common Stock,$2.96,-0.02,-0.671%,120272739.00,United States,2004,287506,Consumer Discretionary,Auto Parts:O.E.M.
CVI,CVR Energy Inc. Common Stock,$50.75,-0.77,-1.495%,5101927899.00,United States,2007,1214611,Energy,Integrated oil Companies
CVKD,Cadrenal Therapeutics Inc. Common Stock,$1.12,-0.03,-2.609%,3995703.00,United States,2023,75653,Health Care,Biotechnology: Pharmaceutical Preparations
CVLG,Covenant Logistics Group Inc. Class A Common Stock,$32.71,0.24,0.739%,830107118.00,United States,,140834,Industrials,Trucking Freight/Courier Services
CVLT,Commvault Systems Inc. Common Stock,$148.08,2.54,1.745%,6137111037.00,United States,2006,640931,Technology,Computer Software: Prepackaged Software
CVM,Cel-Sci Corporation Common Stock,$1.70,0.03,1.796%,29901278.00,United States,1997,126239,Health Care,Biotechnology: Biological Products (No Diagnostic Substances)
CVNA,Carvana Co. Class A Common Stock,$60.47,-4.59,-7.055%,66545044172.00,United States,2017,15475535,Consumer Discretionary,Retail-Auto Dealers and Gas Stations
CVR,Chicago Rivet & Machine Co. Common Stock,$10.151,-0.0989,-0.965%,9807206.00,United States,1930,3036,Industrials,Industrial Machinery/Components
CVRX,CVRx Inc. Common Stock,$2.59,-0.11,-4.074%,69001736.00,United States,2021,381995,Health Care,Medical/Dental Instruments
CVS,CVS Health Corporation Common Stock,$87.85,-1.28,-1.436%,112357546917.00,United States,,7900439,Consumer Staples,Retail-Drug Stores and Proprietary Stores
CVSA,Covista Inc. Common Shares,$117.51,-3.24,-2.683%,3999901738.00,United States,,674513,Real Estate,Other Consumer Services
CVU,CPI Aerostructures Inc. Common Stock,$5.08,0.00,0.00%,67308649.00,United States,2022,24955,Industrials,Military/Government/Technical
CVV,CVD Equipment Corporation Common Stock,$4.27,-0.13,-2.955%,29681637.00,United States,,59319,Technology,Industrial Machinery/Components
CVX,Chevron Corporation Common Stock,$206.37,1.92,0.939%,407739917815.00,United States,,9529794,Energy,Integrated oil Companies
CW,Curtiss-Wright Corporation Common Stock,$532.36,-7.37,-1.365%,19662420608.00,United States,,414491,Technology,Industrial Machinery/Components
CWBC,Community West Bancshares Common Stock,$26.34,-0.43,-1.606%,714632595.00,United States,,249467,Finance,Major Banks
CWD,CaliberCos Inc. Class A Common Stock,$0.6587,0.0345,5.527%,6840371.00,United States,2023,648383,Finance,Real Estate
CWEN,Clearway Energy Inc. Class C Common Stock,$29.21,-0.56,-1.881%,4787919469.00,United States,2015,1048948,Utilities,Electric Utilities: Central
CWH,Camping World Holdings Inc. Class A Common Stock,$5.17,-0.22,-4.082%,534034716.00,United States,2016,1343570,Consumer Discretionary,Retail-Auto Dealers and Gas Stations
CWK,Cushman & Wakefield Ltd. Common Shares,$11.86,-0.30,-2.467%,2783704577.00,United States,2018,2128435,Finance,Real Estate
CWST,Casella Waste Systems Inc. Class A Common Stock,$81.60,-0.64,-0.778%,5193027754.00,United States,1997,557279,Utilities,Environmental Services
CWT,California Water Service Group Common Stock,$45.66,-0.51,-1.105%,2823573352.00,United States,,417161,Utilities,Water Supply
CXAI,CXApp Inc. Class A Common Stock,$2.53,0.035,1.403%,5913637.00,United States,2021,33089,Technology,EDP Services
CXAIW,CXApp Inc. Warrant,$0.0339,0.0002,0.593%,79238.00,United States,2021,11909,Technology,EDP Services
CXDO,Crexendo Inc. Common Stock,$5.86,-0.23,-3.777%,194867209.00,United States,,239209,Telecommunications,Telecommunications Equipment
CXII,Churchill Capital Corp XII Class A Ordinary Shares,$10.79,0.00,0.00%,0.00,United States,2026,158,Finance,Blank Checks
CXIIW,Churchill Capital Corp XII Warrants,$2.13,0.00,0.00%,0.00,United States,2026,2319,Finance,Blank Checks
CXM,Sprinklr Inc. Class A Common Stock,$4.98,-0.09,-1.775%,1156213273.00,United States,2021,2810530,Technology,Computer Software: Prepackaged Software
CXT,Crane NXT Co. Common Stock,$47.50,-0.22,-0.461%,2734161940.00,United States,,544493,Industrials,Metal Fabrications
CXW,CoreCivic Inc. Common Stock,$31.69,-0.44,-1.369%,3133934666.00,United States,,2477754,Real Estate,Real Estate Investment Trusts
CYCU,Cycurion Inc. Common Stock,$2.77,-0.04,-1.423%,8947216.00,United States,2025,139197,Technology,EDP Services
CYCUW,Cycurion Inc. Warrant,$0.0161,-0.0161,-50.00%,52004.00,United States,2025,282942,Technology,EDP Services
CYH,Community Health Systems Inc. Common Stock,$2.89,-0.05,-1.701%,407517042.00,United States,2000,1267813,Health Care,Hospital/Nursing Management
CYN,Cyngn Inc. Common Stock,$0.6575,-0.0324,-4.696%,10091495.00,United States,2021,214513,Technology,EDP Services
CYPH,Cypherpunk Technologies Inc. Common Stock,$3.31,-0.81,-19.66%,356700104.00,United States,,26755260,Health Care,Biotechnology: Pharmaceutical Preparations
CYRX,CryoPort Inc. Common Stock,$17.38,-0.03,-0.172%,880281358.00,United States,,732409,Health Care,Biotechnology: Pharmaceutical Preparations
CYTK,Cytokinetics Incorporated Common Stock,$66.16,1.50,2.32%,9197789335.00,United States,2004,2551262,Health Care,Biotechnology: Pharmaceutical Preparations
CZFS,Citizens Financial Services Inc. Common Stock,$80.44,0.59,0.739%,386904736.00,United States,,51834,Finance,Major Banks
CZNC,Citizens & Northern Corp Common Stock,$25.56,-0.14,-0.545%,458415201.00,United States,,69404,Finance,Major Banks
CZR,Caesars Entertainment Inc. Common Stock,$29.59,0.00,0.00%,6028085807.00,United States,,3202140,Consumer Discretionary,Hotels/Resorts
CZWI,Citizens Community Bancorp Inc. Common Stock,$21.12,-0.22,-1.031%,203812879.00,United States,2006,45903,Finance,Savings Institutions
D,Dominion Energy Inc. Common Stock,$60.28,-0.40,-0.659%,53017824206.00,United States,,3454291,Utilities,Electric Utilities: Central
DAAQ,Digital Asset Acquisition Corp. Class A Ordinary shares,$10.46,0.00,0.00%,0.00,United States,2025,125,Finance,Blank Checks
DAAQU,Digital Asset Acquisition Corp. Units,$11.54,-0.22,-1.871%,0.00,United States,2025,113,Finance,Blank Checks
DAAQW,Digital Asset Acquisition Corp. Warrant,$0.1405,-0.0095,-6.333%,0.00,United States,2025,489,Finance,Blank Checks
DAIC,CID HoldCo Inc. Common Stock,$3.26,0.06,1.875%,7621120.00,United States,,308697,Technology,EDP Services
DAICW,CID HoldCo Inc. Warrants,$0.0081,-0.0019,-19.00%,18936.00,United States,,63472,Technology,EDP Services
DAIO,Data I/O Corporation Common Stock,$2.85,0.00,0.00%,29627537.00,United States,1981,10221,Industrials,Electrical Products
DAKT,Daktronics Inc. Common Stock,$17.05,0.03,0.176%,819979683.00,United States,1994,521831,Consumer Discretionary,Miscellaneous manufacturing industries
DAL,Delta Air Lines Inc. Common Stock,$84.03,-0.91,-1.071%,55260063211.00,United States,,7610075,Consumer Discretionary,Air Freight/Delivery Services
DAN,Dana Incorporated Common Stock ,$27.12,-0.02,-0.074%,2917479534.00,United States,,1692297,Consumer Discretionary,Auto Parts:O.E.M.
DAR,Darling Ingredients Inc. Common Stock,$60.59,-0.70,-1.142%,9561278680.00,United States,1997,2140387,Consumer Staples,Packaged Foods
DARE,Dare Bioscience Inc. Common Stock,$0.75,-0.0255,-3.288%,14751812.00,United States,2014,698473,Health Care,Biotechnology: Pharmaceutical Preparations
DASH,DoorDash Inc. Class A Common Stock,$178.39,-14.97,-7.742%,77296018981.00,United States,,6848555,Consumer Discretionary,Business Services
DAVE,Dave Inc. Class A Common Stock,$320.70,-4.18,-1.287%,4090691095.00,United States,,308965,Finance,Finance: Consumer Services
DAVEW,Dave Inc. Warrants,$1.01,-0.04,-3.81%,12883062.00,United States,,18104,Finance,Finance: Consumer Services
DBCA,D. Boral Acquisition I Corp. Class A Ordinary Shares,$10.025,-0.005,-0.05%,0.00,United States,2026,1245,Finance,Blank Checks
DBD,Diebold Nixdorf Incorporated Common stock,$60.89,-1.83,-2.918%,2067007743.00,United States,2023,261200,Miscellaneous,Office Equipment/Supplies/Services
DBGI,Digital Brands Group Inc. Common Stock,$4.75,0.02,0.423%,4434168.00,United States,2025,116619,Consumer Discretionary,Clothing/Shoe/Accessory Stores
DBI,Designer Brands Inc. Class A Common Stock,$6.29,0.16,2.61%,321566211.00,United States,,687805,Consumer Discretionary,Clothing/Shoe/Accessory Stores
DBL,DoubleLine Opportunistic Credit Fund Common Shares of Beneficial Interest,$13.42,-0.14,-1.032%,0.00,United States,2012,140518,,
DBRG,DigitalBridge Group Inc.,$15.98,0.00,0.00%,2996174590.00,United States,2014,3900064,Real Estate,Real Estate Investment Trusts
DBRG^H,DigitalBridge Group Inc. 7.125% Series H ,$14.57,-0.155,-1.053%,,United States,,26926,,
DBRG^I,DigitalBridge Group Inc. 7.15% Series I ,$14.90,-0.005,-0.034%,,United States,,1094683,,
DBRG^J,DigitalBridge Group Inc. 7.125% Series J ,$15.48,0.0999,0.65%,,United States,,397962,,
DBX,Dropbox Inc. Class A Common Stock,$31.92,-0.40,-1.238%,7204640377.00,United States,2018,5559868,Technology,Computer Software: Prepackaged Software
DC,Dakota Gold Corp. Common Stock,$6.18,-0.43,-6.505%,829189084.00,United States,2022,1278383,Basic Materials,Metal Mining
DCBG,Dime Commercial Bancshares Inc. 9.000% Junior Subordinated Notes,$26.72,0.22,0.83%,1046051581.00,United States,,240,Finance,Major Banks
DCGO,DocGo Inc. Common Stock,$0.365,0.0205,5.951%,36108855.00,United States,2020,921926,Health Care,Medical/Nursing Services
DCH,Dauch Corporation Common Stock,$5.11,-0.35,-6.41%,1214159516.00,United States,,3770018,Consumer Discretionary,Auto Parts:O.E.M.
DCI,Donaldson Company Inc. Common Stock,$87.48,0.07,0.08%,10139818085.00,United States,,540838,Industrials,Pollution Control Equipment
DCO,Ducommun Incorporated Common Stock,$169.04,-3.11,-1.807%,2552466642.00,United States,,150586,Industrials,Military/Government/Technical
DCOM,Dime Commercial Bancshares Inc. Common Stock,$39.59,-0.78,-1.932%,1748159596.00,United States,,229253,Finance,Major Banks
DCOM^,Dime Commercial Bancshares Inc. Preferred Stock Series A,$16.65,0.3499,2.147%,,United States,,6612,,
DCOY,Decoy Therapeutics Inc. Common Stock,$2.31,-0.78,-25.243%,4249520.00,United States,2015,549781,Health Care,Biotechnology: Pharmaceutical Preparations
DCTH,Delcath Systems Inc. Common Stock,$15.81,0.21,1.346%,548587949.00,United States,,304252,Health Care,Medical/Dental Instruments
DD,DuPont de Nemours Inc. Common Stock,$130.98,-0.73,-0.554%,17687928866.00,United States,2017,834241,Industrials,Major Chemicals
DDD,3D Systems Corporation Common Stock,$3.52,-0.05,-1.401%,584837535.00,United States,,1357322,Technology,Computer Software: Prepackaged Software
DDOG,Datadog Inc. Class A Common Stock,$268.70,0.57,0.213%,96483458949.00,United States,2019,3478165,Technology,Computer Software: Prepackaged Software
DDS,Dillard's Inc. Common Stock,$681.94,17.87,2.691%,10651528415.00,United States,,194450,Consumer Discretionary,Department/Specialty Retail Stores
DDT,Dillard's Capital Trust I,$26.32,0.058,0.221%,411103950.00,United States,,7393,Consumer Discretionary,Department/Specialty Retail Stores
DE,Deere & Company Common Stock,$689.59,-0.87,-0.126%,185930987861.00,United States,,798803,Industrials,Industrial Machinery/Components
DEA,Easterly Government Properties Inc. Common Stock,$22.78,-0.13,-0.567%,1077986435.00,United States,2015,360711,Real Estate,Real Estate Investment Trusts
DEC,Diversified Energy Company Common Stock,$13.57,-0.22,-1.595%,1041582869.00,United States,2025,679608,,
DECK,Deckers Outdoor Corporation Common Stock,$78.36,-0.31,-0.394%,10689418828.00,United States,1993,3359609,Consumer Discretionary,Shoe Manufacturing
DEI,Douglas Emmett Inc. Common Stock,$9.67,-0.15,-1.527%,1619582532.00,United States,2006,2914016,Real Estate,Real Estate Investment Trusts
DELL,Dell Technologies Inc. Class C Common Stock ,$543.43,-19.46,-3.457%,345519722733.00,United States,2018,6863156,Technology,Computer Manufacturing
DERM,Journey Medical Corporation Common Stock,$6.43,0.29,4.723%,181482860.00,United States,2021,149868,Health Care,Biotechnology: Pharmaceutical Preparations
DETX,Liberty Defense Holdings Ltd. Common Shares,$2.185,0.077,3.653%,12415133.00,United States,,9996,Industrials,Industrial Machinery/Components
DFDV,DeFi Development Corp. Common Stock,$5.575,-0.465,-7.699%,181860904.00,United States,2023,2048826,Finance,Finance: Consumer Services
DFDVW,DeFi Development Corp. Warrant,$0.88,-0.03,-3.297%,28706295.00,United States,,6369,Finance,Finance: Consumer Services
DFH,Dream Finders Homes Inc. Class A Common Stock,$10.88,-0.42,-3.717%,985022084.00,United States,2022,664188,Consumer Discretionary,Homebuilding
DFIN,Donnelley Financial Solutions Inc. Common Stock ,$47.68,-1.24,-2.535%,1172231061.00,United States,2016,191826,Consumer Discretionary,Other Consumer Services
DFLI,Dragonfly Energy Holdings Corp. Common Stock (NV),$0.8551,-0.0584,-6.393%,12808374.00,United States,2021,440415,Miscellaneous,Industrial Machinery/Components
DFLIW,Dragonfly Energy Holdings Corp. Warrant,$0.0197,-0.0001,-0.505%,295082.00,United States,2021,3600,Miscellaneous,Industrial Machinery/Components
DFNS,T3 Defense Inc. Common Stock,$7.21,-0.58,-7.445%,20478534.00,United States,2020,272058,Consumer Discretionary,Professional Services
DFNSW,T3 Defense Inc. Warrants,$0.0596,-0.0004,-0.667%,169282.00,United States,2020,43910,Consumer Discretionary,Professional Services
DFTX,Definium Therapeutics Inc. Common Shares,$38.41,2.24,6.193%,5161034550.00,United States,,2994691,Health Care, Medicinal Chemicals and Botanical Products 
DG,Dollar General Corporation Common Stock,$124.37,-0.47,-0.376%,27438110172.00,United States,2009,2452454,Consumer Discretionary,Department/Specialty Retail Stores
DGICA,Donegal Group Inc. Class A Common Stock,$18.02,-0.07,-0.387%,668889462.00,United States,,123739,Finance,Property-Casualty Insurers
DGICB,Donegal Group Inc. Class B Common Stock,$16.59,-1.61,-8.846%,615808888.00,United States,1986,12712,Finance,Property-Casualty Insurers
DGII,Digi International Inc. Common Stock,$78.22,-0.08,-0.102%,2968302181.00,United States,1989,364419,Telecommunications,Computer Communications Equipment
DGX,Quest Diagnostics Incorporated Common Stock,$237.62,1.30,0.55%,26226917803.00,United States,,1036430,Health Care,Medical Specialities
DH,Definitive Healthcare Corp. Class A Common Stock,$0.9153,-0.0297,-3.143%,132691083.00,United States,2021,388218,Technology,Computer Software: Prepackaged Software
DHC,Diversified Healthcare Trust Common Shares of Beneficial Interest,$7.96,-0.17,-2.091%,1927346744.00,United States,,1538444,Real Estate,Real Estate Investment Trusts
DHCNI,Diversified Healthcare Trust 5.625% Senior Notes due 2042,$17.40,-0.22,-1.249%,4200609812.00,United States,,8964,Real Estate,Real Estate Investment Trusts
DHCNL,Diversified Healthcare Trust 6.25% Senior Notes Due 2046,$18.79,0.04,0.213%,4536175768.00,United States,,19220,Real Estate,Real Estate Investment Trusts
DHF,BNY Mellon High Yield Strategies Fund Common Stock,$2.23,-0.01,-0.446%,0.00,United States,1998,462184,Finance,Finance Companies
DHI,D.R. Horton Inc. Common Stock,$139.42,-2.09,-1.477%,38995950645.00,United States,,2653998,Consumer Discretionary,Homebuilding
DHR,Danaher Corporation Common Stock,$227.33,2.84,1.265%,159809819656.00,United States,,4929774,Industrials,Industrial Machinery/Components
DHX,DHI Group Inc. Common Stock,$4.63,-0.10,-2.114%,201054000.00,United States,2007,221264,Consumer Discretionary,Business Services
DHY,UBS Asset Management High Yield Credit Fund Common Stock,$1.61,-0.01,-0.617%,0.00,United States,1998,949797,Finance,Finance/Investors Services
DIBS,1stdibs.com Inc. Common Stock,$3.98,0.01,0.252%,133788866.00,United States,2021,114690,Consumer Discretionary,Catalog/Specialty Distribution
DIN,Dine Brands Global Inc. Common Stock,$28.85,0.68,2.414%,365216478.00,United States,,763370,Consumer Discretionary,Restaurants
DINO,HF Sinclair Corporation Common Stock,$106.19,-0.63,-0.59%,18878866925.00,United States,1960,2532930,Energy,Natural Gas Distribution
DIOD,Diodes Incorporated Common Stock,$96.37,0.53,0.553%,4438002811.00,United States,,469657,Technology,Semiconductors
DIS,Walt Disney Company (The) Common Stock,$105.59,-0.56,-0.528%,182320869982.00,United States,,12096078,Consumer Discretionary,Services-Misc. Amusement & Recreation
DIT,AMCON Distributing Company Common Stock,$67.56,0.00,0.00%,65940452.00,United States,1999,97,Consumer Discretionary,Food Distributors
DJCO,Daily Journal Corp. (S.C.) Common Stock,$659.08,2.22,0.338%,908180604.00,United States,,48368,Consumer Discretionary,Newspapers/Magazines
DJT,Trump Media & Technology Group Corp. Common Stock,$9.12,-0.02,-0.219%,2534824419.00,United States,2024,2936978,Technology,Computer Software: Programming Data Processing
DJTWW,Trump Media & Technology Group Corp. Warrants,$5.28,0.21,4.142%,1467529927.00,United States,2021,13092,Technology,Computer Software: Programming Data Processing
DK,Delek US Holdings Inc. Common Stock,$67.47,-0.37,-0.545%,4131334780.00,United States,2017,2475280,Energy,Integrated oil Companies
DKL,Delek Logistics Partners L.P. Common Units representing Limited Partner Interests,$53.63,-0.26,-0.482%,2852971253.00,United States,2012,187295,Energy,Natural Gas Distribution
DKNG,DraftKings Inc. Class A Common Stock,$21.16,-0.86,-3.906%,10504967656.00,United States,2019,16034146,Consumer Discretionary,Services-Misc. Amusement & Recreation
DKS,Dick's Sporting Goods Inc Common Stock,$134.16,-2.27,-1.664%,11930386753.00,United States,2002,2249645,Consumer Discretionary,Other Specialty Stores
DLB,Dolby Laboratories Common Stock,$58.19,-0.37,-0.632%,5450587181.00,United States,2005,669863,Miscellaneous,Multi-Sector Companies
DLHC,DLH Holdings Corp.,$3.46,-0.09,-2.535%,50145901.00,United States,,20618,Consumer Discretionary,Professional Services
DLPN,Dolphin Entertainment Inc. Common Stock,$1.07,-0.015,-1.382%,13946199.00,United States,,10061,Consumer Discretionary,Other Consumer Services
DLR,Digital Realty Trust Inc. Common Stock,$177.18,-1.43,-0.801%,65563009664.00,United States,2004,1376807,Real Estate,Real Estate Investment Trusts
DLR^J,Digital Realty Trust Inc. 5.250% Series J Cumulative Redeemable Preferred Stock,$18.1699,-0.0138,-0.076%,,United States,,12489,,
DLR^K,Digital Realty Trust Inc. 5.850% Series K Cumulative Redeemable Preferred Stock par value $0.01 per share,$20.405,0.075,0.369%,,United States,,16321,,
DLR^L,Digital Realty Trust Inc. 5.200% Series L Cumulative Redeemable Preferred Stock,$18.115,-0.035,-0.193%,,United States,,21746,,
DLTH,Duluth Holdings Inc. Class B Common Stock,$3.94,-0.03,-0.756%,149739704.00,United States,2015,63835,Consumer Discretionary,Clothing/Shoe/Accessory Stores
DLTR,Dollar Tree Inc. Common Stock,$116.02,1.95,1.709%,21768867290.00,United States,1995,2072532,Consumer Discretionary,Department/Specialty Retail Stores
DLX,Deluxe Corporation Common Stock,$23.88,-0.45,-1.85%,1095048205.00,United States,,490285,Consumer Discretionary,Publishing
DLY,DoubleLine Yield Opportunities Fund Common Shares of Beneficial Interest,$13.07,-0.04,-0.305%,626651332.00,United States,2020,300377,Finance,Investment Managers
DMAA,Drugs Made In America Acquisition Corp. Ordinary Shares,$10.88,0.04,0.369%,0.00,United States,2025,293,,
DMAAR,Drugs Made In America Acquisition Corp. Rights,$0.1249,-0.0001,-0.08%,0.00,United States,2025,786,Finance,Blank Checks
DMAAU,Drugs Made In America Acquisition Corp. Units,$10.99,0.00,0.00%,0.00,United States,2025,25,Finance,Blank Checks
DMAC,DiaMedica Therapeutics Inc. Common Stock,$8.32,0.38,4.786%,448661799.00,United States,2018,362969,Health Care,Biotechnology: Pharmaceutical Preparations
DMII,Drugs Made In America Acquisition II Corp. Ordinary Shares,$10.16,0.00,0.00%,0.00,United States,2025,26,Finance,Blank Checks
DMIIR,Drugs Made In America Acquisition II Corp. Right,$0.0641,0.0041,6.833%,0.00,United States,2025,5373,Finance,Blank Checks
DMLP,Dorchester Minerals L.P. Common Units Representing Limited Partnership Interests,$28.33,-0.71,-2.445%,1390759589.00,United States,,93758,Energy,Oil & Gas Production
DMO,Western Asset Mortgage Opportunity Fund Inc. Common Stock,$9.47,-0.05,-0.525%,0.00,United States,2010,56806,Finance,Trusts Except Educational Religious and Charitable
DMRC,Digimarc Corporation Common Stock,$4.90,-0.01,-0.204%,110129112.00,United States,,126141,Technology,EDP Services
DNA,Ginkgo Bioworks Holdings Inc. Class A Common Stock,$10.46,-0.20,-1.876%,672999297.00,United States,2021,2122234,Health Care,Biotechnology: Biological Products (No Diagnostic Substances)
DNLI,Denali Therapeutics Inc. Common Stock,$20.98,0.59,2.894%,3353598515.00,United States,2017,2559617,Health Care,Biotechnology: Biological Products (No Diagnostic Substances)
DNMX,Dynamix Corporation III Class A Ordinary Shares,$10.055,0.00,0.00%,0.00,United States,2025,50,Finance,Blank Checks
DNMXU,Dynamix Corporation III Unit,$10.1399,-0.01,-0.099%,0.00,United States,2025,1352,Finance,Blank Checks
DNMXW,Dynamix Corporation III Warrants,$0.22,-0.02,-8.333%,0.00,United States,2025,2100,Finance,Blank Checks
DNOW,DNOW Inc. Common Stock,$16.14,0.21,1.318%,2917884281.00,United States,2014,1806427,Consumer Discretionary,Oil and Gas Field Machinery
DNP,DNP Select Income Fund Inc. Common Stock,$9.72,-0.08,-0.816%,0.00,United States,1987,1045900,Finance,Investment Managers
DNTH,Dianthus Therapeutics Inc. Common Stock,$87.83,-0.72,-0.813%,4912716420.00,United States,2018,652742,Health Care,Biotechnology: Pharmaceutical Preparations
DNUT,Krispy Kreme Inc. Common Stock,$2.89,0.00,0.00%,501415000.00,United States,2021,1656716,Consumer Staples,Food Chains
DOC,Healthpeak Properties Inc. Common Stock,$20.10,-0.21,-1.034%,13859497926.00,United States,,5461686,Real Estate,Real Estate Investment Trusts
DOCN,DigitalOcean Holdings Inc. Common Stock,$136.29,-3.46,-2.476%,16024916870.00,United States,2021,1836070,Technology,Computer Software: Programming Data Processing
DOCS,Doximity Inc. Class A Common Stock,$26.20,-0.15,-0.569%,4670044676.00,United States,2021,3035655,Technology,EDP Services
DOCU,DocuSign Inc. Common Stock,$66.98,-0.52,-0.77%,12518726235.00,United States,1989,3271814,Technology,Computer Software: Prepackaged Software
DOMH,Dominari Holdings Inc. Common Stock,$2.48,0.145,6.21%,60124242.00,United States,,290581,Finance,Investment Bankers/Brokers/Service
DORM,Dorman Products Inc. Common Stock,$123.71,-0.31,-0.25%,3671170703.00,United States,,183196,Consumer Discretionary,Auto Parts:O.E.M.
DOUG,Douglas Elliman Inc. Common Stock,$1.53,-0.04,-2.548%,139062424.00,United States,2021,428511,Finance,Real Estate
DOV,Dover Corporation Common Stock,$191.48,-0.40,-0.208%,25788569483.00,United States,,1278362,Industrials,Industrial Machinery/Components
DOW,Dow Inc. Common Stock ,$27.89,-0.13,-0.464%,20146082430.00,United States,2019,7994133,Industrials,Major Chemicals
DPG,Duff & Phelps Utility and Infrastructure Fund Inc.,$12.79,-0.13,-1.006%,0.00,United States,2011,109572,Finance,Trusts Except Educational Religious and Charitable
DPZ,Domino's Pizza Inc Common Stock,$292.27,0.13,0.044%,9668798688.00,United States,2004,613808,Consumer Discretionary,Food Distributors
DRCT,Direct Digital Holdings Inc. Class A Common Stock,$1.52,-0.05,-3.185%,1220145.00,United States,2022,25838,Consumer Discretionary,Advertising
DRDB,Roman DBDR Acquisition Corp. II Ordinary shares,$10.70,-0.01,-0.093%,0.00,United States,2025,242,,
DRDBU,Roman DBDR Acquisition Corp. II Unit,$10.72,0.00,0.00%,0.00,United States,2024,2,,
DRDBW,Roman DBDR Acquisition Corp. II Warrants,$0.0901,-0.0249,-21.652%,0.00,United States,2025,2010,,
DRH,Diamondrock Hospitality Company Common Stock,$12.64,0.15,1.201%,2586215808.00,United States,2005,2217792,Real Estate,Real Estate Investment Trusts
DRI,Darden Restaurants Inc. Common Stock,$197.02,-2.73,-1.367%,22475641452.00,United States,,1494193,Consumer Discretionary,Restaurants
DRMA,Dermata Therapeutics Inc. Common Stock,$1.12,-0.02,-1.754%,4504800.00,United States,2021,25078,Health Care,Biotechnology: Pharmaceutical Preparations
DRVN,Driven Brands Holdings Inc. Common Stock,$11.76,-0.55,-4.468%,1940162636.00,United States,2021,948003,Consumer Discretionary,Automotive Aftermarket
DSGN,Design Therapeutics Inc. Common Stock,$12.36,0.24,1.98%,773509206.00,United States,2021,433140,Health Care,Biotechnology: Pharmaceutical Preparations
DSGR,Distribution Solutions Group Inc. Common Stock,$35.00,0.04,0.114%,1618939770.00,United States,,213130,Consumer Discretionary,Industrial Specialties
DSL,DoubleLine Income Solutions Fund Common Shares of Beneficial Interests,$9.91,-0.11,-1.098%,1010788565.00,United States,2013,968731,Finance,Trusts Except Educational Religious and Charitable
DSM,BNY Mellon Strategic Municipal Bond Fund Inc. Common Stock,$5.15,-0.11,-2.091%,0.00,United States,1989,205816,Finance,Investment Managers
DSP,Viant Technology Inc. Class A Common Stock,$12.24,0.05,0.41%,813945520.00,United States,2021,386113,Technology,Computer Software: Programming Data Processing
DSS,DSS Inc. Common Stock,$0.69,-0.0176,-2.487%,6929337.00,United States,,14356,Consumer Discretionary,Containers/Packaging
DSU,Blackrock Debt Strategies Fund Inc. Common Stock,$8.88,-0.06,-0.671%,0.00,United States,1998,320484,Finance,Finance Companies
DT,Dynatrace Inc. Common Stock,$57.84,-0.11,-0.19%,16715883084.00,United States,2019,7593596,Technology,Computer Software: Prepackaged Software
DTB,DTE Energy Company 2020 Series G 4.375% Junior Subordinated Debentures due 2080,$15.11,-0.23,-1.499%,3144210723.00,United States,2020,21034,Utilities,Electric Utilities: Central
DTCX,Datacentrex Inc. Common Stock,$1.79,-0.12,-6.283%,71857091.00,United States,,130905,Technology,EDP Services
DTE,DTE Energy Company Common Stock,$120.83,-0.61,-0.502%,25143281377.00,United States,,2366573,Utilities,Electric Utilities: Central
DTF,DTF Tax-Free Income 2028 Term Fund Inc. Common Stock,$11.18,-0.09,-0.799%,78590559.00,United States,1991,30797,Finance,Investment Managers
DTG,DTE Energy Company 2021 Series E 4.375% Junior Subordinated Debentures,$15.3057,-0.0543,-0.354%,3184933558.00,United States,2021,24814,Utilities,Electric Utilities: Central
DTI,Drilling Tools International Corporation Common Stock,$2.36,-0.09,-3.673%,83266049.00,United States,2021,183014,Consumer Discretionary,Oil and Gas Field Machinery
DTIL,Precision BioSciences Inc. Common Stock,$6.24,0.02,0.322%,172233697.00,United States,2019,222828,Health Care,Biotechnology: Biological Products (No Diagnostic Substances)
DTK,DTE Energy Company 2025 Series H 6.25% Junior Subordinated Debentures due 2085,$20.94,-0.44,-2.058%,0.00,United States,2025,66761,Utilities,Electric Utilities: Central
DTM,DT Midstream Inc. Common Stock ,$121.97,-0.31,-0.254%,12442805653.00,United States,2021,1062971,Utilities,Natural Gas Distribution
DTSQ,DT Cloud Star Acquisition Corporation Ordinary Shares,$11.50,0.00,0.00%,0.00,United States,2024,157,,
DTSQR,DT Cloud Star Acquisition Corporation Right,$0.15,0.00,0.00%,0.00,United States,2024,9,Finance,Blank Checks
DTST,Data Storage Corporation Common Stock,$3.275,0.145,4.633%,7656092.00,United States,,23525,Technology,EDP Services
DTW,DTE Energy Company 2017 Series E 5.25% Junior Subordinated Debentures due 2077,$18.49,-0.06,-0.323%,3847548396.00,United States,2017,41562,Utilities,Electric Utilities: Central
DUK,Duke Energy Corporation (Holding Company) Common Stock,$113.41,0.06,0.053%,88426025708.00,United States,,4193539,Utilities,Power Generation
DUK^A,Duke Energy Corporation Depositary Shares each representing a 1/1000th interest in a share of 5.75% Series A Cumulative Redeemable Perpetual Preferred Stock,$22.10,-0.15,-0.674%,,United States,,116084,,
DUKB,Duke Energy Corporation 5.625% Junior Subordinated Debentures due 2078,$20.13,-0.14,-0.691%,15695405145.00,United States,2018,81946,Utilities,Power Generation
DUKU,Duke Energy Corporation Corporate Units,$47.94,0.47,0.99%,0.00,United States,2026,146811,Utilities,Power Generation
DUOL,Duolingo Inc. Class A Common Stock,$134.30,-9.21,-6.418%,6283395927.00,United States,2021,1625827,Technology,Computer Software: Prepackaged Software
DUOT,Duos Technologies Group Inc. Common Stock,$8.99,-0.15,-1.641%,282937766.00,United States,,401295,Technology,Computer Software: Prepackaged Software
DV,DoubleVerify Holdings Inc. Common Stock,$13.40,-0.01,-0.075%,2076823750.00,United States,2021,2442370,Technology,Computer Software: Programming Data Processing
DVA,DaVita Inc. Common Stock,$178.07,-0.40,-0.224%,11360866000.00,United States,,439522,Health Care,Misc Health and Biotechnology Services
DVLT,Datavault AI Inc. Common Stock,$0.161,0.0084,5.505%,152906305.00,United States,2018,43973029,Consumer Discretionary,Business Services
DVN,Devon Energy Corporation Common Stock,$46.73,-0.32,-0.68%,51403000000.00,United States,1985,9498158,Energy,Oil & Gas Production
DWSN,Dawson Geophysical Company Common Stock,$2.90,0.01,0.346%,90061292.00,United States,,41524,Energy,Oil & Gas Production
DWTX,Dogwood Therapeutics Inc. Common Stock,$1.36,0.00,0.00%,46229872.00,United States,2020,82072,Health Care,Biotechnology: Pharmaceutical Preparations
DX,Dynex Capital Inc. Common Stock,$11.33,-0.01,-0.088%,2811731170.00,United States,,8153983,Real Estate,Real Estate Investment Trusts
DX^C,Dynex Capital Inc. 6.900% Series C Fixed-to-Floating Rate Cumulative Redeemable Preferred Stock,$25.93,0.25,0.974%,,United States,,31681,,
DXC,DXC Technology Company Common Stock ,$10.35,-0.30,-2.817%,1653709431.00,United States,,2648299,Technology,EDP Services
DXCM,DexCom Inc. Common Stock,$86.68,0.06,0.069%,32709631110.00,United States,2005,3411257,Health Care,Medical/Dental Instruments
DXLG,Destination XL Group Inc. Common Stock,$0.4742,-0.025,-5.008%,26296073.00,United States,,114260,Consumer Discretionary,Clothing/Shoe/Accessory Stores
DXPE,DXP Enterprises Inc. Common Stock,$191.43,-0.67,-0.349%,2970447642.00,United States,,162105,Industrials,Industrial Machinery/Components
DXR,Daxor Corporation Common Stock,$11.35,0.34,3.088%,66263842.00,United States,,11715,Health Care,Medical/Dental Instruments
DY,Dycom Industries Inc. Common Stock,$266.79,-4.73,-1.742%,8046641718.00,United States,,661382,Industrials,Water Sewer Pipeline Comm & Power Line Construction
DYAI,Dyadic International Inc. Common Stock,$0.465,0.049,11.779%,18629622.00,United States,,307619,Health Care,Biotechnology: Biological Products (No Diagnostic Substances)
DYN,Dyne Therapeutics Inc. Common Stock,$16.34,0.31,1.934%,3051436683.00,United States,2020,2306094,Health Care,Biotechnology: Pharmaceutical Preparations
DYNC,Dynamix Corporation Class A Ordinary Shares,$10.895,0.00,0.00%,0.00,United States,2024,42770,,
DYNCW,Dynamix Corporation Warrant,$0.1199,-0.0001,-0.083%,0.00,United States,2024,4831,,
DYOR,Insight Digital Partners II Class A Ordinary Shares,$10.13,0.00,0.00%,0.00,United States,2025,156,Finance,Blank Checks
DYORW,Insight Digital Partners II Warrants,$0.2365,0.00,0.00%,0.00,United States,2025,1,Finance,Blank Checks
EAD,Allspring Income Opportunities Fund Common Shares,$6.00,-0.04,-0.662%,0.00,United States,2003,326400,Finance,Finance/Investors Services
EAF,GrafTech International Ltd. Common Stock,$9.96,-1.13,-10.189%,259877953.00,United States,2018,733419,Energy,Industrial Machinery/Components
EAI,Entergy Arkansas LLC First Mortgage Bonds 4.875% Series Due September 1 2066,$18.85,0.115,0.614%,8796003737.00,United States,2016,19693,Utilities,Electric Utilities: Central
EARN,Ellington Credit Company Common Shares of Beneficial Interest,$4.21,-0.05,-1.174%,158124211.00,United States,2013,262382,Real Estate,Real Estate Investment Trusts
EAT,Brinker International Inc. Common Stock,$202.45,-4.75,-2.292%,8478861087.00,United States,,1235250,Consumer Discretionary,Restaurants
EBAY,eBay Inc. Common Stock,$107.32,-0.58,-0.538%,47757400000.00,United States,1998,3726242,Consumer Discretionary,Business Services
EBC,Eastern Bankshares Inc. Common Stock,$21.13,-0.29,-1.354%,4828449094.00,United States,2020,2354561,Finance,Savings Institutions
EBF,Ennis Inc. Common Stock,$22.41,0.28,1.265%,566934276.00,United States,,218182,Consumer Discretionary,Office Equipment/Supplies/Services
EBMT,Eagle Bancorp Montana Inc. Common Stock,$21.36,-0.17,-0.79%,170141606.00,United States,2010,25229,Finance,Major Banks
EBS,Emergent BioSolutions Inc. Common Stock,$6.86,0.07,1.031%,351735085.00,United States,2006,682916,Health Care,Biotechnology: Pharmaceutical Preparations
ECAT,BlackRock ESG Capital Allocation Term Trust Common Shares of Beneficial Interest,$14.01,-0.06,-0.426%,1514971350.00,United States,2021,574553,Finance,Finance/Investors Services
ECBK,ECB Bancorp Inc. Common Stock,$21.23,0.53,2.56%,185501413.00,United States,2022,13236,Finance,Banks
ECC           ,Eagle Point Credit Company Common Share of Beneficial Interest,$3.46,-0.04,-1.143%,209892333.00,United States,2014,633508,Finance,Trusts Except Educational Religious and Charitable
ECC^D,Eagle Point Credit Company 6.75% Series D Preferred Stock,$17.85,0.165,0.933%,,United States,,10176,,
ECCC,Eagle Point Credit Company 6.50% Series C Term Preferred Stock due 2031,$25.15,0.15,0.60%,1525662479.00,United States,,2749,Finance,Trusts Except Educational Religious and Charitable
ECCU,Eagle Point Credit Company 7.75% Notes due 2030,$24.90,-0.14,-0.559%,0.00,United States,2024,16862,,
ECCV,Eagle Point Credit Company 5.375% Notes due 2029,$23.82,-0.24,-0.998%,1444981322.00,United States,2022,8411,Finance,Trusts Except Educational Religious and Charitable
ECF,Ellsworth Growth and Income Fund Ltd.,$11.82,-0.10,-0.839%,0.00,United States,1986,62205,Finance,Finance/Investors Services
ECF^A,Ellsworth Growth and Income Fund Ltd. 5.25% Series A Cumulative Preferred Shares (Liquidation Preference $25.00 per share),$18.68,-0.8199,-4.205%,,United States,,1308,,
ECG,Everus Construction Group Inc. Common Stock,$116.66,-0.28,-0.239%,5957107108.00,United States,2024,324000,Consumer Discretionary,Homebuilding
ECHO,EchoStar  Corporation Common Stock,$89.22,-0.89,-0.988%,25946589602.00,United States,,2642613,Consumer Discretionary,Telecommunications Equipment
ECL,Ecolab Inc. Common Stock,$280.23,0.74,0.265%,78556484419.00,United States,,954062,Consumer Discretionary,Package Goods/Cosmetics
ECOR,electroCore Inc. Common Stock,$11.03,-0.09,-0.809%,99445212.00,United States,2018,114285,Health Care,Biotechnology: Electromedical & Electrotherapeutic Apparatus
ECPG,Encore Capital Group Inc Common Stock,$96.49,-1.92,-1.951%,2046491725.00,United States,,217246,Finance,Finance Companies
ECVT,Ecovyst Inc. Common Stock,$10.04,-0.10,-0.986%,1099062716.00,United States,2017,917518,Industrials,Major Chemicals
ED,Consolidated Edison Inc. Common Stock,$102.83,-0.27,-0.262%,38029478331.00,United States,,1960402,Utilities,Power Generation
EDBL,Edible Garden AG Incorporated Common Stock,$1.21,-0.03,-2.419%,2361326.00,United States,2022,158433,Consumer Staples,Farming/Seeds/Milling
EDBLW,Edible Garden AG Incorporated Warrant,$0.0295,-0.0018,-5.751%,57570.00,United States,2022,11315,Consumer Staples,Farming/Seeds/Milling
EDD,Morgan Stanley Emerging Markets Domestic Debt Fund Inc. Common Stock,$5.58,-0.02,-0.357%,0.00,United States,2007,319326,Finance,Finance Companies
EDF,Virtus Stone Harbor Emerging Markets Income Fund Common Shares of Beneficial Interest,$4.98,-0.07,-1.386%,0.00,United States,2010,114715,Finance,Investment Managers
EDIT,Editas Medicine Inc. Common Stock,$2.51,-0.07,-2.713%,385485888.00,United States,2016,2204516,Health Care,Biotechnology: Biological Products (No Diagnostic Substances)
EDSA,Edesa Biotech Inc. Common Shares,$3.65,-0.36,-8.978%,49288589.00,United States,,48356,Health Care,Biotechnology: Pharmaceutical Preparations
EDUC,Educational Development Corporation Common Stock,$1.30,0.00,0.00%,11082453.00,United States,,11001,Consumer Discretionary,Consumer Specialties
EE,Excelerate Energy Inc. Class A Common Stock,$32.84,-0.25,-0.756%,3724125128.00,United States,2022,253549,Utilities,Oil/Gas Transmission
EEA,The European Equity Fund Inc. Common Stock,$10.54,-0.045,-0.425%,0.00,United States,,14065,Finance,Trusts Except Educational Religious and Charitable
EEFT,Euronet Worldwide Inc. Common Stock,$64.93,-0.68,-1.036%,2428615423.00,United States,1997,562991,Finance,Investment Bankers/Brokers/Service
EEIQ,EpicQuest Education Group International Limited Common Stock,$4.58,-0.24,-4.979%,7541533.00,United States,2021,24742,Real Estate,Other Consumer Services
EFC,Ellington Financial Inc. Common Stock ,$12.20,-0.16,-1.294%,1572426109.00,United States,2010,1549756,Finance,Real Estate
EFC^B,Ellington Financial Inc. 6.250% Series B Fixed-Rate Reset Cumulative Redeemable Preferred Stock,$25.10,0.03,0.12%,,United States,,12160,,
EFC^C,Ellington Financial Inc. 8.625% Series C Fixed-Rate Reset Cumulative Redeemable Preferred Stock,$25.44,0.04,0.157%,,United States,,3180,,
EFC^D,Ellington Financial Inc. 7.00% Series D Cumulative Perpetual Redeemable Preferred Stock,$23.42,0.00,0.00%,,United States,,83,,
EFOI,Energy Focus Inc. Common Stock,$2.75,0.03,1.103%,17515361.00,United States,,4452,Consumer Discretionary,Building Products
EFOR,Everforth Inc. Common Stock,$32.83,-0.29,-0.876%,1346030000.00,United States,,461451,Consumer Discretionary,Professional Services
EFR,Eaton Vance Senior Floating-Rate Fund Common Shares of Beneficial Interest,$10.21,-0.09,-0.874%,0.00,United States,2003,125959,Finance,Trusts Except Educational Religious and Charitable
EFSC,Enterprise Financial Services Corporation Common Stock,$60.15,-0.78,-1.28%,2176980078.00,United States,,238043,Finance,Major Banks
EFSCP,Enterprise Financial Services Corporation Depositary Shares Each Representing a 1/40th Interest in a Share of 5% Fixed Rate Non-Cumulative Perpetual Preferred Stock Series A,$16.60,-0.1899,-1.131%,600795832.00,United States,,3702,Finance,Major Banks
EFSI,Eagle Financial Services Inc Common Stock,$45.91,0.19,0.416%,248447245.00,United States,,28383,Finance,Major Banks
EFT,Eaton Vance Floating Rate Income Trust Common Shares of Beneficial Interest,$10.41,-0.09,-0.857%,302831220.00,United States,2004,69210,Finance,Finance Companies
EFX,Equifax Inc. Common Stock,$145.78,-2.33,-1.573%,17126948139.00,United States,,2441730,Finance,Finance: Consumer Services
EGAN,eGain Corporation Common Stock,$5.67,-0.16,-2.744%,148392218.00,United States,1999,235273,Technology,Computer Software: Prepackaged Software
EGBN,Eagle Bancorp Inc. Common Stock,$28.45,-0.09,-0.315%,867269032.00,United States,,316533,Finance,Major Banks
EGHA,EGH Acquisition Corp. Class A Ordinary Shares,$10.42,0.02,0.192%,0.00,United States,2025,25007,Finance,Finance/Investors Services
EGHAR,EGH Acquisition Corp. Rights,$0.2633,0.00,0.00%,0.00,United States,2025,1000,Finance,Finance/Investors Services
EGHT,8x8 Inc Common Stock,$2.225,-0.075,-3.261%,321368990.00,United States,,1732884,Technology,EDP Services
EGP,EastGroup Properties Inc. Common Stock,$202.44,0.92,0.457%,10885870293.00,United States,,536369,Real Estate,Real Estate Investment Trusts
EGY,VAALCO Energy Inc.  Common Stock,$5.76,-0.06,-1.031%,605904641.00,United States,,973119,Energy,Oil & Gas Production
EHC,Encompass Health Corporation Common Stock,$124.02,0.55,0.445%,12234992684.00,United States,,991188,Health Care,Hospital/Nursing Management
EHI,Western Asset Global High Income Fund Inc Common Stock,$5.38,-0.01,-0.186%,0.00,United States,2003,115149,Finance,Investment Managers
EHTH,eHealth Inc. Common Stock,$0.7253,-0.0303,-4.01%,23233284.00,United States,2006,440181,Finance,Specialty Insurers
EIC,Eagle Point Income Company Common Shares of Beneficial Interest,$9.23,-0.19,-2.017%,82221837.00,United States,2019,63849,Finance,Finance/Investors Services
EICA,Eagle Point Income Company 5.00% Series A Term Preferred Shares due 2026,$24.99,0.03,0.12%,222613619.00,United States,2021,1618,Finance,Finance/Investors Services
EIG,Employers Holdings Inc Common Stock,$47.76,0.46,0.973%,857793767.00,United States,2007,175234,Finance,Property-Casualty Insurers
EIKN,Eikon Therapeutics Inc. Common Stock,$7.91,-0.01,-0.126%,428445387.00,United States,2026,435035,Health Care,Biotechnology: Biological Products (No Diagnostic Substances)
EIM,Eaton Vance Municipal Bond Fund Common Shares of Beneficial Interest $.01 par value,$8.74,-0.09,-1.019%,0.00,United States,2002,680044,Finance,Finance/Investors Services
EIX,Edison International Common Stock,$51.47,-1.18,-2.241%,19806375499.00,United States,,5535575,Utilities,Electric Utilities: Central
EL,Estee Lauder Companies Inc. (The) Common Stock,$95.57,1.10,1.164%,34577089048.00,United States,1995,3564880,Consumer Discretionary,Package Goods/Cosmetics
ELA,Envela Corporation Common Stock,$12.24,-0.30,-2.392%,317792946.00,United States,,92720,Consumer Discretionary,Consumer Specialties
ELAB,PMGC Holdings Inc. Common Stock,$4.78,0.21,4.595%,3869788.00,United States,2023,252912,Health Care,Biotechnology: Pharmaceutical Preparations
ELAN,Elanco Animal Health Incorporated Common Stock,$22.45,0.14,0.628%,11216510084.00,United States,2018,6593575,Health Care,Biotechnology: Pharmaceutical Preparations
ELC,Entergy Louisiana Inc. Collateral Trust Mortgage Bonds 4.875 % Series due September 1 2066,$18.71,0.02,0.107%,3989674598.00,United States,2016,12702,Utilities,Electric Utilities: Central
ELDN,Eledon Pharmaceuticals Inc. Common Stock,$2.64,-0.01,-0.377%,214529441.00,United States,2014,714569,Health Care,Biotechnology: Pharmaceutical Preparations
ELF,e.l.f. Beauty Inc. Common Stock,$101.80,2.29,2.301%,6007013993.00,United States,2016,1161195,Consumer Discretionary,Package Goods/Cosmetics
ELLA,Ellington Credit Company 8.50% Notes due 2031,$25.058,-0.0319,-0.127%,0.00,United States,2026,3671,Real Estate,Real Estate Investment Trusts
ELMD,Electromed Inc. Common Stock,$28.17,0.29,1.04%,235674812.00,United States,2011,87834,Health Care,Biotechnology: Electromedical & Electrotherapeutic Apparatus
ELME,Elme Communities Common Stock,$1.70,-0.03,-1.734%,151058401.00,United States,2000,522033,Real Estate,Real Estate Investment Trusts
ELMT,The Elmet Group Co. Common Stock,$18.64,-1.00,-5.092%,567765043.00,United States,2026,396484,Industrials,Metal Fabrications
ELOX,Eloxx Pharmaceuticals Inc. Common Stock,$15.00,-0.03,-0.20%,60546885.00,United States,,16421,Health Care,Biotechnology: Biological Products (No Diagnostic Substances)
ELS,Equity Lifestyle Properties Inc. Common Stock,$59.08,-0.15,-0.253%,11465337691.00,United States,,2015392,Real Estate,Real Estate Investment Trusts
ELTX,Elicio Therapeutics Inc. Common Stock,$1.85,0.01,0.543%,48621482.00,United States,2021,222084,Health Care,Biotechnology: Pharmaceutical Preparations
ELUT,Elutia Inc. Class A Common Stock,$0.81,-0.0098,-1.195%,35874276.00,United States,2020,5642,Health Care,Biotechnology: Biological Products (No Diagnostic Substances)
ELV,Elevance Health Inc. Common Stock,$394.59,-1.50,-0.379%,85574453141.00,United States,,1335630,Health Care,Medical Specialities
ELVN,Enliven Therapeutics Inc. Common Stock,$46.01,1.26,2.816%,3371187714.00,United States,2020,1284686,Health Care,Biotechnology: Pharmaceutical Preparations
ELWT,Elauwit Connection Inc. Common Stock,$6.70,-0.425,-5.965%,44352633.00,United States,2025,8893,Consumer Discretionary,Telecommunications Equipment
EMAT,Evolution Metals & Technologies Corp. Common Stock,$3.20,0.00,0.00%,2007042067.00,United States,,997363,Miscellaneous,Industrial Machinery/Components
EMBC,Embecta Corp. Common Stock,$5.93,0.03,0.508%,335991422.00,United States,,680976,Health Care,Medical/Dental Instruments
EMD,Western Asset Emerging Markets Debt Fund Inc Common Stock,$9.37,-0.27,-2.801%,0.00,United States,,246004,Finance,Finance/Investors Services
EME,EMCOR Group Inc. Common Stock,$765.52,3.31,0.434%,33767011414.00,United States,,386858,Industrials,Engineering & Construction
EMF,Templeton Emerging Markets Fund Common Stock,$22.24,-0.04,-0.18%,0.00,United States,1987,36511,Finance,Finance/Investors Services
EMIS,Emmis Acquisition Corp. Class A Ordinary Shares,$10.27,0.00,0.00%,0.00,United States,2025,6,Health Care,Biotechnology: Pharmaceutical Preparations
EML,Eastern Company (The) Common Stock,$24.39,0.29,1.203%,146768240.00,United States,,6345,Consumer Discretionary,Industrial Machinery/Components
EMN,Eastman Chemical Company Common Stock,$66.47,-0.50,-0.747%,7602667174.00,United States,,1272858,Industrials,Major Chemicals
EMO,ClearBridge Energy Midstream Opportunity Fund Inc. Common Stock,$51.26,-0.13,-0.253%,0.00,United States,2011,34392,Finance,Investment Managers
EMP,Entergy Mississippi LLC First Mortgage Bonds 4.90% Series Due October 1 2066,$19.02,-0.055,-0.288%,8875331092.00,United States,2016,16082,Utilities,Electric Utilities: Central
EMPD,Empery Digital Inc. Common stock,$2.98,0.09,3.114%,83768131.00,United States,2021,207020,Industrials,Auto Manufacturing
EMR,Emerson Electric Company Common Stock,$159.39,1.16,0.733%,88907742000.00,United States,,2140477,Technology,Consumer Electronics/Appliances
ENJ,Entergy New Orleans LLC First Mortgage Bonds 5.0% Series due December 1 2052,$19.14,0.00,0.00%,8931326872.00,United States,,9,Utilities,Power Generation
ENO,Entergy New Orleans LLC First Mortgage Bonds 5.50% Series due April 1 2066,$20.22,-0.11,-0.541%,4323659706.00,United States,2016,12337,Utilities,Power Generation
ENOV,Enovis Corporation Common Stock,$18.16,-0.30,-1.625%,1047278011.00,United States,,1466402,Health Care,Industrial Specialties
ENPH,Enphase Energy Inc. Common Stock,$30.91,-1.49,-4.599%,4084591070.00,United States,2012,5461298,Technology,Semiconductors
ENR,Energizer Holdings Inc. Common Stock,$22.29,0.29,1.318%,1526500269.00,United States,2015,756701,Miscellaneous,Industrial Machinery/Components
ENS,EnerSys Common Stock,$177.98,-0.91,-0.509%,6418888568.00,United States,2004,432081,Miscellaneous,Industrial Machinery/Components
ENSC,Ensysce Biosciences Inc. Common Stock,$0.4011,-0.0112,-2.716%,7804120.00,United States,,212872,Health Care,Biotechnology: Pharmaceutical Preparations
ENSG,The Ensign Group Inc. Common Stock,$176.36,1.18,0.674%,10278690060.00,United States,2007,322833,Health Care,Hospital/Nursing Management
ENTA,Enanta Pharmaceuticals Inc. Common Stock,$12.615,0.735,6.187%,367416946.00,United States,2013,349343,Health Care,Biotechnology: Pharmaceutical Preparations
ENTG,Entegris Inc. Common Stock,$150.63,-1.26,-0.83%,23016264000.00,United States,2000,1976615,Industrials,Plastic Products
ENVA,Enova International Inc. Common Stock,$170.02,-3.46,-1.994%,4233221037.00,United States,2014,359472,Finance,Finance: Consumer Services
ENVB,Enveric Biosciences Inc. Common Stock,$1.47,-0.03,-2.00%,6579549.00,United States,,63608,Health Care,Biotechnology: Pharmaceutical Preparations
ENVX,Enovix Corporation Common Stock,$2.555,-0.315,-10.976%,560691007.00,United States,2021,17287099,Miscellaneous,Industrial Machinery/Components
EOD,Allspring Global Dividend Opportunity Fund Common Shares of Beneficial Interest,$6.36,-0.05,-0.78%,0.00,United States,2007,103962,Finance,Investment Managers
EOG,EOG Resources Inc. Common Stock,$140.63,0.28,0.20%,73764538021.00,United States,,2746279,Energy,Oil & Gas Production
EOI,Eaton Vance Enhance Equity Income Fund Eaton Vance Enhanced Equity Income Fund Shares of Beneficial Interest,$19.74,-0.20,-1.003%,0.00,United States,2004,62504,Finance,Finance/Investors Services
EOLS,Evolus Inc. Common Stock,$7.96,-0.01,-0.125%,525761502.00,United States,2018,478242,Health Care,Biotechnology: Pharmaceutical Preparations
EOSE,Eos Energy Enterprises Inc. Class A Common Stock,$3.07,-0.095,-3.002%,1117994974.00,United States,,25829293,Miscellaneous,Industrial Machinery/Components
EOSEW,Eos Energy Enterprises Inc. Warrant,$2.70,-0.30,-10.00%,983252909.00,United States,,19676,Miscellaneous,Industrial Machinery/Components
EOT,Eaton Vance Municipal Income Trust EATON VANCE NATIONAL MUNICIPAL OPPORTUNITIES TRUST,$15.16,-0.25,-1.622%,236873802.00,United States,2009,118455,Finance,Investment Bankers/Brokers/Service
EP,Empire Petroleum Corporation Common Stock,$2.10,-0.01,-0.474%,87364916.00,United States,2022,13642,Energy,Oil & Gas Production
EP^C,El Paso Corporation Preferred Stock,$49.64,-0.0185,-0.037%,,United States,,3057,,
EPAC,Enerpac Tool Group Corp. Common Stock,$35.23,-0.47,-1.317%,1801579269.00,United States,,621997,Technology,Industrial Machinery/Components
EPAM,EPAM Systems Inc. Common Stock,$107.55,-0.68,-0.628%,5548179807.00,United States,2012,1029343,Technology,EDP Services
EPC,Edgewell Personal Care Company Common Stock,$28.29,0.47,1.689%,1303855405.00,United States,,748344,Consumer Discretionary,Package Goods/Cosmetics
EPD,Enterprise Products Partners L.P. Common Stock,$36.65,-0.10,-0.272%,79144838244.00,United States,,3146288,Utilities,Natural Gas Distribution
EPM,Evolution Petroleum Corporation Inc. Common Stock,$3.45,-0.07,-1.989%,138594180.00,United States,,395240,Energy,Oil & Gas Production
EPR,EPR Properties Common Stock,$56.98,0.15,0.264%,4365176376.00,United States,1997,782920,Real Estate,Real Estate Investment Trusts
EPR^C,EPR Properties 5.75% Series C Cumulative Convertible Preferred Shares,$25.26,0.02,0.079%,,United States,,2756,,
EPR^E,EPR Properties Series E Cumulative Conv Pfd Shs Ser E,$31.25,-0.35,-1.108%,,United States,,6645,,
EPR^G,EPR Properties 5.750% Series G Cumulative Redeemable Preferred Shares,$19.30,-0.15,-0.771%,,United States,,7833,,
EPRT,Essential Properties Realty Trust Inc. Common Stock,$26.40,-0.13,-0.49%,5709607306.00,United States,2018,2010219,Real Estate,Real Estate Investment Trusts
EPSN,Epsilon Energy Ltd. Common Share,$5.96,0.03,0.506%,180491323.00,United States,,69319,Energy,Oil & Gas Production
EQ,Equillium Inc. Common Stock,$1.68,0.01,0.599%,106525578.00,United States,2018,241735,Health Care,Biotechnology: Pharmaceutical Preparations
EQBK,Equity Bancshares Inc. Class A Common Stock,$48.03,-0.33,-0.682%,989057295.00,United States,,91458,Finance,Major Banks
EQH,Equitable Holdings Inc. Common Stock,$52.31,-1.53,-2.842%,14282469063.00,United States,2018,2529271,Finance,Specialty Insurers
EQH^A,Equitable Holdings Inc. Depositary Shares,$18.09,0.04,0.222%,,United States,,134830,,
EQH^C,Equitable Holdings Inc. Depositary Shares each representing a 1/1000th interest in a share of Fixed Rate Noncumulative Perpetual Preferred Stock Series C,$15.84,-0.12,-0.752%,,United States,,29346,,
EQIX,Equinix Inc. Common Stock REIT,$1011.07,2.99,0.297%,99763981564.00,United States,2000,471664,Real Estate,Real Estate Investment Trusts
EQPT,EquipmentShare.com Inc Class A Common Stock,$18.21,0.86,4.957%,4613976286.00,United States,2026,2257423,Consumer Discretionary,Diversified Commercial Services
EQS,Equus Total Return Inc. Common Stock,$1.04,0.041,4.104%,14525364.00,United States,,5320,Finance,Finance/Investors Services
EQT,EQT Corporation Common Stock,$49.87,-0.94,-1.85%,31194482920.00,United States,,5341040,Energy,Oil & Gas Production
ERAS,Erasca Inc. Common Stock,$14.13,-0.12,-0.842%,4942137555.00,United States,2021,3597350,Health Care,Biotechnology: Pharmaceutical Preparations
ERC,Allspring Multi-Sector Income Fund Common Stock,$8.52,-0.14,-1.617%,0.00,United States,2003,44121,Finance,Finance/Investors Services
ERIE,Erie Indemnity Company Class A Common Stock,$221.92,-0.94,-0.422%,10250277971.00,United States,,111517,Finance,Specialty Insurers
ERII,Energy Recovery Inc. Common Stock,$6.72,-0.09,-1.322%,343021560.00,United States,2008,931411,Technology,Industrial Machinery/Components
ERNA,Ernexa Therapeutics Inc. Common Stock,$3.47,0.025,0.726%,5664466.00,United States,,25804,Health Care,Biotechnology: Pharmaceutical Preparations
ES,Eversource Energy (D/B/A) Common Stock,$63.28,-0.39,-0.613%,23835978433.00,United States,,3255651,Utilities,Electric Utilities: Central
ESAB,ESAB Corporation Common Stock,$67.25,-4.66,-6.48%,4180785223.00,United States,2022,1182119,Industrials,Industrial Machinery/Components
ESCA,Escalade Incorporated Common Stock,$19.37,-0.15,-0.768%,266648853.00,United States,,34537,Consumer Discretionary,Recreational Games/Products/Toys
ESE,ESCO Technologies Inc. Common Stock,$266.04,-2.05,-0.765%,6892449125.00,United States,,356159,Telecommunications,Telecommunications Equipment
ESI,Element Solutions Inc. Common Stock,$35.12,-0.59,-1.652%,8558424900.00,United States,2014,3458828,Industrials,Major Chemicals
ESLA,Estrella Immunopharma Inc. Common Stock,$0.4314,-0.0496,-10.312%,18764979.00,United States,2021,35988,Health Care,Biotechnology: Biological Products (No Diagnostic Substances)
ESOA,Energy Services of America Corporation Common Stock,$11.13,0.01,0.09%,207676685.00,United States,,113392,Industrials,Water Sewer Pipeline Comm & Power Line Construction
ESP,Espey Mfg. & Electronics Corp. Common Stock,$65.52,-0.11,-0.168%,198975853.00,United States,1960,33986,Technology,Industrial Machinery/Components
ESQ,Esquire Financial Holdings Inc. Common Stock,$119.69,-2.59,-2.118%,1448797539.00,United States,2017,122439,Finance,Commercial Banks
ESRT,Empire State Realty Trust Inc. Class A Common Stock,$4.06,-0.05,-1.217%,698992511.00,United States,2013,3550850,Real Estate,Real Estate Investment Trusts
ESS,Essex Property Trust Inc. Common Stock,$273.01,1.40,0.515%,17545926531.00,United States,1994,464259,Real Estate,Real Estate Investment Trusts
ESTC,Elastic N.V. Ordinary Shares,$87.94,-0.18,-0.204%,9232933163.00,United States,2018,1914143,Technology,Computer Software: Prepackaged Software
ESYN,EnerSyn Global Inc. Common Stock,$2.57,0.01,0.391%,76396848.00,United States,2022,48816,Health Care,Other Pharmaceuticals
ET,Energy Transfer LP Common Units ,$20.10,-0.09,-0.446%,69210321980.00,United States,,9169906,Utilities,Natural Gas Distribution
ET^I,Energy Transfer L.P. Series I Fixed Rate Perpetual Preferred Units,$11.23,-0.09,-0.795%,,United States,,62576,,
ETB,Eaton Vance Tax-Managed Buy-Write Income Fund Eaton Vance Tax-Managed Buy-Write Income Fund Common Shares of Beneficial Interest,$15.35,-0.13,-0.84%,450850959.00,United States,2005,43810,Finance,Investment Bankers/Brokers/Service
ETD,Ethan Allen Interiors Inc. Common Stock,$21.20,-0.09,-0.423%,534293064.00,United States,,396791,Consumer Discretionary,Home Furnishings
ETG,Eaton Vance Tax-Advantaged Global Dividend Income Fund Common Shares of Beneficial Interest,$23.08,-0.23,-0.987%,0.00,United States,2004,68522,Finance,Investment Managers
ETI^,Entergy Texas Inc 5.375% Series A Preferred Stock Cumulative No Par Value,$21.10,0.15,0.716%,,United States,,3183,,
ETJ,Eaton Vance Risk-Managed Diversified Equity Income Fund Common Shares of Beneficial Interest,$8.18,-0.10,-1.208%,0.00,United States,2007,171037,Finance,Finance Companies
ETO,Eaton Vance Tax-Advantage Global Dividend Opp Common Stock,$30.15,-0.28,-0.92%,494102361.00,United States,2004,8595,Finance,Investment Managers
ETON,Eton Pharmaceuticals Inc. Common Stock,$59.18,1.50,2.601%,1691549929.00,United States,2018,390816,Health Care,Biotechnology: Pharmaceutical Preparations
ETR,Entergy Corporation Common Stock,$98.10,-0.47,-0.477%,45776549954.00,United States,,2379290,Utilities,Electric Utilities: Central
ETRA,Electra Therapeutics Inc. Common stock,$11.32,-0.23,-1.991%,710521931.00,United States,2026,537154,Health Care,Biotechnology: Biological Products (No Diagnostic Substances)
ETS,Elite Express Holding Inc. Class A Common Stock,$1.64,0.05,3.145%,79895342.00,United States,2025,131340,Industrials,Trucking Freight/Courier Services
ETSY,Etsy Inc. Common Stock,$68.92,0.48,0.701%,6325598072.00,United States,2025,2631633,Consumer Discretionary,Business Services
ETV,Eaton Vance Corporation Eaton Vance Tax-Managed Buy-Write Opportunities Fund Common Shares of Beneficial Interest,$14.92,-0.27,-1.777%,1630283767.00,United States,2005,254307,Finance,Investment Bankers/Brokers/Service
ETW,Eaton Vance Corporation Eaton Vance Tax-Managed Global Buy-Write Opportunites Fund Common Shares of Beneficial Interest,$9.54,-0.06,-0.625%,1045562878.00,United States,2005,280179,Finance,Investment Managers
ETY,Eaton Vance Tax-Managed Diversified Equity Income Fund Common Shares of Beneficial Interest,$14.07,-0.08,-0.565%,0.00,United States,2006,370655,Finance,Finance Companies
EU,enCore Energy Corp. Common Shares,$1.20,-0.04,-3.226%,233137165.00,United States,,4148497,Basic Materials,Other Metals and Minerals
EURK,Eureka Acquisition Corp Class A Ordinary Share,$11.5432,0.00,0.00%,0.00,United States,2024,342,,
EURKR,Eureka Acquisition Corp Right,$0.2501,-0.0299,-10.679%,0.00,United States,2024,1774,Consumer Discretionary,Marine Transportation
EVC,Entravision Communications Corporation Common Stock,$7.28,-0.13,-1.754%,671858860.00,United States,2000,1373682,Industrials,Broadcasting
EVCM,EverCommerce Inc. Common Stock,$7.97,-0.11,-1.361%,1408022011.00,United States,2021,130127,Technology,Computer Software: Prepackaged Software
EVER,EverQuote Inc. Class A Common Stock,$18.59,-0.05,-0.268%,655106971.00,United States,2018,671299,Technology,Computer Software: Programming Data Processing
EVEX,Eve Holding Inc. Common Stock,$2.00,-0.17,-7.834%,696972666.00,United States,2022,954016,Industrials,Aerospace
EVF,Eaton Vance Senior Income Trust Common Stock,$4.85,-0.02,-0.411%,85063461.00,United States,1998,52400,Finance,Investment Bankers/Brokers/Service
EVG,Eaton Vance Short Diversified Income Fund Eaton Vance Short Duration Diversified Income Fund Common Shares of Beneficial Interest,$9.89,-0.09,-0.902%,0.00,United States,2005,43610,Finance,Investment Managers
EVGO,EVgo Inc. Class A Common Stock,$1.34,-0.04,-2.899%,421451065.00,United States,,2473070,Consumer Discretionary,Automotive Aftermarket
EVH,Evolent Health Inc Class A Common Stock,$3.65,0.04,1.108%,412666573.00,United States,2015,3397894,Consumer Discretionary,Other Consumer Services
EVI,EVI Industries Inc.  Common Stock,$19.98,-0.35,-1.722%,257313069.00,United States,1999,67540,Consumer Discretionary,Other Consumer Services
EVLV,Evolv Technologies Holdings Inc. Class A Common Stock,$4.65,-0.14,-2.923%,842236579.00,United States,2020,2642624,Technology,Computer peripheral equipment
EVMN,Evommune Inc. Common Stock,$8.39,-0.10,-1.178%,304490828.00,United States,2025,660803,Health Care,Biotechnology: Pharmaceutical Preparations
EVN,Eaton Vance Municipal Income Trust Common Stock,$9.36,-0.43,-4.392%,371284646.00,United States,1999,362410,Finance,Investment Managers
EVOX,Evolution Global Acquisition Corp Class A Ordinary Shares,$10.12,0.01,0.099%,0.00,United States,2025,153,Finance,Blank Checks
EVOXW,Evolution Global Acquisition Corp Warrants,$0.335,-0.015,-4.286%,0.00,United States,2025,25000,Finance,Blank Checks
EVR,Evercore Inc. Class A Common Stock,$261.62,-1.29,-0.491%,10061323880.00,United States,2006,396237,Finance,Investment Managers
EVRG,Evergy Inc. Common Stock,$77.91,-0.13,-0.167%,17963488371.00,United States,,3762441,Utilities,Power Generation
EVT,Eaton Vance Tax Advantaged Dividend Income Fund Common Shares of Beneficial Interest,$27.90,-0.33,-1.169%,0.00,United States,2003,50202,Finance,Finance Companies
EVV,Eaton Vance Limited Duration Income Fund Common Shares of Beneficial Interest,$8.37,-0.05,-0.594%,0.00,United States,2003,1069714,Finance,Finance/Investors Services
EW,Edwards Lifesciences Corporation Common Stock,$86.83,0.54,0.626%,50048812000.00,United States,,3228056,Health Care,Industrial Specialties
EWAV,East West Ave Acquisition Corp. Common Stock,$9.91,0.01,0.101%,0.00,United States,2026,413,Finance,Blank Checks
EWAVU,East West Ave Acquisition Corp. Units,$10.05,-0.01,-0.099%,0.00,United States,2026,3276,Finance,Blank Checks
EWBC,East West Bancorp Inc. Common Stock,$126.72,-0.51,-0.401%,17362142392.00,United States,,856275,Finance,Major Banks
EWTX,Edgewise Therapeutics Inc. Common Stock,$39.79,0.45,1.144%,4321358293.00,United States,2021,2983896,Health Care,Biotechnology: Pharmaceutical Preparations
EXC,Exelon Corporation Common Stock,$40.32,-0.02,-0.05%,41620479949.00,United States,,7470551,Utilities,Power Generation
EXE,Expand Energy Corporation Common Stock,$85.31,-1.53,-1.762%,19749588240.00,United States,,4579700,Energy,Oil & Gas Production
EXEL,Exelixis Inc. Common Stock,$58.37,0.21,0.361%,14463017362.00,United States,2000,1278996,Health Care,Biotechnology: Biological Products (No Diagnostic Substances)
EXFY,Expensify Inc. Class A Common Stock,$2.15,-0.06,-2.715%,196051328.00,United States,2021,1124588,Technology,Computer Software: Prepackaged Software
EXG,Eaton Vance Tax-Managed Global Diversified Equity Income Fund Common Shares of Beneficial Interest,$9.45,-0.13,-1.357%,0.00,United States,2007,513592,Finance,Finance Companies
EXLS,ExlService Holdings Inc. Common Stock,$34.60,-0.15,-0.432%,5245792465.00,United States,2006,2367476,Consumer Discretionary,Business Services
EXOD,Exodus Movement Inc. Class A Common Stock,$7.40,-0.52,-6.566%,223504109.00,United States,,60893,Finance,Finance: Consumer Services
EXOZ,eXoZymes Inc. Common Stock,$6.00,-0.245,-3.923%,55688154.00,United States,2024,8284,Health Care,Biotechnology: Biological Products (No Diagnostic Substances)
EXP,Eagle Materials Inc Common Stock,$175.87,-2.62,-1.468%,5394869408.00,United States,,431112,Industrials,Building Materials
EXPD,Expeditors International of Washington Inc. Common Stock,$188.58,1.12,0.597%,24513631497.00,United States,,751189,Industrials,Integrated Freight & Logistics
EXPE,Expedia Group Inc. Common Stock,$264.23,0.06,0.023%,30253249279.00,United States,,1811109,Consumer Discretionary,Transportation Services
EXPO,Exponent Inc. Common Stock,$64.35,0.17,0.265%,3059590505.00,United States,,700782,Consumer Discretionary,Professional Services
EXR,Extra Space Storage Inc Common Stock,$131.68,-1.67,-1.252%,27819975397.00,United States,2004,1206959,Real Estate,Real Estate Investment Trusts
EXTR,Extreme Networks Inc. Common Stock,$21.00,-0.52,-2.416%,2775584595.00,United States,1999,1591975,Telecommunications,Computer Communications Equipment
EXYN,Exyn Technologies Inc. Common Stock,$2.27,-0.04,-1.732%,18055482.00,United States,2026,74713,Technology,Computer Software: Prepackaged Software
EXYNW,Exyn Technologies Inc. Warrant,$0.41,0.09,28.125%,3261122.00,United States,2026,27550,Technology,Computer Software: Prepackaged Software
EYE,National Vision Holdings Inc. Common Stock,$16.12,-0.41,-2.48%,1274597326.00,United States,2017,2375986,Health Care,Ophthalmic Goods
EYPT,EyePoint Inc. Common Stock,$3.31,-0.31,-8.564%,285362177.00,United States,,3296684,Industrials,Biotechnology: Laboratory Analytical Instruments
EZPW,EZCORP Inc. Class A Non Voting Common Stock,$30.83,-0.33,-1.059%,1894299313.00,United States,1991,627214,Consumer Discretionary,Other Specialty Stores
EZRA,Reliance Global Group Inc. Common Stock,$2.62,-0.06,-2.239%,4401432.00,United States,,14462,Finance,Specialty Insurers
F,Ford Motor Company Common Stock,$12.38,-0.33,-2.596%,48489285657.00,United States,,45502125,Industrials,Auto Manufacturing
F^B,Ford Motor Company 6.20% Notes due June 1 2059,$19.51,-0.30,-1.514%,,United States,,45416,,
F^C,Ford Motor Company 6% Notes due December 1 2059,$18.96,-0.19,-0.992%,,United States,,74987,,
F^D,Ford Motor Company 6.500% Notes due August 15 2062,$20.2249,-0.1899,-0.93%,,United States,,44154,,
FA,First Advantage Corporation Common Stock,$18.61,-0.99,-5.051%,3196336190.00,United States,2021,2232966,Technology,EDP Services
FABC,Fabric.AI Inc. Common Stock,$2.36,-0.05,-2.075%,16528527.00,United States,,109158,Consumer Discretionary,Telecommunications Equipment
FAC,Factorial Energy Inc. Class A Common Stock,$6.38,0.10,1.592%,682808303.00,United States,2025,316716,Miscellaneous,Industrial Machinery/Components
FACT,FACT II Acquisition Corp. Class A Ordinary Shares,$10.7211,0.00,0.00%,0.00,United States,2024,27,,
FACWW,Factorial Energy Inc. Warrant,$0.8546,0.0436,5.376%,91462065.00,United States,2025,19473,Miscellaneous,Industrial Machinery/Components
FAF,First American Corporation (New) Common Stock,$64.72,-1.55,-2.339%,6607912000.00,United States,,1071775,Finance,Specialty Insurers
FANG,Diamondback Energy Inc. Common Stock,$185.23,-1.44,-0.771%,51868910906.00,United States,2012,2173578,Energy,Oil & Gas Production
FAST,Fastenal Company Common Stock,$50.49,0.06,0.119%,57937152461.00,United States,1987,6775788,Consumer Discretionary,RETAIL: Building Materials
FATE,Fate Therapeutics Inc. Common Stock,$2.38,0.03,1.277%,285172823.00,United States,2013,1157066,Health Care,Biotechnology: Biological Products (No Diagnostic Substances)
FATN,FatPipe Inc. Common Stock,$5.18,-0.13,-2.448%,73185464.00,United States,2025,18406,Technology,Computer Software: Prepackaged Software
FAX,abrdn Asia-Pacific Income Fund Inc. Common Stock,$13.19,-0.31,-2.296%,0.00,United States,1986,412462,Finance,Investment Managers
FBDT,First Breach Inc. Common Stock,$1.00,-0.14,-12.281%,55776201.00,United States,,943733,Industrials,Ordnance And Accessories
FBIN,Fortune Brands Innovations Inc. Common Stock,$38.43,-0.95,-2.412%,4587445861.00,United States,,2150760,Basic Materials,Forest Products
FBIO,Fortress Biotech Inc. Common Stock,$2.17,-0.11,-4.825%,72371655.00,United States,,263271,Health Care,Biotechnology: Pharmaceutical Preparations
FBIOP,Fortress Biotech Inc. 9.375% Series A Cumulative Redeemable Perpetual Preferred Stock,$16.52,-0.125,-0.751%,550958404.00,United States,,10397,Health Care,Biotechnology: Pharmaceutical Preparations
FBIZ,First Business Financial Services Inc. Common Stock,$69.42,-1.11,-1.574%,580928774.00,United States,,53038,Finance,Major Banks
FBK,FB Financial Corporation Common Stock,$52.27,-0.47,-0.891%,2612357273.00,United States,2016,423679,Finance,Major Banks
FBLA,FB Bancorp Inc. Common Stock,$16.45,-0.02,-0.121%,262347528.00,United States,2024,55184,Finance,Banks
FBLG,FibroBiologics Inc. Common Stock,$1.36,-0.03,-2.158%,9055142.00,United States,,245859,Health Care,Biotechnology: Pharmaceutical Preparations
FBNC,First Bancorp Common Stock,$63.07,-0.43,-0.677%,2611023767.00,United States,1987,205518,Finance,Major Banks
FBRT,Franklin BSP Realty Trust Inc. Common Stock,$6.71,-0.26,-3.73%,557234741.00,United States,2021,2148723,Real Estate,Real Estate Investment Trusts
FBRT^E,Franklin BSP Realty Trust Inc. 7.50% Series E Cumulative Redeemable Preferred Stock,$18.78,-0.23,-1.21%,,United States,,36901,,
FBYD,Falcon's Beyond Global Inc. Class A Common Stock,$8.36,0.93,12.517%,1013727313.00,United States,,105588,Consumer Discretionary,Services-Misc. Amusement & Recreation
FC,Franklin Covey Company Common Stock,$16.95,-0.36,-2.08%,191431147.00,United States,,42878,Consumer Discretionary,Other Consumer Services
FCAP,First Capital Inc. Common Stock,$60.63,0.34,0.564%,202784614.00,United States,,16319,Finance,Savings Institutions
FCBC,First Community Bankshares Inc. (VA) Common Stock,$47.54,-0.08,-0.168%,898997041.00,United States,,63694,Finance,Major Banks
FCCO,First Community Corporation Common Stock,$32.57,-0.38,-1.153%,306149239.00,United States,,32515,Finance,Major Banks
FCEL,FuelCell Energy Inc. Common Stock,$16.14,-0.35,-2.122%,1290460723.00,United States,,4050287,Energy,Industrial Machinery/Components
FCF,First Commonwealth Financial Corporation Common Stock,$20.57,-0.34,-1.626%,2078720377.00,United States,,931671,Finance,Major Banks
FCFS,FirstCash Holdings Inc. Common Stock,$216.95,-0.50,-0.23%,9409512010.00,United States,1991,309729,Consumer Discretionary,Other Specialty Stores
FCN,FTI Consulting Inc. Common Stock,$132.28,-2.01,-1.497%,3652459141.00,United States,1999,594822,Consumer Discretionary,Professional Services
FCNCA,First Citizens BancShares Inc. Class A Common Stock,$2098.23,7.87,0.376%,23695563178.00,United States,,66190,Finance,Major Banks
FCNCN,First Citizens BancShares Inc. Depositary Shares each representing a 1/40th interest in a share of 6.625% Non-Cumulative Perpetual Preferred Stock Series E,$23.3966,0.2027,0.874%,264220611.00,United States,,40965,Finance,Major Banks
FCNCO,First Citizens BancShares Inc. 5.625% Non-Cumulative Perpetual Preferred Stock Series C,$19.30,-0.25,-1.279%,217957216.00,United States,,19182,Finance,Major Banks
FCNCP,First Citizens BancShares Inc. Depositary Shares,$18.71,-0.195,-1.031%,211294275.00,United States,,13563,Finance,Major Banks
FCPT,Four Corners Property Trust Inc. Common Stock,$22.03,-0.17,-0.766%,2417933624.00,United States,2015,1400461,Real Estate,Real Estate Investment Trusts
FCUV,Focus Universal Inc. Common Stock,$4.98,0.46,10.177%,4890420.00,United States,,41447,Industrials,Industrial Machinery/Components
FCX,Freeport-McMoRan Inc. Common Stock,$71.96,-0.35,-0.484%,103335820955.00,United States,,8878078,Basic Materials,Metal Mining
FDBC,Fidelity D & D Bancorp Inc. Common Stock,$54.84,-0.90,-1.615%,318538579.00,United States,,9898,Finance,Major Banks
FDMM,Freedom Metals Acquisition Corp. Class A Ordinary Shares,$9.835,0.00,0.00%,0.00,United States,2026,9,Finance,Blank Checks
FDMMU,Freedom Metals Acquisition Corp. Units,$9.98,0.00,0.00%,0.00,United States,2026,7,Finance,Blank Checks
FDMMW,Freedom Metals Acquisition Corp. Warrants,$0.31,0.00,0.00%,0.00,United States,2026,30,Finance,Blank Checks
FDMT,4D Molecular Therapeutics Inc. Common Stock,$14.56,0.09,0.622%,804355712.00,United States,2020,1557457,Health Care,Biotechnology: Biological Products (No Diagnostic Substances)
FDS,FactSet Research Systems Inc. Common Stock,$267.67,-5.41,-1.981%,9519828895.00,United States,2000,762516,Technology,Computer Software: Programming Data Processing
FDSB,Fifth District Bancorp Inc. Common Stock,$17.33,-0.42,-2.366%,90733953.00,United States,2024,14791,Finance,Savings Institutions
FDUS,Fidus Investment Corporation Common Stock,$19.13,-0.02,-0.104%,726066983.00,United States,2011,579856,Finance,Finance/Investors Services
FDX,FedEx Corporation Common Stock,$289.65,3.80,1.329%,68551591498.00,United States,,1898497,Consumer Discretionary,Air Freight/Delivery Services
FDXF,FedEx Freight Holding Company Inc. Common Stock,$112.30,-0.88,-0.778%,16790886336.00,United States,2026,1558165,Consumer Discretionary,Air Freight/Delivery Services
FE,FirstEnergy Corp. Common Stock,$43.02,-0.28,-0.647%,24893089875.00,United States,,3523363,Utilities,Electric Utilities: Central
FEAM,5E Advanced Materials Inc. Common Stock,$2.79,-0.01,-0.357%,116196165.00,United States,,268133,Industrials,Mining & Quarrying of Nonmetallic Minerals (No Fuels)
FEIM,Frequency Electronics Inc. Common Stock,$82.49,-5.94,-6.717%,929933445.00,United States,,345200,Industrials,Electrical Products
FELE,Franklin Electric Co. Inc. Common Stock,$97.58,0.51,0.525%,4314154657.00,United States,,293150,Consumer Discretionary,Metal Fabrications
FEMY,Femasys Inc. Common Stock,$2.38,-0.10,-4.032%,19932564.00,United States,2021,20798,Health Care,Medical/Dental Instruments
FENC,Fennec Pharmaceuticals Inc. Common Stock,$10.95,0.345,3.253%,383622300.00,United States,,210232,Health Care,Biotechnology: Biological Products (No Diagnostic Substances)
FET,Forum Energy Technologies Inc. Common Stock,$82.99,0.16,0.193%,952119290.00,United States,2012,105468,Consumer Discretionary,Oil and Gas Field Machinery
FF,FutureFuel Corp.  Common shares,$5.08,-0.04,-0.781%,222825655.00,United States,,464934,Industrials,Major Chemicals
FFA,First Trust Enhanced Equity Income Fund Common Shares of Beneficial Interest,$22.11,-0.16,-0.718%,0.00,United States,2004,25203,Finance,Investment Managers
FFAI,Faraday Future Intelligent Electric Inc. Class A Common Stock,$1.41,-0.20,-12.422%,8639069.00,United States,2020,20317533,Industrials,Auto Manufacturing
FFBC,First Financial Bancorp. Common Stock,$31.92,-0.48,-1.481%,3356928278.00,United States,,729361,Finance,Major Banks
FFC,Flaherty & Crumrine Preferred and Income Securities Fund Incorporated,$14.93,-0.19,-1.257%,0.00,United States,2003,154701,Finance,Trusts Except Educational Religious and Charitable
FFIN,First Financial Bankshares Inc. Common Stock,$32.05,-0.40,-1.233%,4593646599.00,United States,,780970,Finance,Major Banks
FFIV,F5 Inc. Common Stock,$435.56,-7.50,-1.693%,24664535392.00,United States,1999,468786,Telecommunications,Computer Communications Equipment
FG,F&G Annuities & Life Inc. Common Stock,$21.61,-0.51,-2.306%,2829509866.00,United States,2022,528103,Finance,Life Insurance
FGBI,First Guaranty Bancshares Inc. Common Stock,$8.13,0.12,1.498%,134462834.00,United States,,12324,Finance,Savings Institutions
FGBIP,First Guaranty Bancshares Inc. 6.75% Series A Fixed-Rate Non-Cumulative Perpetual Preferred Stock,$17.35,-0.038,-0.219%,286953281.00,United States,,3340,Finance,Savings Institutions
FGC,FG Communities Holdings Inc. Common Stock ,$7.50,7.50,,0.00,United States,2014,49910,,
FGI,FGI Industries Ltd. Ordinary Shares,$7.70,0.04,0.522%,14870787.00,United States,2022,15255,Industrials,Industrial Specialties
FGII,FG Imperii Acquisition Corp. Class A Ordinary Shares,$10.03,0.01,0.10%,0.00,United States,2026,9817,Finance,Blank Checks
FGIWW,FGI Industries Ltd. Warrant,$0.0544,-0.0349,-39.082%,105061.00,United States,2022,14251,Industrials,Industrial Specialties
FGN,F&G Annuities & Life Inc. 7.950% Senior Notes due 2053,$23.91,-0.37,-1.524%,3015016283.00,United States,2023,23953,Finance,Life Insurance
FGSN,F&G Annuities & Life Inc. 7.300% Junior Subordinated Notes due 2065,$20.25,-0.08,-0.394%,0.00,United States,2025,19338,Finance,Life Insurance
FHB,First Hawaiian Inc. Common Stock,$24.96,-0.29,-1.149%,3037166546.00,United States,2016,1938601,Finance,Major Banks
FHI,Federated Hermes Inc. Common Stock,$57.56,-0.26,-0.45%,4297445774.00,United States,,432427,Finance,Investment Managers
FHN,First Horizon Corporation Common Stock,$23.19,-0.27,-1.151%,10986892294.00,United States,,6834554,Finance,Major Banks
FHN^E,First Horizon Corporation Depositary Shares each representing a 1/4000th interest in a share of Non-Cumulative Perpetual Preferred Stock Series E,$22.6705,-0.4794,-2.071%,,United States,,10517,,
FHN^F,First Horizon Corporation Depositary Shares each representing 1/4000th Interest in a Share of Non-Cumulative Perpetual Preferred Stock Series F,$15.96,-0.54,-3.273%,,United States,,10390,,
FHN^H,First Horizon Corporation Depositary Shares each representing a 1/4000th interest in a share of Non-Cumulative Perpetual Preferred Stock Series H,$22.90,-0.55,-2.345%,,United States,,416763,,
FHTX,Foghorn Therapeutics Inc. Common Stock,$3.52,0.02,0.571%,209036309.00,United States,2020,337383,Health Care,Biotechnology: Pharmaceutical Preparations
FIBK,First Interstate BancSystem Inc. Common Stock (DE),$36.33,-0.58,-1.571%,3462416372.00,United States,2010,1026851,Finance,Major Banks
FICO,Fair Isaac Corporation Common Stock,$840.89,-22.20,-2.572%,18161235295.00,United States,,394327,Consumer Discretionary,Business Services
FIEE,FiEE Inc Common Stock,$3.64,-0.21,-5.455%,31044097.00,United States,,2799,Utilities,Telecommunications Equipment
FIG,Figma Inc. Class A Common Stock,$20.25,-0.60,-2.878%,10793449807.00,United States,2025,10201880,Technology,Computer Software: Prepackaged Software
FIGS,FIGS Inc. Class A Common Stock,$13.62,0.20,1.49%,2262830096.00,United States,2021,2517472,Consumer Discretionary,Apparel
FIGX,FIGX Capital Acquisition Corp. Class A Ordinary Share,$10.33,0.00,0.00%,0.00,United States,2025,141,Finance,Blank Checks
FIGXU,FIGX Capital Acquisition Corp. Units,$10.3601,0.00,0.00%,0.00,United States,2025,204,Finance,Blank Checks
FINV,FinVolution Group American Depositary Shares,$3.07,-0.04,-1.286%,724808586.00,United States,2017,516702,Finance,Finance: Consumer Services
FINW,FinWise Bancorp Common Stock,$11.39,0.07,0.618%,158123725.00,United States,2021,17066,Finance,Major Banks
FIP,FTAI Infrastructure Inc. Common Stock ,$2.89,-0.235,-7.52%,341545220.00,United States,,1818912,Industrials,Railroads
FIRY,Firy Inc. Class A Common Stock,$12.51,0.09,0.725%,207944435.00,United States,2020,203841,Technology,EDP Services
FIS,Fidelity National Information Services Inc. Common Stock,$34.31,-1.10,-3.106%,17693870012.00,United States,,8891633,Consumer Discretionary,Business Services
FISI,Financial Institutions Inc. Common Stock,$39.55,-0.68,-1.69%,779386538.00,United States,1999,132666,Finance,Major Banks
FISN,Deep Fission Inc. Common Stock,$5.42,-0.83,-13.28%,319270184.00,United States,2026,579544,Utilities,Electric Utilities: Central
FISV,Fiserv Inc. Common Stock,$46.02,-0.46,-0.99%,24471904500.00,United States,1986,9296093,Consumer Discretionary,Business Services
FITB,Fifth Third Bancorp Common Stock,$51.57,-0.53,-1.017%,46768449525.00,United States,,5397907,Finance,Major Banks
FITB^A,Fifth Third Bancorp Depositary Shares each representing 1/40th share of Fifth Third 6.00% Non-Cumulative Perpetual Class B Preferred Stock Series A,$21.15,-0.33,-1.536%,,United States,,12009,,
FITB^I,Fifth Third Bancorp Depositary Share repstg 1/1000th Ownership Interest Perp Pfd Series I,$25.25,-0.40,-1.559%,,United States,,78404,,
FITB^K,Fifth Third Bancorp Depositary Shares each representing a 1/1000th ownership interest in a share of Non-Cumulative Perpetual Preferred Stock Series K,$18.29,-0.12,-0.652%,,United States,,58473,,
FITB^M,Fifth Third Bancorp Depositary Shares Representing a 1/40th Ownership Interest in a Share of 6.875% Fixed-Rate Reset Non-Cumulative Perpetual Preferred Stock Series M,$25.0273,-0.3027,-1.195%,,United States,,549340,,
FIVE,Five Below Inc. Common Stock,$228.00,5.40,2.426%,12552319980.00,United States,2012,953885,Consumer Discretionary,Department/Specialty Retail Stores
FIVN,Five9 Inc. Common Stock,$34.66,-1.11,-3.103%,2589917584.00,United States,2014,1871949,Technology,EDP Services
FIX,Comfort Systems USA Inc. Common Stock,$1658.30,-0.61,-0.037%,58362755781.00,United States,1997,336667,Industrials,Engineering & Construction
FIZZ,National Beverage Corp. Common Stock,$29.57,-0.10,-0.337%,2768204480.00,United States,,498240,Consumer Staples,Beverages (Production/Distribution)
FJDI,ARC Group Securities Acquisition I Class A Ordinary Shares,$9.85,0.00,0.00%,0.00,United States,2026,24171,,
FJDIR,ARC Group Securities Acquisition I Rights,$0.152,-0.0138,-8.323%,0.00,United States,2026,192570,,
FJDIU,ARC Group Securities Acquisition I Units,$10.0199,-0.0101,-0.101%,0.00,United States,2026,15765,,
FJDIW,ARC Group Securities Acquisition I Warrants,$0.0382,0.0082,27.333%,0.00,United States,2026,191351,,
FJET,Starfighters Space Inc. Common Stock,$1.84,0.02,1.099%,101192675.00,United States,2025,1411835,Consumer Discretionary,Air Freight/Delivery Services
FKWL,Franklin Wireless Corp. Common Stock,$2.42,-0.01,-0.412%,28517958.00,United States,,6459,Utilities,Telecommunications Equipment
FLC,Flaherty & Crumrine Total Return Fund Inc Common Stock,$15.60,-0.16,-1.015%,0.00,United States,2003,48759,Finance,Trusts Except Educational Religious and Charitable
FLD,Fold Holdings Inc. Class A Common Stock,$0.5101,-0.0266,-4.956%,27988385.00,United States,2025,99360,Finance,Finance: Consumer Services
FLDDW,Fold Holdings Inc. Warrant,$0.0754,-0.0146,-16.222%,4137079.00,United States,2025,47712,Finance,Finance: Consumer Services
FLG,Flagstar Bank N.A. Common Stock,$12.04,-0.33,-2.668%,4997717745.00,United States,,5930039,Finance,Banks
FLG^A,Flagstar Bank N.A. Depositary shares each representing a 1/40th interest in a share of Fixed-to-Floating Rate Series A Noncumulative Perpetual Preferred Stock,$23.73,0.02,0.084%,,United States,,30646,,
FLG^U,Flagstar Bank N.A. Bifurcated Option Note Unit SecuritiES,$37.79,0.00,0.00%,,United States,,254,,
FLGT,Fulgent Genetics Inc. Common Stock,$22.36,0.16,0.721%,615241951.00,United States,2016,249078,Health Care,Medical Specialities
FLL,Full House Resorts Inc. Common Stock,$1.60,-0.10,-5.882%,58631168.00,United States,,168715,Consumer Discretionary,Hotels/Resorts
FLNA,Filana Therapeutics Inc. Common Stock,$0.8532,0.1051,14.049%,41216297.00,United States,,2057276,Health Care,Biotechnology: Pharmaceutical Preparations
FLNC,Fluence Energy Inc. Class A Common Stock,$7.50,-0.35,-4.459%,1384472768.00,United States,2021,5741362,Miscellaneous,Industrial Machinery/Components
FLNT,Fluent Inc. Common Stock,$3.085,-0.075,-2.373%,97507860.00,United States,,29710,Consumer Discretionary,Advertising
FLO,Flowers Foods Inc. Common Stock,$5.65,-0.09,-1.568%,1198124412.00,United States,,7011120,Consumer Staples,Packaged Foods
FLOC,Flowco Holdings Inc. Class A Common Stock,$18.98,-0.16,-0.836%,1714904267.00,United States,2025,310053,Consumer Discretionary,Oil and Gas Field Machinery
FLR,Fluor Corporation Common Stock,$49.22,-1.16,-2.303%,6582735318.00,United States,,2462406,Industrials,Military/Government/Technical
FLS,Flowserve Corporation Common Stock,$74.09,0.27,0.366%,9417785870.00,United States,,1342924,Industrials,Fluid Controls
FLUX,Flux Power Holdings Inc. Common Stock,$0.459,-0.0037,-0.80%,9924334.00,United States,,126305,Miscellaneous,Industrial Machinery/Components
FLWS,1-800-FLOWERS.COM Inc. Common Stock,$2.64,-0.04,-1.493%,169448653.00,United States,1999,311728,Consumer Discretionary,Other Specialty Stores
FLXS,Flexsteel Industries Inc. Common Stock,$87.53,-1.84,-2.059%,358150090.00,United States,,90662,Consumer Discretionary,Home Furnishings
FLY,Firefly Aerospace Inc. Common Stock,$24.11,-0.25,-1.026%,4036125991.00,United States,2025,3502386,Industrials,Military/Government/Technical
FLYE,Fly-E Group Inc. Common Stock,$1.43,0.02,1.418%,2334312.00,United States,2024,12407,Industrials,Aerospace
FLYW,Flywire Corporation Voting Common Stock,$17.30,-0.10,-0.575%,2104850760.00,United States,2021,2375280,Consumer Discretionary,Business Services
FMAC,Future Money Acquisition Corporation Ordinary Shares,$10.06,-0.03,-0.297%,0.00,United States,2026,20256,Finance,Blank Checks
FMACR,Future Money Acquisition Corporation Rights,$0.16,0.0047,3.026%,0.00,United States,2026,3938,Finance,Blank Checks
FMAO,Farmers & Merchants Bancorp Inc. Common Stock,$34.96,0.03,0.086%,481509744.00,United States,,75724,Finance,Savings Institutions
FMBH,First Mid Bancshares Inc. Common Stock,$49.39,-0.33,-0.664%,1313868434.00,United States,,126815,Finance,Major Banks
FMC,FMC Corporation Common Stock,$9.21,-0.37,-3.862%,1153339187.00,United States,,4020875,Industrials,Major Chemicals
FMN,Federated Hermes Premier Municipal Income Fund,$9.89,-0.17,-1.69%,853060467.00,United States,2002,64860,Finance,Investment Managers
FMNB,Farmers National Banc Corp. Common Stock,$15.26,-0.17,-1.102%,904117949.00,United States,,300450,Finance,Major Banks
FMY,First Trust Mortgage Income Fund Common Shares of Beneficial Interest,$11.275,0.065,0.58%,0.00,United States,2005,4950,Finance,Finance/Investors Services
FNB,F.N.B. Corporation Common Stock,$17.43,-0.21,-1.19%,6152806942.00,United States,,5590423,Finance,Major Banks
FND,Floor & Decor Holdings Inc. Common Stock,$46.36,-0.70,-1.487%,4936874777.00,United States,2017,2833646,Consumer Discretionary,RETAIL: Building Materials
FNF,Fidelity National Financial Inc. Common Stock,$41.08,-0.34,-0.821%,11017361333.00,United States,2014,2443025,Finance,Specialty Insurers
FNGR,FingerMotion Inc. Common Stock,$0.1415,-0.0099,-6.539%,10641455.00,United States,,5646982,Technology,Computer Software: Prepackaged Software
FNKO,Funko Inc. Class A Common Stock,$5.46,-0.04,-0.727%,305736882.00,United States,2017,1379463,Consumer Discretionary,Recreational Games/Products/Toys
FNLC,First Bancorp Inc  (ME) Common Stock,$34.30,-0.05,-0.146%,386984262.00,United States,,51773,Finance,Major Banks
FNRN,First Northern Community Bancorp Common stock,$17.24,0.07,0.408%,282655024.00,United States,,81098,Finance,Savings Institutions
FNWB,First Northwest Bancorp Common Stock,$10.04,-0.01,-0.10%,95496615.00,United States,2015,16848,Finance,Banks
FNWD,Finward Bancorp Common Stock,$42.45,-0.79,-1.827%,183935935.00,United States,,7157,Finance,Savings Institutions
FOA,Finance of America Companies Inc. Class A Common Stock,$13.38,-1.11,-7.66%,231566188.00,United States,2021,97504,Finance,Finance: Consumer Services
FOF,Cohen & Steers Closed-End Opportunity Fund Inc. Common Stock,$12.22,-0.04,-0.326%,600474034.00,United States,2006,138990,Finance,Investment Managers
FOR,Forestar Group Inc Common Stock ,$26.29,-0.20,-0.755%,1341253414.00,United States,2017,186617,Finance,Real Estate
FORM,FormFactor Inc. FormFactor Inc. Common Stock,$130.97,1.28,0.987%,10231471353.00,United States,2003,1342753,Technology,Semiconductors
FORR,Forrester Research Inc. Common Stock,$11.33,-0.07,-0.614%,215711870.00,United States,1996,98964,Industrials,Diversified Commercial Services
FOSL,Fossil Group Inc. Common Stock,$6.02,-0.18,-2.903%,356011073.00,United States,1993,426221,Consumer Discretionary,Consumer Specialties
FOUR,Shift4 Payments Inc. Class A Common Stock,$37.03,-1.42,-3.693%,2923893244.00,United States,2020,1813956,Consumer Discretionary,Business Services
FOUR^A,Shift4 Payments Inc. 6.00% Series A Mandatory Convertible Preferred Stock,$51.26,-1.11,-2.12%,,United States,,10115,,
FOX,Fox Corporation Class B Common Stock,$56.55,0.01,0.018%,23845643324.00,United States,,567506,Industrials,Broadcasting
FOXA,Fox Corporation Class A Common Stock,$63.06,-0.01,-0.016%,26590738603.00,United States,,2963595,Industrials,Broadcasting
FOXF,Fox Factory Holding Corp. Common Stock,$18.74,0.19,1.024%,787660959.00,United States,2013,943943,Consumer Discretionary,Motor Vehicles
FOXX,Foxx Development Holdings Inc. Common Stock,$2.57,0.0715,2.862%,18095863.00,United States,,7760,Telecommunications,Computer Communications Equipment
FPF,First Trust Intermediate Duration Preferred & Income Fund Common Shares of Beneficial Interest,$16.04,-0.26,-1.595%,0.00,United States,2013,279487,Finance,Trusts Except Educational Religious and Charitable
FPH,Five Point Holdings LLC Class A Common Shares,$4.77,0.02,0.421%,705385997.00,United States,2017,147872,Finance,Real Estate
FPI,Farmland Partners Inc. Common Stock,$10.74,-0.12,-1.105%,468593954.00,United States,2014,478967,Real Estate,Real Estate Investment Trusts
FPS,Forgent Power Solutions Inc. Class A Common Stock,$36.59,-2.38,-6.107%,11139053049.00,United States,2026,8026261,Energy,Industrial Machinery/Components
FR,First Industrial Realty Trust Inc. Common Stock,$61.26,0.09,0.147%,8121418672.00,United States,1994,1063877,Real Estate,Real Estate Investment Trusts
FRA,Blackrock Floating Rate Income Strategies Fund Inc  Common Stock,$10.44,-0.06,-0.571%,1553080197.00,United States,2003,162994,Finance,Investment Bankers/Brokers/Service
FRAF,Franklin Financial Services Corporation Common Stock,$62.75,0.10,0.16%,282348771.00,United States,,79768,Finance,Major Banks
FRBA,First Bank Common Stock,$17.68,-0.12,-0.674%,444376245.00,United States,2013,63755,Finance,Major Banks
FRBT,Forbright Inc. Class A Common Stock,$17.10,-0.57,-3.226%,868070898.00,United States,2026,145032,Finance,Major Banks
FRD,Friedman Industries Inc. Common Stock,$39.42,0.08,0.203%,284328221.00,United States,,56392,Industrials,Steel/Iron Ore
FRGT,Freight Technologies Inc. Ordinary Shares,$0.33,-0.02,-5.714%,188801.00,United States,2017,4371872,Industrials,Integrated Freight & Logistics
FRME,First Merchants Corporation Common Stock,$40.37,-0.34,-0.835%,2535293447.00,United States,,556255,Finance,Major Banks
FRMEP,First Merchants Corporation Depository Shares,$25.20,0.00,0.00%,1582595860.00,United States,,7,Finance,Major Banks
FRMI,Fermi Inc. Common Stock,$4.26,-0.26,-5.752%,2728390902.00,United States,2025,13237444,Real Estate,Real Estate Investment Trusts
FRMM,Forum Markets Incorporated Common Stock,$4.86,-0.18,-3.571%,64146887.00,United States,2017,72266,Finance,Finance: Consumer Services
FRNM,Freenome Inc. Common stock,$16.19,0.20,1.251%,1739563919.00,United States,,255895,Health Care,Medical Specialities
FROG,JFrog Ltd. Ordinary Shares,$88.81,-0.37,-0.415%,10950389430.00,United States,2020,1560677,Technology,Computer Software: Prepackaged Software
FRPH,FRP Holdings Inc. Common Stock,$21.09,-0.02,-0.095%,404892168.00,United States,,75802,Finance,Real Estate
FRPT,Freshpet Inc. Common Stock,$57.17,-0.74,-1.278%,2747480091.00,United States,2014,759211,Consumer Staples,Packaged Foods
FRSH,Freshworks Inc. Class A Common Stock,$12.53,-0.01,-0.08%,3269337273.00,United States,2021,2966541,Technology,Computer Software: Prepackaged Software
FRST,Primis Financial Corp. Common Stock,$15.54,-0.15,-0.956%,385377579.00,United States,2006,111579,Finance,Major Banks
FRT,Federal Realty Investment Trust Common Stock,$109.83,-0.69,-0.624%,9543033477.00,United States,,1308343,Real Estate,Real Estate Investment Trusts
FRT^C,Federal Realty Investment Trust Depositary Shares each representing a 1/1000th interest in a 5.000% Series C Cumulative Redeemable Preferred Share,$18.42,-0.187,-1.005%,,United States,,13316,,
FRVO,Fervo Energy Company Class A common stock,$14.105,-1.075,-7.082%,4157634922.00,United States,2026,11690447,Utilities,Electric Utilities: Central
FSBC,Five Star Bancorp Common Stock,$43.38,-0.45,-1.027%,1064398315.00,United States,2021,155648,Finance,Major Banks
FSBW,FS Bancorp Inc. Common Stock,$44.47,0.29,0.656%,349629722.00,United States,2012,30564,Finance,Banks
FSCO,FS Credit Opportunities Corp. Common Stock,$5.04,-0.07,-1.37%,999713736.00,United States,2022,860438,Finance,Trusts Except Educational Religious and Charitable
FSEA,First Seacoast Bancorp Inc. Common Stock,$17.25,0.01,0.058%,81151331.00,United States,2019,67494,Finance,Savings Institutions
FSHP,Flag Ship Acquisition Corp. Ordinary Shares,$11.29,0.01,0.089%,0.00,United States,2024,2141,,
FSHPR,Flag Ship Acquisition Corp. Right,$0.0875,0.00,0.00%,0.00,United States,2024,34,,
FSK,FS KKR Capital Corp. Common Stock,$11.16,-0.09,-0.80%,3083957525.00,United States,2014,1429273,Finance,Investment Managers
FSLR,First Solar Inc. Common Stock,$172.97,-4.74,-2.667%,18589049230.00,United States,2006,2268090,Technology,Semiconductors
FSLY,Fastly Inc. Class A Common Stock,$24.92,-0.04,-0.16%,3969756000.00,United States,,5126625,Technology,Computer Software: Prepackaged Software
FSP,Franklin Street Properties Corp. Common Stock,$0.3421,-0.0079,-2.257%,35582405.00,United States,,355544,Real Estate,Real Estate Investment Trusts
FSS,Federal Signal Corporation Common Stock,$115.01,0.26,0.227%,7020395681.00,United States,,410785,Industrials,Auto Manufacturing
FSSL,FS Specialty Lending Fund Common Shares of Beneficial Interest,$11.48,-0.07,-0.606%,0.00,United States,2025,248280,Finance,Finance/Investors Services
FSTR,L.B. Foster Company Common Stock,$37.60,0.13,0.347%,395543089.00,United States,,39472,Industrials,Metal Fabrications
FSUN,FirstSun Capital Bancorp Common Stock,$39.27,-0.47,-1.183%,1829352620.00,United States,,298239,Finance,Major Banks
FT,Franklin Universal Trust Common Stock,$6.95,-0.14,-1.975%,174666663.00,United States,,77962,Finance,Trusts Except Educational Religious and Charitable
FTAI,FTAI Aviation Ltd. Common Stock,$167.10,-7.96,-4.547%,17162354906.00,United States,,1666811,Industrials,Misc Corporate Leasing Services
FTAIM,FTAI Aviation Ltd. 9.500% Fixed-Rate Reset Series D Cumulative Perpetual Redeemable Preferred Shares,$27.1119,0.0718,0.266%,2784584380.00,United States,,1047,Industrials,Misc Corporate Leasing Services
FTCI,FTC Solar Inc. Common Stock,$2.38,-0.28,-10.526%,39320922.00,United States,2021,583422,Technology,Semiconductors
FTDR,Frontdoor Inc. Common Stock,$72.92,-1.07,-1.446%,5023700603.00,United States,,726211,Consumer Discretionary,Diversified Commercial Services
FTEK,Fuel Tech Inc. Common Stock,$1.65,-0.065,-3.79%,51507702.00,United States,,75299,Industrials,Pollution Control Equipment
FTF,Franklin Limited Duration Income Trust Common Shares of Beneficial Interest,$5.33,-0.03,-0.56%,215360643.00,United States,2003,269897,Finance,Finance/Investors Services
FTH,Faeth Therapeutics Inc. Common Stock,$27.77,-0.23,-0.821%,717588602.00,United States,2021,195658,Health Care,Biotechnology: Pharmaceutical Preparations
FTHM,Fathom Holdings Inc. Common Stock,$0.5374,-0.0456,-7.822%,18382970.00,United States,2020,4888940,Finance,Real Estate
FTHY,First Trust High Yield Opportunities 2027 Term Fund Common Stock,$12.85,-0.15,-1.154%,472532909.00,United States,2020,171387,Finance,Investment Managers
FTK,Flotek Industries Inc. Common Stock,$28.43,-1.10,-3.725%,1029746796.00,United States,,303574,Industrials,Major Chemicals
FTLF,FitLife Brands Inc. Common Stock,$9.29,0.035,0.378%,87243059.00,United States,,8418,Health Care, Medicinal Chemicals and Botanical Products 
FTNT,Fortinet Inc. Common Stock,$176.33,2.87,1.655%,129375728433.00,United States,2009,2832529,Technology,Computer peripheral equipment
FTRE,Fortrea Holdings Inc. Common Stock,$20.06,0.17,0.855%,1907706000.00,United States,,1624739,Health Care,Medical Specialities
FTS,Fortis Inc. Common Shares,$53.12,0.03,0.057%,27139008000.00,United States,2016,944243,Utilities,Electric Utilities: Central
FTV,Fortive Corporation Common Stock ,$55.76,-0.33,-0.588%,16840470820.00,United States,2016,1921161,Industrials,Industrial Machinery/Components
FUBO,FuboTV Inc. Class A Common Stock,$9.45,-0.19,-1.971%,1031909713.00,United States,2020,689618,Consumer Discretionary,Movies/Entertainment
FUL,H. B. Fuller Company Common Stock,$49.37,-0.69,-1.378%,2657543605.00,United States,,1496208,Industrials,Home Furnishings
FULC,Fulcrum Therapeutics Inc. Common Stock,$3.72,-0.02,-0.535%,283825796.00,United States,2019,901251,Health Care,Biotechnology: Pharmaceutical Preparations
FULT,Fulton Financial Corporation Common Stock,$22.97,-0.26,-1.119%,4385307512.00,United States,,1805416,Finance,Major Banks
FULTP,Fulton Financial Corporation Depositary Shares Each Representing a 1/40th Interest in a Share of Fixed Rate Non-Cumulative Perpetual Preferred Stock Series A,$17.35,-0.085,-0.488%,3312367668.00,United States,,6802,Finance,Major Banks
FUN,Six Flags Entertainment Corporation Common Stock New,$11.54,-0.78,-6.331%,1180730240.00,United States,,2161113,Consumer Discretionary,Services-Misc. Amusement & Recreation
FUNC,First United Corporation Common Stock,$43.84,0.55,1.271%,282936170.00,United States,,30716,Finance,Major Banks
FUND,Sprott Focus Trust Inc. Common Stock,$9.68,-0.27,-2.714%,286852832.00,United States,,45331,Finance,Investment Managers
FUSB,First US Bancshares Inc. Common Stock,$16.45,0.01,0.061%,90552463.00,United States,,8823,Finance,Major Banks
FUSE,Fusemachines Inc. Common stock,$0.65,0.0748,13.004%,18840446.00,United States,,53476810,Technology,EDP Services
FUSEW,Fusemachines Inc. Warrants,$0.05,0.0099,24.688%,1449265.00,United States,,23011,Technology,EDP Services
FVAV,Fortress Value Acquisition Corp. V Class A Ordinary Shares,$10.28,0.00,0.00%,0.00,United States,2026,10,,
FVCB,FVCBankcorp Inc. Common Stock,$17.75,-0.23,-1.279%,320107139.00,United States,,45304,Finance,Major Banks
FVR,FrontView REIT Inc. Common Stock,$17.64,-0.22,-1.232%,431403011.00,United States,2024,130386,Real Estate,Real Estate Investment Trusts
FWAC,Futurewave Acquisition Corporation Ordinary Shares,$9.94,0.00,0.00%,0.00,United States,2026,6223,Finance,Blank Checks
FWACR,Futurewave Acquisition Corporation Rights,$0.1325,0.00,0.00%,0.00,United States,2026,6300,Finance,Blank Checks
FWACW,Futurewave Acquisition Corporation Warrants,$0.04,0.00,0.00%,0.00,United States,2026,9378,Finance,Blank Checks
FWDI,Forward Industries Inc. Common Stock,$8.05,-0.37,-4.394%,614120131.00,United States,,1738444,Finance,Finance: Consumer Services
FWONA,Liberty Media Corporation Series A Common Stock,$86.62,0.16,0.185%,21716368971.00,United States,,160752,Industrials,Broadcasting
FWONK,Liberty Media Corporation Series C Common Stock,$94.86,0.25,0.264%,23782206887.00,United States,,1109933,Industrials,Broadcasting
FWRD,Forward Air Corporation Common Stock,$15.27,0.58,3.948%,515833763.00,United States,,923449,Industrials,Integrated Freight & Logistics
FWRG,First Watch Restaurant Group Inc. Common Stock,$10.15,0.01,0.099%,626381215.00,United States,2021,862022,Consumer Discretionary,Restaurants
FXAC,FortuneX Acquisition Corporation Ordinary shares,$10.08,0.00,0.00%,0.00,United States,2026,612,Finance,Blank Checks
FXACU,FortuneX Acquisition Corporation Units,$10.35,-0.01,-0.097%,0.00,United States,2026,4858,Finance,Blank Checks
FXACW,FortuneX Acquisition Corporation Warrant,$0.16,0.00,0.00%,0.00,United States,2026,41,Finance,Blank Checks
FXNC,First National Corporation Common Stock,$29.98,0.60,2.042%,271098017.00,United States,,70962,Finance,Major Banks
GAB,Gabelli Equity Trust Inc. (The) Common Stock,$5.30,-0.02,-0.376%,1557231229.00,United States,1986,1508383,Finance,Investment Managers
GAB^G,Gabelli Equity Trust Inc. (The) Series G Cumulative Preferred Stock,$18.30,-0.12,-0.651%,,United States,,11898,,
GAB^H,Gabelli Equity Trust Inc. (The) Pfd Ser H,$18.25,-0.13,-0.707%,,United States,,17653,,
GAB^K,Gabelli Equity Trust Inc. (The) 5.00% Series K Cumulative Preferred Stock,$18.26,-0.20,-1.083%,,United States,,10199,,
GABC,German American Bancorp Inc. Common Stock,$49.35,-0.15,-0.303%,1854514175.00,United States,,115324,Finance,Major Banks
GAIA,Gaia Inc. Class A Common Stock,$1.42,0.12,9.231%,36104626.00,United States,1999,181337,Consumer Discretionary,Movies/Entertainment
GAIN,Gladstone Investment Corporation Business Development Company,$15.71,-0.10,-0.633%,625603102.00,United States,2005,122298,Finance,Finance: Consumer Services
GAING,Gladstone Investment Corporation 7.125% Notes due 2031,$25.05,-0.02,-0.08%,0.00,United States,,2289,Finance,Finance: Consumer Services
GAINI,Gladstone Investment Corporation 7.875% Notes due 2030,$25.392,-0.013,-0.051%,0.00,United States,,6125,Finance,Finance: Consumer Services
GAINZ,Gladstone Investment Corporation 4.875% Notes due 2028,$24.22,-0.066,-0.272%,925669751.00,United States,,4565,Finance,Finance: Consumer Services
GALT,Galectin Therapeutics Inc. Common Stock,$3.93,0.03,0.769%,396339101.00,United States,,168764,Health Care,Biotechnology: Pharmaceutical Preparations
GAM,General American Investors Inc. Common Stock,$63.98,-0.54,-0.837%,1533959528.00,United States,,12672,Finance,Investment Managers
GAM^B,General American Investors Company Inc. Cumulative Preferred Stock,$22.6384,-0.0316,-0.139%,,United States,,40210,,
GAME,GameSquare Holdings Inc. Common Stock,$3.11,0.00,0.00%,40630041.00,United States,,54761,Consumer Discretionary,Services-Misc. Amusement & Recreation
GANX,Gain Therapeutics Inc. Common Stock,$1.77,-0.01,-0.562%,77249206.00,United States,2021,548044,Health Care,Biotechnology: Pharmaceutical Preparations
GAP,Gap Inc. (The) Common Stock,$22.95,1.13,5.179%,8061649644.00,United States,,10440134,Consumer Discretionary,Clothing/Shoe/Accessory Stores
GATX,GATX Corporation Common Stock,$181.26,-2.47,-1.344%,6398478000.00,United States,,307212,Consumer Discretionary,Transportation Services
GBAB,Guggenheim Taxable Municipal Bond & Investment Grade Debt Trust Common Shares of Beneficial Interest,$12.54,-0.10,-0.791%,280857189.00,United States,2010,166815,Finance,Investment Managers
GBCI,Glacier Bancorp Inc. Common Stock,$44.06,-0.69,-1.542%,5737138649.00,United States,,871187,Finance,Major Banks
GBDC,Golub Capital BDC Inc. Common Stock,$12.49,0.03,0.241%,3243048347.00,United States,2010,1252966,Finance,Finance: Consumer Services
GBFH,GBank Financial Holdings Inc. Common Stock,$19.11,-0.01,-0.052%,277409493.00,United States,,53084,Finance,Major Banks
GBLI,Global Indemnity Group LLC Class A Common Stock ,$24.50,-0.335,-1.349%,358695043.00,United States,,20628,Finance,Property-Casualty Insurers
GBR,New Concept Energy Inc Common Stock,$0.7182,0.028,4.057%,3685755.00,United States,1993,14130,Energy,Oil & Gas Production
GBX,Greenbrier Companies Inc. (The) Common Stock,$42.09,-0.45,-1.058%,1302251384.00,United States,1994,287965,Industrials,Railroads
GCBC,Greene County Bancorp Inc. Common Stock,$34.31,-0.15,-0.435%,584144390.00,United States,,24395,Finance,Banks
GCGR,General Catalyst Global Resilience Merger Corp. Class A Ordinary Shares,$10.12,0.00,0.00%,0.00,United States,2026,19,,
GCGRW,General Catalyst Global Resilience Merger Corp. Warrants,$0.65,0.00,0.00%,0.00,United States,2026,401,,
GCMG,GCM Grosvenor Inc. Class A Common Stock,$12.92,-0.12,-0.92%,2620073932.00,United States,,437984,Finance,Investment Managers
GCO,Genesco Inc. Common Stock,$34.89,0.35,1.013%,377515103.00,United States,,123444,Consumer Discretionary,Clothing/Shoe/Accessory Stores
GCT,GigaCloud Technology Inc Class A Ordinary Shares,$52.62,-1.36,-2.519%,1879072671.00,United States,2022,459520,Consumer Discretionary,Catalog/Specialty Distribution
GCTK,GlucoTrack Inc. Common Stock,$1.80,-0.02,-1.099%,1527532.00,United States,,519702,Health Care,Medical/Dental Instruments
GCTS,GCT Semiconductor Holding Inc. Common Stock,$2.18,-0.05,-2.242%,200494003.00,United States,2021,1436289,Technology,Semiconductors
GCV,Gabelli Convertible and Income Securities Fund Inc. (The) Common Stock,$4.17,-0.13,-3.023%,79396921.00,United States,,93871,Finance,Finance/Investors Services
GD,General Dynamics Corporation Common Stock,$334.16,-2.56,-0.76%,90409392281.00,United States,,1889384,Industrials,Marine Transportation
GDC,GD Culture Group Limited Common Stock,$1.26,-0.10,-7.353%,5244750.00,United States,2015,386491,Industrials,Steel/Iron Ore
GDDY,GoDaddy Inc. Class A Common Stock,$93.71,-3.43,-3.531%,11868156342.00,United States,2015,2273151,Technology,EDP Services
GDL,GDL Fund The Common Shares of Beneficial Interest,$8.3401,-0.0199,-0.238%,0.00,United States,2007,17401,Finance,Investment Managers
GDO,Western Asset Global Corporate Opportunity Fund Inc. Common Stock,$9.39,-0.13,-1.366%,0.00,United States,2009,55269,Finance,Finance Companies
GDOT,Green Dot Corporation Class A Common Stock $0.001 par value,$12.31,0.06,0.49%,701487553.00,United States,2010,496629,Finance,Finance: Consumer Services
GDRX,GoodRx Holdings Inc. Class A Common Stock,$3.31,-0.04,-1.194%,1129191234.00,United States,2020,694248,Technology,EDP Services
GDV,Gabelli Dividend & Income Trust Common Shares of Beneficial Interest,$28.59,-0.36,-1.244%,2578488958.00,United States,2003,87343,Finance,Investment Managers
GDV^H,The Gabelli Dividend & Income Trust 5.375% Series H Cumulative Preferred Shares,$20.50,0.30,1.485%,,United States,,42347,,
GDV^K,The Gabelli Dividend & Income Trust 4.250% Series K Cumulative Preferred Shares,$16.07,-0.12,-0.741%,,United States,,23675,,
GDYN,Grid Dynamics Holdings Inc. Class A Common Stock,$7.59,-0.16,-2.065%,615753027.00,United States,2018,574797,Technology,Computer Software: Prepackaged Software
GE,GE Aerospace Common Stock,$318.24,-8.85,-2.706%,330193894137.00,United States,,4173602,Technology,Consumer Electronics/Appliances
GECC,Great Elm Capital Corp. Common Stock,$5.16,-0.12,-2.273%,71671110.00,United States,,34320,Finance,Finance: Consumer Services
GECCG,Great Elm Capital Corp. 7.75% Notes Due 2030,$24.48,-0.23,-0.931%,0.00,United States,,802,Finance,Finance: Consumer Services
GECCH,Great Elm Capital Corp. 8.125% Notes Due 2029,$24.85,-0.30,-1.193%,0.00,United States,,156,,
GECCI,Great Elm Capital Corp. 8.50% NOTES DUE 2029,$24.99,-0.05,-0.20%,0.00,United States,,1020,Finance,Finance Companies
GEF,Greif Inc. Class A Common Stock,$81.62,-1.04,-1.258%,3768258360.00,United States,,374594,,
GEG,Great Elm Group Inc. Common Stock,$2.15,-0.01,-0.463%,66854014.00,United States,,14169,Technology,Computer Software: Prepackaged Software
GEGGL,Great Elm Group Inc.  7.25% Notes due 2027,$24.50,-0.0101,-0.041%,710421282.00,United States,,4705,Technology,Computer Software: Prepackaged Software
GEHC,GE HealthCare Technologies Inc. Common Stock ,$66.78,0.15,0.225%,30163607909.00,United States,,4166167,Health Care,Medical Electronics
GEL,Genesis Energy L.P. Common Units,$14.06,-0.11,-0.776%,1717770953.00,United States,2001,224163,Energy,Oil Refining/Marketing
GEMI,Gemini Space Station Inc. Class A Common Stock,$5.20,-0.34,-6.137%,674191450.00,United States,2025,2015247,Finance,Finance: Consumer Services
GEN,Gen Digital Inc. Common Stock,$20.85,-0.77,-3.562%,12480539617.00,United States,,18419513,Technology,Computer Software: Prepackaged Software
GENB,Generate Biomedicines Inc. Common Stock,$14.91,-0.24,-1.584%,1913734821.00,United States,2026,1135586,Health Care,Biotechnology: Pharmaceutical Preparations
GENC,Gencor Industries Inc. Common Stock,$17.31,-0.15,-0.859%,253724822.00,United States,,42008,Industrials,Construction/Ag Equipment/Trucks
GENK,GEN Restaurant Group Inc. Class A Common Stock,$1.71,-0.03,-1.724%,56369497.00,United States,2023,16349,Consumer Discretionary,Restaurants
GENVR,Gen Digital Inc. Contingent Value Rights,$0.72,-0.38,-34.545%,430982663.00,United States,,104599,Technology,Computer Software: Prepackaged Software
GEO,Geo Group Inc (The) REIT,$30.22,-1.00,-3.203%,3977543828.00,United States,,2590734,Consumer Discretionary,Homebuilding
GEOS,Geospace Technologies Corporation Common Stock (Texas),$4.89,-0.10,-2.004%,63255099.00,United States,,85593,Industrials,Industrial Machinery/Components
GERN,Geron Corporation Common Stock,$1.25,-0.01,-0.794%,803091761.00,United States,1996,9974100,Health Care,Biotechnology: Pharmaceutical Preparations
GETY,Getty Images Holdings Inc. Class A Common Stock,$0.0829,-0.0575,-40.954%,34387857.00,United States,2022,27985432,Consumer Discretionary,Business Services
GEV,GE Vernova Inc. Common Stock,$949.77,-7.86,-0.821%,252955645226.00,United States,2024,1658533,Technology,Consumer Electronics/Appliances
GEVO,Gevo Inc. Common Stock,$1.34,-0.06,-4.286%,331297719.00,United States,2011,2876977,Industrials,Major Chemicals
GF,New Germany Fund Inc. (The) Common Stock,$10.72,-0.03,-0.279%,0.00,United States,1990,15770,Finance,Investment Managers
GFF,Griffon Corporation Common Stock,$96.08,-2.31,-2.348%,4351916313.00,United States,,306500,Industrials,Building Products
GFS,GlobalFoundries Inc. Ordinary Shares,$47.78,-1.22,-2.49%,26633460851.00,United States,2021,3190689,Technology,Semiconductors
GFUZ,General Fusion Group Ltd. Common Shares,$7.76,-0.01,-0.129%,493138075.00,United States,2025,53638,Utilities,Electric Utilities: Central
GFUZW,General Fusion Group Ltd. Warrant,$1.35,-0.14,-9.396%,85790773.00,United States,2025,4506,Utilities,Electric Utilities: Central
GGG,Graco Inc. Common Stock,$78.25,0.39,0.501%,12672886728.00,United States,,1387182,Industrials,Fluid Controls
GGN,GAMCO Global Gold Natural Resources & Income Trust,$5.29,-0.13,-2.399%,0.00,United States,2005,758422,Finance,Finance/Investors Services
GGN^B,GAMCO Global Gold Natural Reources & Income Trust 5.00% Series B Cumulative 25.00 Liquidation Preference,$18.05,-0.13,-0.715%,,United States,,19080,,
GGT,Gabelli Multi-Media Trust Inc. (The) Common Stock,$3.98,0.00,0.00%,109592289.00,United States,,190337,Finance,Trusts Except Educational Religious and Charitable
GGT^E,Gabelli Multi-Media Trust Inc. (The) 5.125% Series E Cumulative Preferred Stock,$19.9801,-0.0155,-0.078%,,United States,,580,,
GGT^G,Gabelli Multi-Media Trust Inc. (The) 5.125% Series G Cumulative Preferred Shares,$20.03,-0.16,-0.792%,,United States,,8049,,
GH,Guardant Health Inc. Common Stock,$177.33,0.08,0.045%,23797006826.00,United States,2018,1318925,Health Care,Medical Specialities
GHC,Graham Holdings Company Common Stock,$1140.01,-14.88,-1.288%,4827860269.00,United States,,31121,Real Estate,Other Consumer Services
GHI,Greystone Housing Impact Investors LP Beneficial Unit Certificates representing assignments of limited partnership interests,$5.86,0.01,0.171%,138076309.00,United States,2022,37208,Finance,Finance: Consumer Services
GHM,Graham Corporation Common Stock,$87.23,0.02,0.023%,1023821389.00,United States,1978,124450,Industrials,Industrial Machinery/Components
GHXI,Gores Holdings XI Inc. Class A Ordinary Shares,$9.9901,-0.0099,-0.099%,0.00,United States,2026,1381,,
GHXIU,Gores Holdings XI Inc. Units,$10.18,0.00,0.00%,0.00,United States,2026,44,,
GHY,PGIM Global High Yield Fund Inc.,$10.91,-0.11,-0.998%,0.00,United States,2012,279135,Finance,Trusts Except Educational Religious and Charitable
GIC,Global Industrial Company Common Stock,$42.32,0.82,1.976%,1612744991.00,United States,,185594,Industrials,Industrial Machinery/Components
GIFT,Giftify Inc. Common Stock,$0.6112,-0.0553,-8.297%,21651868.00,United States,,42588,Consumer Discretionary,Catalog/Specialty Distribution
GIII,G-III Apparel Group LTD. Common Stock,$27.13,0.01,0.037%,1163239662.00,United States,1989,659302,Consumer Discretionary,Apparel
GILD,Gilead Sciences Inc. Common Stock,$152.21,1.28,0.848%,188733574143.00,United States,1992,5081994,Health Care,Biotechnology: Biological Products (No Diagnostic Substances)
GIPR,Generation Income Properties Inc. Common Stock,$0.404,-0.026,-6.047%,2873450.00,United States,,1435957,Real Estate,Real Estate Investment Trusts
GIS,General Mills Inc. Common Stock,$33.60,-0.04,-0.119%,17965488038.00,United States,,10934391,Consumer Staples,Packaged Foods
GIW,GigCapital8 Corp. Class A Ordinary Shares,$10.17,0.01,0.098%,0.00,United States,2025,6155,Finance,Blank Checks
GIX,GigCapital9 Corp. Class A Ordinary Share,$10.005,0.00,0.00%,0.00,United States,2026,11,Finance,Blank Checks
GIXXR,GigCapital9 Corp. Rights,$0.23,-0.005,-2.128%,0.00,United States,2026,4395,Finance,Blank Checks
GJH,Synthetic Fixed-Income Securities Inc 6.375% (STRATS) Cl A-1,$9.36,-0.07,-0.742%,0.00,United States,,4360,Finance,Finance: Consumer Services
GJO,Synthetic Fixed-Income Securities Inc. on behalf of STRATS(SM) Trust for Wal-Mart Stores Inc. Securities Series 2004-5,$24.62,-0.12,-0.485%,0.00,United States,,309,Finance,Finance: Consumer Services
GJP,Synthetic Fixed-Income Securities Inc. on behalf of STRATS (SM) Trust for Dominion Resources Inc. Securities Series 2005-6 Floating Rate Structured Repackaged Asset-Backed Trust Securities (STRATS) Certificates,$24.22,-0.26,-1.062%,0.00,United States,,200,Finance,Finance: Consumer Services
GJR,Synthetic Fixed-Income Securities Inc. STRATS Trust for Procter&Gamble Securities Series 2006-1,$24.60,0.00,0.00%,0.00,United States,,5,Finance,Finance: Consumer Services
GJS,Goldman Sachs Group Securities STRATS Trust for Goldman Sachs Group Securities Series 2006-2,$23.12,0.00,0.00%,7214342443.00,United States,,1567,Finance,Finance: Consumer Services
GJT,Synthetic Fixed-Income Securities Inc. Floating Rate Structured Repackaged Asset-Backed Trust Securities Certificates Series 2006-3,$23.22,-0.015,-0.065%,0.00,United States,,1681,Finance,Finance: Consumer Services
GKOS,Glaukos Corporation Common Stock,$158.56,4.13,2.674%,9352493051.00,United States,2015,1400681,Health Care,Medical/Dental Instruments
GL,Globe Life Inc. Common Stock,$166.69,-0.35,-0.21%,12810034320.00,United States,,540842,Finance,Life Insurance
GL^D,Globe Life Inc. 4.25% Junior Subordinated Debentures due 2061,$14.5999,0.0316,0.217%,,United States,,12823,,
GLAD,Gladstone Capital Corporation Common Stock,$19.26,-0.10,-0.517%,435142509.00,United States,2001,184072,Consumer Discretionary,Textiles
GLIBA,Liberty Capital Corporation Series A GCI Group Common Stock,$23.45,-0.20,-0.846%,935772109.00,United States,,28795,Telecommunications,Cable & Other Pay Television Services
GLIBK,Liberty Capital Corporation Series C GCI Group Common Stock,$23.34,-0.21,-0.892%,931382560.00,United States,,302691,Telecommunications,Cable & Other Pay Television Services
GLND,Greenland Energy Company Common Stock,$4.49,-1.05,-18.953%,196348571.00,United States,,27602164,Energy,Oil & Gas Production
GLNDW,Greenland Energy Company Warrant,$1.2199,-0.3201,-20.786%,53346464.00,United States,,891833,Energy,Oil & Gas Production
GLO,Clough Global Opportunities Fund Common Stock,$5.27,-0.11,-2.045%,0.00,United States,2006,232209,Finance,Finance/Investors Services
GLOB,Globant S.A. Common Shares,$33.79,-0.71,-2.058%,1459037197.00,United States,2014,750390,Technology,EDP Services
GLOO,Gloo Holdings Inc. Class A Common Stock,$4.66,-0.11,-2.306%,426534651.00,United States,2025,1246199,Technology,EDP Services
GLP,Global Partners LP Common Units representing Limited Partner Interests,$47.17,-0.37,-0.778%,1603570707.00,United States,2005,45424,Energy,Oil Refining/Marketing
GLPI,Gaming and Leisure Properties Inc. Common Stock,$38.63,-0.16,-0.412%,11238241261.00,United States,,2840631,Real Estate,Real Estate Investment Trusts
GLQ,Clough Global Equity Fund Clough Global Equity Fund Common Shares of Beneficial Interest,$7.50,-0.22,-2.85%,0.00,United States,2005,81164,Finance,Finance/Investors Services
GLSI,Greenwich LifeSciences Inc. Common Stock,$18.59,0.37,2.031%,272867887.00,United States,2020,82978,Health Care,Biotechnology: Pharmaceutical Preparations
GLU,Gabelli Global Utility Common Shares of Beneficial Ownership,$17.79,-0.03,-0.168%,106186927.00,United States,2004,2928,Finance,Finance/Investors Services
GLU^A,The Gabelli Global Utility and Income Trust Series A Cumulative Puttable and Callable Preferred Shares,$50.50,0.00,0.00%,,United States,,6,,
GLUE,Monte Rosa Therapeutics Inc. Common Stock,$11.71,-0.06,-0.51%,999019926.00,United States,2021,772672,Health Care,Biotechnology: Biological Products (No Diagnostic Substances)
GLV,Clough Global Dividend and Income Fund Common Shares of beneficial interest,$5.79,-0.05,-0.856%,73588486.00,United States,2004,21228,Finance,Finance/Investors Services
GLW,Corning Incorporated Common Stock,$151.59,-5.15,-3.286%,130577857096.00,United States,,7331098,Industrials,Telecommunications Equipment
GLXY,Galaxy Digital Inc. Class A Common Stock,$23.21,-1.03,-4.249%,9072535779.00,United States,,3829322,Finance,Investment Bankers/Brokers/Service
GM,General Motors Company Common Stock,$80.64,-1.99,-2.408%,70757692266.00,United States,2010,8626726,Industrials,Auto Manufacturing
GME,GameStop Corporation Common Stock,$23.96,0.57,2.437%,12087843720.00,United States,2002,9549351,Consumer Discretionary,Electronics Distribution
GMED,Globus Medical Inc. Class A Common Stock,$74.78,0.26,0.349%,10040105929.00,United States,2012,1732395,Health Care,Medical/Dental Instruments
GNE,Genie Energy Ltd. Class B Common Stock Stock,$16.00,0.08,0.503%,421113968.00,United States,2011,74940,Utilities,Power Generation
GNK,Genco Shipping & Trading Limited Ordinary Shares New (Marshall Islands),$25.93,-0.16,-0.613%,1130200668.00,United States,,247756,Consumer Discretionary,Marine Transportation
GNL,Global Net Lease Inc. Common Stock,$8.49,-0.06,-0.702%,1963888606.00,United States,2015,3176919,Real Estate,Real Estate Investment Trusts
GNL^A,Global Net Lease Inc. 7.25% Series A Cumulative Redeemable Preferred Stock $0.01 par value per share,$22.40,-0.0703,-0.313%,,United States,,1972,,
GNL^B,Global Net Lease Inc. 6.875% Series B Cumulative Redeemable Perpetual Preferred Stock,$21.1899,0.00,0.00%,,United States,,341,,
GNL^D,Global Net Lease Inc. 7.50% Series D Cumulative Redeemable Perpetual Preferred Stock,$22.4999,-0.0001,0.00%,,United States,,4079,,
GNL^E,Global Net Lease Inc. 7.375% Series E Cumulative Redeemable Perpetual Preferred Stock,$22.34,-0.01,-0.045%,,United States,,2129,,
GNLN,Greenlane Holdings Inc. Class A Common Stock,$2.71,-0.36,-11.726%,1882214.00,United States,2019,31997,Consumer Discretionary,Durable Goods
GNLX,Genelux Corporation Common Stock,$2.47,-0.01,-0.403%,111755977.00,United States,2023,103758,Health Care,Biotechnology: Pharmaceutical Preparations
GNPX,Genprex Inc. Common Stock,$2.81,-0.48,-14.59%,2303382.00,United States,2018,568377,Health Care,Biotechnology: Pharmaceutical Preparations
GNRC,Generac Holdlings Inc. Common Stock,$205.21,-2.93,-1.408%,12108695341.00,United States,2010,961920,Consumer Discretionary,Metal Fabrications
GNSS,Genasys Inc. Common Stock,$1.45,-0.03,-2.027%,66035913.00,United States,,116354,Consumer Staples,Consumer Electronics/Appliances
GNT,GAMCO Natural Resources Gold & Income Trust,$8.64,-0.14,-1.595%,159627793.00,United States,2011,59254,Finance,Finance/Investors Services
GNT^A,GAMCO Natural Resources Gold & Income Tust  5.20% Series A Cumulative Preferred Shares (Liquidation Preference $25.00 per share),$19.40,0.0457,0.236%,,United States,,508,,
GNTX,Gentex Corporation Common Stock,$22.34,-0.24,-1.063%,4706665615.00,United States,,2699387,Consumer Discretionary,Auto Parts:O.E.M.
GNW,Genworth Financial Inc Common Stock,$9.38,-0.05,-0.53%,3544242727.00,United States,2004,2759133,Finance,Life Insurance
GO,Grocery Outlet Holding Corp. Common Stock,$11.10,0.03,0.271%,1099837861.00,United States,2019,2096460,Consumer Staples,Food Chains
GOAI,Eva Live Inc. Common Stock,$1.94,-0.15,-7.177%,77588632.00,United States,,117539,Technology,Computer Software: Programming Data Processing
GOF,Guggenheim Strategic Opportunities Fund Common Shares of Beneficial Interest,$8.49,-0.06,-0.702%,0.00,United States,,3078771,Finance,Finance/Investors Services
GOGO,Gogo Inc. Common Stock,$2.22,-0.08,-3.478%,300827454.00,United States,2013,893132,Consumer Discretionary,Telecommunications Equipment
GOLD,Gold.com Inc. Common Stock,$42.85,-1.10,-2.503%,1249281295.00,United States,,400850,Industrials,Other Specialty Stores
GOLF,Acushnet Holdings Corp. Common Stock,$83.79,0.77,0.927%,4893758637.00,United States,2016,299523,Consumer Discretionary,Recreational Games/Products/Toys
GOOD,Gladstone Commercial Corporation Real Estate Investment Trust,$12.47,-0.03,-0.24%,603641537.00,United States,2003,485209,Real Estate,Real Estate
GOODN,Gladstone Commercial Corporation 6.625% Series E Cumulative Redeemable Preferred Stock,$21.3968,-0.4832,-2.208%,1035765617.00,United States,,6436,Real Estate,Real Estate
GOODO,Gladstone Commercial Corporation 6.00% Series G Cumulative Redeemable Preferred Stock par value $0.001 per share,$19.39,-0.40,-2.021%,938621444.00,United States,,20105,Real Estate,Real Estate
GOOG,Alphabet Inc. Class C Capital Stock,$339.16,-1.92,-0.563%,4147926800000.00,United States,2004,13870817,Technology,Computer Software: Programming Data Processing
GOOGL,Alphabet Inc. Class A Common Stock,$342.75,-1.17,-0.34%,4191832500000.00,United States,2004,19318464,Technology,Computer Software: Programming Data Processing
GOOGM,Alphabet Inc. Depositary Shares representing a 1/20th Interest in a Share of Series A Mandatory Convertible Preferred Stock,$48.85,-0.05,-0.102%,597435500000.00,United States,,543920,Technology,Computer Software: Programming Data Processing
GOOGN,Alphabet Inc. Depositary Shares representing a 1/20th Interest in a Share of Series B Mandatory Convertible Preferred Stock,$48.56,-0.11,-0.226%,593888800000.00,United States,,536613,Technology,Computer Software: Programming Data Processing
GOSS,Gossamer Bio Inc. Common Stock,$11.52,0.58,5.302%,70460824.00,United States,2019,516581,Health Care,Biotechnology: Pharmaceutical Preparations
GOVX,GeoVax Labs Inc. Common Stock,$0.3457,-0.0053,-1.51%,3492563.00,United States,,170762,Health Care,Biotechnology: Pharmaceutical Preparations
GPAC,General Purpose Acquisition Corp. Class A Ordinary Shares,$10.09,0.00,0.00%,0.00,United States,2026,543,,
GPAT,GP-Act III Acquisition Corp. Class A Ordinary Share,$11.02,-0.06,-0.542%,0.00,United States,2024,541,,
GPATU,GP-Act III Acquisition Corp. Units,$10.99,0.00,0.00%,0.00,United States,2024,6,,
GPC,Genuine Parts Company Common Stock,$128.13,-1.48,-1.142%,17663970793.00,United States,,741384,Consumer Discretionary,Automotive Aftermarket
GPCR,Structure Therapeutics Inc. American Depositary Shares,$35.065,-0.865,-2.407%,2500480136.00,United States,2023,1282616,Health Care,Biotechnology: Pharmaceutical Preparations
GPGI,GPGI Inc. Class A Common Stock,$11.63,0.02,0.172%,3371421654.00,United States,,1743726,Finance,Finance: Consumer Services
GPI,Group 1 Automotive Inc. Common Stock,$242.23,-9.95,-3.946%,2887920562.00,United States,1997,431156,Consumer Discretionary,Retail-Auto Dealers and Gas Stations
GPJA,Georgia Power Company Series 2017A 5.00% Junior Subordinated Notes due October 1 2077,$19.22,0.21,1.105%,178006030.00,United States,2017,35067,Utilities,Electric Utilities: Central
GPK,Graphic Packaging Holding Company,$9.25,-0.13,-1.386%,2738662050.00,United States,,4851152,Consumer Discretionary,Containers/Packaging
GPMT,Granite Point Mortgage Trust Inc. Common Stock,$0.8998,-0.0153,-1.672%,43368710.00,United States,2017,124271,Real Estate,Real Estate Investment Trusts
GPMT^A,Granite Point Mortgage Trust Inc. 7.00% Series A Fixed-to-Floating Rate Cumulative Redeemable Preferred Stock,$14.42,-0.54,-3.61%,,United States,,24898,,
GPN,Global Payments Inc. Common Stock,$84.70,-1.79,-2.07%,22413177633.00,United States,,1889540,Consumer Discretionary,Business Services
GPOR,Gulfport Energy Corporation Common Shares,$152.09,-2.53,-1.636%,2689539180.00,United States,2021,282434,Energy,Oil & Gas Production
GPRE,Green Plains Inc. Common Stock,$14.80,-0.12,-0.804%,1037410854.00,United States,,863406,Industrials,Major Chemicals
GPRO,GoPro Inc. Class A Common Stock,$1.33,0.04,3.101%,245390864.00,United States,2014,10334083,Consumer Discretionary,Industrial Machinery/Components
GPUS,Hyperscale Data Inc. Common Stock,$0.1692,0.0039,2.359%,29941146.00,United States,1997,21906650,Technology,Industrial Machinery/Components
GPUS^D,Hyperscale Data Inc. 13.00% Series D Cumulative Redeemable Perpetual Preferred Stock,$19.05,2.30,13.731%,,United States,,6700,,
GRAL,GRAIL Inc. Common Stock ,$132.63,5.74,4.524%,5924082615.00,United States,,1110437,Health Care,Medical Specialities
GRBK,Green Brick Partners Inc. Common Stock,$68.28,-0.51,-0.741%,2936770323.00,United States,2021,281215,Consumer Discretionary,Homebuilding
GRBK^A,Green Brick Partners Inc. Depositary Shares (each representing a 1/1000th fractional interest in a share of 5.75% Series A Cumulative Perpetual Preferred Stock),$20.70,-0.15,-0.719%,,United States,,2344,,
GRC,Gorman-Rupp Company (The) Common Stock,$76.06,1.85,2.493%,2008763083.00,United States,1971,201867,Industrials,Fluid Controls
GRDN,Guardian Pharmacy Services Inc. Class A Common Stock,$40.74,-0.47,-1.14%,2580565465.00,United States,2024,621554,Consumer Staples,Retail-Drug Stores and Proprietary Stores
GRDX,GridAI Technologies Corp. Common Stock,$3.47,0.04,1.166%,24744997.00,United States,2016,36398,Health Care,Biotechnology: Pharmaceutical Preparations
GREEL,Vulcan Infrastructure and Power Inc. 8.50% Senior Notes due 2026,$25.3499,0.0499,0.197%,397319554.00,United States,,4715,Finance,Finance: Consumer Services
GRF,Eagle Capital Growth Fund Inc. Common Stock,$9.7238,-0.4462,-4.387%,0.00,United States,,7985,Finance,Finance/Investors Services
GRI,GRI Bio Inc. Common Stock,$2.10,0.05,2.439%,4590842.00,United States,2021,118272,Health Care,Biotechnology: Pharmaceutical Preparations
GRML,Greenland Mines Ltd. Common Stock,$11.85,-2.81,-19.168%,104601514.00,United States,2022,9128171,Health Care,Biotechnology: Biological Products (No Diagnostic Substances)
GRMLW,Greenland Mines Ltd Warrant,$0.9365,-0.1134,-10.801%,8266609.00,United States,2022,490353,Health Care,Biotechnology: Biological Products (No Diagnostic Substances)
GRNT,Granite Ridge Resources Inc. Common Stock,$4.31,-0.13,-2.928%,568490043.00,United States,2022,1241093,Energy,Oil & Gas Production
GROW,U.S. Global Investors Inc. Class A Common Stock,$2.92,-0.06,-2.013%,35910732.00,United States,,6459,Finance,Investment Managers
GRPN,Groupon Inc. Common Stock,$19.74,-1.56,-7.324%,802732943.00,United States,2011,1081699,Consumer Discretionary,Advertising
GRWG,GrowGeneration Corp. Common Stock,$1.57,0.01,0.641%,92505105.00,United States,,500375,Consumer Discretionary,RETAIL: Building Materials
GRX,The Gabelli Healthcare & Wellness Trust Common Shares of Beneficial Interest,$9.61,-0.06,-0.62%,164263471.00,United States,,7672,Finance,Finance/Investors Services
GS,Goldman Sachs Group Inc. (The) Common Stock,$916.28,-19.17,-2.049%,266794537722.00,United States,1999,1825533,Finance,Investment Bankers/Brokers/Service
GS^A,Goldman Sachs Group Inc. (The) Depositary Shares each representing 1/1000th Interest in a Share of Floating Rate Non-Cumulative Preferred Stock Series A,$19.125,-0.035,-0.183%,,United States,,41846,,
GS^C,Goldman Sachs Group Inc. (The) Depositary Share repstg 1/1000th Preferred Series C,$19.40,-0.206,-1.051%,,United States,,21082,,
GS^D,Goldman Sachs Group Inc. (The) Dep Shs repstg 1/1000 Pfd Ser D Fltg,$18.90,-0.10,-0.526%,,United States,,87506,,
GSAT,Globalstar Inc. Common Stock,$82.34,-0.54,-0.652%,10668249533.00,United States,2025,610111,Consumer Discretionary,Telecommunications Equipment
GSBC,Great Southern Bancorp Inc. Common Stock,$77.99,-0.49,-0.624%,849896571.00,United States,1989,56960,Finance,Major Banks
GSBD,Goldman Sachs BDC Inc. Common Stock,$9.46,-0.08,-0.839%,1064903374.00,United States,2015,1065995,Finance,Investment Managers
GSHD,Goosehead Insurance Inc. Class A Common Stock,$44.39,-0.84,-1.857%,1576551023.00,United States,2018,398805,Finance,Specialty Insurers
GSHR,Gesher Acquisition Corp. II Class A Ordinary Shares,$10.57,0.00,0.00%,0.00,United States,2025,8,,
GSIT,GSI Technology Common Stock,$5.43,-0.18,-3.209%,208688964.00,United States,2007,287554,Technology,Semiconductors
GSRF,GSR IV Acquisition Corp. Class A ordinary share,$10.23,0.00,0.00%,0.00,United States,2025,38,,
GSRFU,GSR IV Acquisition Corp. Units,$10.58,0.00,0.00%,0.00,United States,2025,16,,
GSRV,GSR V Acquisition Corp. Class A ordinary shares,$9.89,0.00,0.00%,0.00,United States,2026,28,Finance,Blank Checks
GT,The Goodyear Tire & Rubber Company Common Stock,$5.02,-0.105,-2.049%,1445251660.00,United States,,7501417,Consumer Discretionary,Automotive Aftermarket
GTBP,GT Biopharma Inc. Common Stock,$6.80,-0.09,-1.306%,12269777.00,United States,,36993,Health Care,Biotechnology: Pharmaceutical Preparations
GTEN,Gores Holdings X Inc. Class A ordinary shares,$10.49,0.00,0.00%,0.00,United States,2025,22,,
GTIM,Good Times Restaurants Inc. Common Stock,$1.48,-0.03,-1.987%,15625686.00,United States,,53815,Consumer Discretionary,Restaurants
GTLB,GitLab Inc. Class A Common Stock,$46.21,-0.635,-1.356%,7698586000.00,United States,2021,5206237,Technology,Computer Software: Prepackaged Software
GTM,ZoomInfo Technologies Inc Common Stock,$3.59,-0.16,-4.267%,1045085065.00,United States,2020,5051160,Technology,Computer Software: Prepackaged Software
GTN,Gray Media Inc. Common Stock,$4.59,0.01,0.218%,472698318.00,United States,,936293,Industrials,Broadcasting
GTY,Getty Realty Corporation Common Stock,$28.45,-0.21,-0.733%,1761985287.00,United States,,924026,Finance,Real Estate
GUAC,Berto Acquisition Corp. II Ordinary Shares,$9.91,0.009,0.091%,0.00,United States,2026,31839,Finance,Blank Checks
GUG,Guggenheim Active Allocation Fund Common Shares of Beneficial Interest,$13.82,-0.11,-0.79%,0.00,United States,2021,175289,Finance,Trusts Except Educational Religious and Charitable
GUT,Gabelli Utility Trust (The) Common Stock,$5.86,-0.04,-0.678%,430118310.00,United States,,314980,Finance,Trusts Except Educational Religious and Charitable
GUT^C,Gabelli Utility Trust (The) 5.375% Series C Cumulative Preferred Shares,$19.9523,-0.0277,-0.139%,,United States,,5908,,
GUTS,Fractyl Health Inc. Common Stock,$0.471,-0.0146,-3.007%,74973708.00,United States,2024,1400148,Health Care,Medical/Dental Instruments
GVA,Granite Construction Incorporated Common Stock,$115.77,0.69,0.60%,5066617323.00,United States,,704545,Industrials,Military/Government/Technical
GWAV,Greenwave Technology Solutions Inc. Common Stock,$2.35,-0.04,-1.674%,7008837.00,United States,,123290,Industrials,Metal Fabrications
GWH,ESS Tech Inc. Common Stock,$0.1765,-0.0335,-15.952%,7108387.00,United States,,2445058,Miscellaneous,Industrial Machinery/Components
GWRE,Guidewire Software Inc. Common Stock,$145.18,-0.38,-0.261%,11903695685.00,United States,2012,1132921,Technology,Computer Software: Prepackaged Software
GWRS,Global Water Resources Inc. Common Stock,$7.95,-0.15,-1.852%,237906103.00,United States,2016,68835,Utilities,Water Supply
GWW,W.W. Grainger Inc. Common Stock,$1255.69,12.62,1.015%,59144181860.00,United States,,367797,Industrials,Office Equipment/Supplies/Services
GXAI,Gaxos.ai Inc. Common Stock,$0.5504,-0.0191,-3.354%,6083179.00,United States,2023,175521,Technology,Computer Software: Prepackaged Software
GXO,GXO Logistics Inc. Common Stock ,$44.77,-0.43,-0.951%,5134428602.00,United States,2021,1376601,Consumer Discretionary,Transportation Services
GYGY,Game Your Game Inc. Common Stock,$0.8725,0.1329,17.969%,12557020.00,United States,,113659581,Technology,Computer Software: Prepackaged Software
GYRE,Gyre Therapeutics Inc. Common Stock,$7.49,0.14,1.905%,835208769.00,United States,2006,137060,Health Care,Biotechnology: Pharmaceutical Preparations
GYRO,Gyrodyne LLC Common Stock,$4.73,0.10,2.16%,10402727.00,United States,,452,Real Estate,Building operators
H,Hyatt Hotels Corporation Class A Common Stock,$161.19,2.71,1.71%,15184356065.00,United States,2009,728032,Consumer Discretionary,Hotels/Resorts
HACQ,HCM IV Acquisition Corp. Class A Ordinary Share,$10.035,0.00,0.00%,0.00,United States,2026,26,Finance,Blank Checks
HACQU,HCM IV Acquisition Corp. Unit,$10.15,0.00,0.00%,0.00,United States,2026,2,,
HAE,Haemonetics Corporation Common Stock,$105.79,0.49,0.465%,4813133025.00,United States,1991,472186,Health Care,Medical/Dental Instruments
HAFC,Hanmi Financial Corporation Common Stock,$31.60,-0.50,-1.558%,936916458.00,United States,,194894,Finance,Major Banks
HAIN,Hain Celestial Group Inc. (The) Common Stock,$0.4899,-0.0076,-1.528%,44582012.00,United States,,519540,Consumer Staples,Packaged Foods
HAL,Halliburton Company Common Stock,$32.43,-0.33,-1.007%,27018417802.00,United States,,10552199,Energy,Oilfield Services/Equipment
HALO,Halozyme Therapeutics Inc. Common Stock,$112.89,-1.01,-0.887%,12812789220.00,United States,,2236895,Health Care,Biotechnology: Biological Products (No Diagnostic Substances)
HAPN,Happen Inc. Common Stock,$14.90,-0.13,-0.865%,1719571214.00,United States,,1616670,Finance,Finance: Consumer Services
HAS,Hasbro Inc. Common Stock,$89.45,1.36,1.544%,12616427573.00,United States,,1822206,Consumer Discretionary,Recreational Games/Products/Toys
HASI,HA Sustainable Infrastructure Capital Inc. Common Stock,$36.25,-0.19,-0.521%,4657972388.00,United States,2013,729736,Finance,Finance/Investors Services
HAWK,HawkEye 360 Inc. Common Stock,$15.51,-0.59,-3.665%,1519445712.00,United States,2026,682044,Technology,EDP Services
HAYW,Hayward Holdings Inc. Common Stock,$12.52,-0.11,-0.871%,2655737167.00,United States,2021,5063464,Industrials,Industrial Machinery/Components
HBAN,Huntington Bancshares Incorporated Common Stock,$15.30,-0.34,-2.174%,30912346838.00,United States,,30524309,Finance,Major Banks
HBANL,Huntington Bancshares Incorporated Depositary Shares Each Representing a 1/40th Interest in a Share of 6.875% Series J Non-Cumulative Perpetual Preferred Stock,$25.18,-0.09,-0.356%,50874045319.00,United States,,56491,Finance,Major Banks
HBANM,Huntington Bancshares Incorporated Depositary Shares each representing a 1/1000th interest in a share of Huntington Series I Preferred Stock,$19.99,-0.04,-0.20%,40388092372.00,United States,,21009,Finance,Major Banks
HBANP,Huntington Bancshares Incorporated Depositary Shares 4.500% Series H Non-Cumulative Perpetual Preferred Stock,$15.72,-0.21,-1.318%,31760921065.00,United States,,47858,Finance,Major Banks
HBANZ,Huntington Bancshares Incorporated Depositary Shares Each Representing a 1/1000th Interest in a Share of 5.50% Series L Non-Cumulative Perpetual Preferred Stock,$18.97,-0.08,-0.42%,38327269249.00,United States,,7105,Finance,Major Banks
HBB,Hamilton Beach Brands Holding Company Class A Common Stock ,$37.60,0.34,0.913%,505431683.00,United States,2017,99737,Consumer Discretionary,Home Furnishings
HBCP,Home Bancorp Inc. Common Stock,$67.06,-0.54,-0.799%,527812495.00,United States,2008,110159,Finance,Banks
HBIO,Harvard Bioscience Inc. Common Stock,$7.98,0.02,0.251%,36327394.00,United States,2000,32329,Industrials,Biotechnology: Laboratory Analytical Instruments
HBNC,Horizon Bancorp Inc. Common Stock,$19.04,-0.24,-1.245%,977599642.00,United States,,569868,Finance,Major Banks
HBT,HBT Financial Inc. Common Stock,$35.90,-0.35,-0.966%,1305525471.00,United States,2019,119666,Finance,Major Banks
HCA,HCA Healthcare Inc. Common Stock,$432.60,-3.01,-0.691%,93658548900.00,United States,2011,1106218,Health Care,Hospital/Nursing Management
HCAT,Health Catalyst Inc Common Stock,$1.77,0.03,1.724%,133203794.00,United States,2019,532893,Technology,Computer Software: Programming Data Processing
HCC,Warrior Met Coal Inc. Common Stock,$91.75,2.24,2.503%,4844591482.00,United States,2017,982321,Energy,Coal Mining
HCI,HCI Group Inc. Common Stock,$175.29,0.35,0.20%,2180408996.00,United States,,163613,Finance,Property-Casualty Insurers
HCIC,Hennessy Capital Investment Corp. VIII Class A Ordinary Shares,$9.98,0.00,0.00%,0.00,United States,2026,114,,
HCICR,Hennessy Capital Investment Corp. VIII Share Rights,$0.0959,-0.0091,-8.667%,0.00,United States,2026,15546,,
HCKT,Hackett Group Inc (The). Common Stock,$9.78,-0.25,-2.493%,243305598.00,United States,,224106,Consumer Discretionary,Professional Services
HCMA,HCM III Acquisition Corp. Class A Ordinary Share,$10.29,-0.01,-0.097%,399380625.00,United States,2025,120316,Consumer Discretionary,Hotels/Resorts
HCMAU,HCM III Acquisition Corp. Units,$10.47,0.00,0.00%,0.00,United States,2025,100,,
HCMAW,HCM III Acquisition Corp. Warrants,$0.5986,-0.0164,-2.667%,47434784.00,United States,2025,707,Consumer Discretionary,Hotels/Resorts
HCSG,Healthcare Services Group Inc. Common Stock,$20.78,-0.27,-1.283%,1426177158.00,United States,1983,573152,Health Care,Hospital/Nursing Management
HCTI,Healthcare Triangle Inc. Common Stock,$0.7497,-0.0283,-3.638%,11226249.00,United States,2021,473076,Technology,EDP Services
HCWB,HCW Biologics Inc. Common Stock,$1.82,-0.11,-5.699%,3342110.00,United States,2021,104537,Health Care,Biotechnology: Pharmaceutical Preparations
HCXY,Hercules Capital Inc. 6.25% Notes due 2033,$24.98,-0.02,-0.08%,4538258561.00,United States,2018,356,Finance,Investment Managers
HD,Home Depot Inc. (The) Common Stock,$289.89,-3.31,-1.129%,289220245681.00,United States,,5415589,Consumer Discretionary,RETAIL: Building Materials
HDRN,Hadron Energy Inc. Common Stock  ,$1.30,-0.07,-5.109%,92948495.00,United States,2024,105714,Utilities,Electric Utilities: Central
HDRNW,Hadron Energy Inc. Warrant,$0.1399,0.0001,0.072%,10002688.00,United States,2024,22323,Utilities,Electric Utilities: Central
HDSN,Hudson Technologies Inc. Common Stock,$5.10,-0.06,-1.163%,214651590.00,United States,,261545,Consumer Discretionary,Industrial Specialties
HE,Hawaiian Electric Industries Inc. Common Stock,$8.95,-0.15,-1.648%,1545915636.00,United States,,3404809,Utilities,Electric Utilities: Central
HEI,Heico Corporation Common Stock,$304.61,-3.92,-1.271%,42571503137.00,United States,2000,580207,Industrials,Aerospace
HEI/A,Heico Corporation,$230.63,-1.39,-0.599%,,United States,,223852,,
HEQ,John Hancock Diversified Income Fund Common Shares of Beneficial Interest,$11.20,0.01,0.089%,0.00,United States,2011,14352,Finance,Investment Managers
HERZ,Herzfeld Credit Income Fund Inc. Common Stock,$15.40,-0.14,-0.901%,0.00,United States,,18888,Finance,Investment Managers
HESM,Hess Midstream LP Class A Representing Limited Partner Interests,$38.48,0.23,0.601%,4938941901.00,United States,2017,1862612,Energy,Oil & Gas Production
HFBL,Home Federal Bancorp Inc. of Louisiana Common Stock,$25.00,0.20,0.806%,75764850.00,United States,2010,3350,Finance,Savings Institutions
HFFG,HF Foods Group Inc. Common Stock,$1.58,-0.01,-0.629%,87852449.00,United States,2017,36947,Consumer Discretionary,Food Distributors
HFRO,Highland Opportunities and Income Fund Common Shares of Beneficial Interest,$6.64,-0.15,-2.209%,0.00,United States,2017,157704,Finance,Finance/Investors Services
HFRO^A,Highland Opportunities and Income Fund 5.375% Series A Cumulative Preferred Shares,$15.6101,-0.2099,-1.327%,,United States,,19373,,
HFRO^B,Highland Opportunities and Income Fund 5.375% Series B Cumulative Preferred Shares,$15.5564,-0.0536,-0.343%,,United States,,11749,,
HFWA,Heritage Financial Corporation Common Stock,$28.16,-0.41,-1.435%,1152182113.00,United States,,370711,Finance,Banks
HGBL,Heritage Global Inc. Common Stock,$1.31,-0.02,-1.504%,45377673.00,United States,,93948,Consumer Discretionary,Business Services
HGTY,Hagerty Inc. Class A Common Stock,$13.53,-0.06,-0.442%,4649214847.00,United States,2021,480367,Finance,Specialty Insurers
HGV,Hilton Grand Vacations Inc. Common Stock ,$35.94,0.17,0.475%,2793405771.00,United States,2016,1759361,Consumer Discretionary,Hotels/Resorts
HHH,Howard Hughes Holdings Inc. Common Stock,$73.95,5.52,8.067%,4416370612.00,United States,,1896759,Real Estate,Real Estate Investment Trusts
HHS,Harte Hanks Inc. Common Stock,$4.60,0.00,0.00%,34289504.00,United States,,16936,Consumer Discretionary,Advertising
HIFS,Hingham Institution for Savings Common Stock,$295.88,-3.30,-1.103%,635372712.00,United States,,37824,Finance,Banks
HIG,The Hartford Insurance Group Inc. Common Stock,$126.04,1.81,1.457%,34140707132.00,United States,,2062941,Finance,Property-Casualty Insurers
HIG^G,The Hartford Insurance Group Inc. Depositary Shares each representing a 1/1000th interest in a share of 6.000% Non-Cumulative Preferred Stock Series G,$22.16,-0.445,-1.969%,,United States,,35012,,
HII,Huntington Ingalls Industries Inc. Common Stock,$257.05,-6.97,-2.64%,10128951916.00,United States,,617203,Industrials,Marine Transportation
HIMS,Hims & Hers Health Inc. Class A Common Stock,$28.78,-0.64,-2.175%,6714760026.00,United States,2019,6524616,Health Care,Medical/Nursing Services
HIND,Vyome Holdings Inc. Common Stock,$2.03,-0.01,-0.49%,14247612.00,United States,2016,5148,Health Care,Biotechnology: Pharmaceutical Preparations
HIO,Western Asset High Income Opportunity Fund Inc. Common Stock,$3.27,-0.01,-0.305%,0.00,United States,,974159,Finance,Finance/Investors Services
HIPO,Hippo Holdings Inc. Common Stock,$30.85,0.24,0.784%,814112404.00,United States,2021,210475,Finance,Property-Casualty Insurers
HIT,Health In Tech Inc. Class A Common Stock,$0.8811,0.0211,2.453%,57626274.00,United States,2024,15558,Finance,Specialty Insurers
HIW,Highwoods Properties Inc. Common Stock,$29.41,-0.68,-2.26%,3244105666.00,United States,1994,931126,Real Estate,Real Estate Investment Trusts
HIX,Western Asset High Income Fund II Inc. Common Stock,$3.52,-0.05,-1.401%,0.00,United States,1998,690688,Finance,Finance/Investors Services
HL,Hecla Mining Company Common Stock,$17.01,-1.18,-6.487%,11426781011.00,United States,,39832518,Industrials,Mining & Quarrying of Nonmetallic Minerals (No Fuels)
HL^B,Hecla Mining Company Preferred Stock,$72.00,0.00,0.00%,,United States,,13,,
HLI,Houlihan Lokey Inc. Class A Common Stock,$129.54,0.47,0.364%,9053097210.00,United States,2015,730481,Finance,Investment Managers
HLIO,Helios Technologies Inc. Common Stock,$68.91,0.27,0.393%,2270624261.00,United States,2021,359205,Industrials,Metal Fabrications
HLIT,Harmonic Inc. Common Stock,$10.58,-0.43,-3.906%,1153922988.00,United States,1995,960086,Technology,Radio And Television Broadcasting And Communications Equipment
HLLY,Holley Inc. Common Stock,$2.42,-0.05,-2.024%,293386626.00,United States,2020,757716,Consumer Discretionary,Auto Parts:O.E.M.
HLMN,Hillman Solutions Corp. Common Stock,$7.11,0.06,0.851%,1383214943.00,United States,2020,1735555,Consumer Discretionary,Industrial Machinery/Components
HLNE,Hamilton Lane Incorporated Class A Common Stock,$84.96,-1.25,-1.45%,4682199804.00,United States,2017,418478,Finance,Investment Managers
HLT,Hilton Worldwide Holdings Inc. Common Stock ,$320.28,6.32,2.013%,72083789375.00,United States,2016,1913001,Consumer Discretionary,Hotels/Resorts
HLXC,Helix Acquisition Corp. III Class A Ordinary Shares,$10.75,-0.19,-1.737%,0.00,United States,2026,27979,,
HMH,HMH Holding Inc. Class A Common Stock,$19.28,0.12,0.626%,847052861.00,United States,2026,331443,Consumer Discretionary,Oil and Gas Field Machinery
HMN,Horace Mann Educators Corporation Common Stock,$44.97,-0.38,-0.838%,1821332398.00,United States,1991,376250,Finance,Property-Casualty Insurers
HNGE,Hinge Health Inc. Class A Common Stock,$92.45,-3.12,-3.265%,7460198852.00,United States,2025,1276711,Technology,EDP Services
HNI,HNI Corporation Common Stock,$46.86,-0.35,-0.741%,3382439148.00,United States,,599620,Consumer Discretionary,Office Equipment/Supplies/Services
HNNA,Hennessy Advisors Inc. Common Stock,$10.03,-0.15,-1.473%,79281232.00,United States,,9024,Finance,Investment Managers
HNRG,Hallador Energy Company Common Stock,$14.39,-0.33,-2.242%,678392907.00,United States,,611565,Utilities,Electric Utilities: Central
HNST,The Honest Company Inc. Common Stock,$5.30,0.01,0.189%,568607209.00,United States,2021,1702725,Consumer Discretionary,Catalog/Specialty Distribution
HNVR,Hanover Bancorp Inc. Common Stock,$25.73,-0.78,-2.942%,181536060.00,United States,2022,17531,Finance,Major Banks
HODO,House of Doge Inc. Common Stock,$0.1671,-0.0026,-1.532%,14897464.00,United States,2025,364088,Finance,Finance: Consumer Services
HOFT,Hooker Furnishings Corporation Common Stock,$13.11,-0.03,-0.228%,140174703.00,United States,,31543,Consumer Discretionary,Home Furnishings
HOG,Harley-Davidson Inc. Common Stock,$24.67,-0.78,-3.065%,2567468748.00,United States,,1749765,Consumer Discretionary,Motor Vehicles
HOLO,MicroCloud Hologram Inc. Ordinary Shares,$1.62,-0.05,-2.994%,37118023.00,United States,2021,174898,Technology,Computer Software: Programming Data Processing
HOLOW,MicroCloud Hologram Inc. Warrant,$0.04,0.00,0.00%,916494.00,United States,2021,238,Technology,Computer Software: Programming Data Processing
HOMB,Home BancShares Inc. Common Stock,$28.86,-0.33,-1.131%,5773432322.00,United States,2006,1202458,Finance,Major Banks
HON,Honeywell International Inc. Common Stock,$211.52,-1.03,-0.485%,67039150915.00,United States,,2198682,Industrials,Aerospace
HONA,Honeywell Aerospace Inc. Common Stock ,$152.32,-6.46,-4.069%,48278239072.00,United States,,3701075,Industrials,Aerospace
HOOD,Robinhood Markets Inc. Class A Common Stock,$116.46,-2.94,-2.462%,104707121514.00,United States,2021,12901371,Finance,Investment Bankers/Brokers/Service
HOPE,Hope Bancorp Inc. Common Stock,$13.64,-0.19,-1.374%,1742398643.00,United States,,712676,Finance,Major Banks
HOS,Hornbeck Offshore Services Inc. Common Stock,$7.94,-0.25,-3.053%,1764002701.00,United States,,2190939,Energy,Oilfield Services/Equipment
HOUR,Hour Loop Inc. Common Stock,$1.915,0.175,10.057%,67407655.00,United States,2022,142479,Consumer Discretionary,Catalog/Specialty Distribution
HOV,Hovnanian Enterprises Inc. Class A Common Stock,$113.48,-1.67,-1.45%,676328317.00,United States,1983,93021,Consumer Discretionary,Homebuilding
HOVNP,Hovnanian Enterprises Inc Dep Shr Srs A Pfd,$17.95,-0.6499,-3.494%,106980026.00,United States,,11777,Consumer Discretionary,Homebuilding
HOVR,New Horizon Aircraft Ltd. Class A Ordinary Share,$1.70,-0.03,-1.734%,114110700.00,United States,2023,354476,Industrials,Aerospace
HOVRW,New Horizon Aircraft Ltd. Warrant,$0.32,0.00,0.00%,21479661.00,United States,2023,2013,Industrials,Aerospace
HOWL,Werewolf Therapeutics Inc. Common Stock,$0.93,-0.0299,-3.115%,45197131.00,United States,2021,701253,Health Care,Biotechnology: Pharmaceutical Preparations
HP,Helmerich & Payne Inc. Common Stock,$37.47,-1.10,-2.852%,3744712269.00,United States,,1724855,Energy,Oil & Gas Production
HPE,Hewlett Packard Enterprise Company Common Stock,$62.63,-0.31,-0.493%,83139119109.00,United States,2015,15030774,Technology,Retail: Computer Software & Peripheral Equipment
HPE^C,Hewlett Packard Enterprise Company 7.625% Series C Mandatory Convertible Preferred Stock,$160.50,-0.73,-0.453%,,United States,,15156,,
HPF,John Hancock Pfd Income Fund II Pfd Income Fund II,$13.38,-0.40,-2.903%,0.00,United States,2002,85247,Finance,Finance Companies
HPI,John Hancock Preferred Income Fund Common Shares of Beneficial Interest,$13.87,-0.44,-3.075%,0.00,United States,2002,144376,Finance,Trusts Except Educational Religious and Charitable
HPK,HighPeak Energy Inc. Common Stock,$7.59,0.03,0.397%,959776782.00,United States,,415737,Energy,Oil & Gas Production
HPP,Hudson Pacific Properties Inc. Common Stock,$11.50,-0.15,-1.288%,624090522.00,United States,2010,729790,Finance,Real Estate
HPP^C,Hudson Pacific Properties Inc. 4.750% Series C Cumulative Redeemable Preferred Stock,$14.25,0.00,0.00%,,United States,,3274,,
HPQ,HP Inc. Common Stock,$31.32,0.02,0.064%,28244093149.00,United States,,13325402,Technology,Computer Manufacturing
HPS,John Hancock Preferred Income Fund III Preferred Income Fund III,$12.10,-0.32,-2.576%,0.00,United States,2003,103968,Finance,Investment Managers
HQH,abrdn Healthcare Investors Shares of Beneficial Interest,$21.25,0.01,0.047%,1006054178.00,United States,1987,111808,Finance,Finance Companies
HQI,HireQuest Inc. Common Stock (DE),$19.73,-0.31,-1.547%,274247000.00,United States,,29775,Consumer Discretionary,Professional Services
HQL,abrdn Life Sciences Investors Shares of Beneficial Interest,$18.90,-0.07,-0.369%,485345120.00,United States,1992,105597,Finance,Investment Managers
HQY,HealthEquity Inc. Common Stock,$88.44,0.19,0.215%,7315340778.00,United States,2014,1495843,Consumer Discretionary,Business Services
HR,Healthcare Realty Trust Incorporated Common Stock,$17.98,-0.07,-0.388%,6162101285.00,United States,,5146015,Real Estate,Real Estate Investment Trusts
HRB,H&R Block Inc. Common Stock,$40.34,-1.85,-4.385%,4972547293.00,United States,,1647707,Consumer Discretionary,Other Consumer Services
HRI,Herc Holdings Inc. Common Stock ,$133.90,-1.46,-1.079%,4476470352.00,United States,2016,476420,Industrials,Misc Corporate Leasing Services
HRL,Hormel Foods Corporation Common Stock,$19.97,0.26,1.319%,10990505476.00,United States,,5433577,Consumer Staples,Meat/Poultry/Fish
HRMY,Harmony Biosciences Holdings Inc. Common Stock,$40.01,-1.25,-3.03%,2330038084.00,United States,2020,874439,Health Care,Biotechnology: Pharmaceutical Preparations
HROW,Harrow Inc. Common Stock,$31.60,-1.47,-4.445%,1184616060.00,United States,,852507,Health Care,Biotechnology: Pharmaceutical Preparations
HRTG,Heritage Insurance Holdings Inc. Common Stock,$33.26,-0.01,-0.03%,988900156.00,United States,2014,171059,Finance,Property-Casualty Insurers
HRTX,Heron Therapeutics Inc. Common Stock,$0.2918,-0.0024,-0.816%,55398903.00,United States,,1124459,Health Care,Biotechnology: Pharmaceutical Preparations
HRZN,Horizon Technology Finance Corporation Common Stock,$4.535,-0.095,-2.052%,303998777.00,United States,2010,273777,Finance,Finance: Consumer Services
HSCS,HeartSciences Inc. Common Stock,$4.43,-0.30,-6.342%,21458521.00,United States,2022,100298,Health Care,Industrial Specialties
HSCSW,HeartSciences Inc. Warrant,$0.0437,0.00,0.00%,211679.00,United States,2022,9,Health Care,Industrial Specialties
HSDT,Solana Company Class A Common Stock (DE),$2.84,-0.10,-3.401%,171702717.00,United States,,222909,Health Care,Biotechnology: Electromedical & Electrotherapeutic Apparatus
HSIC,Henry Schein Inc. Common Stock,$85.99,-0.38,-0.44%,9583288147.00,United States,1995,984381,Health Care,Medical Specialities
HST,Host Hotels & Resorts Inc. Common Stock,$22.66,0.24,1.07%,15524918881.00,United States,,9418502,Real Estate,Real Estate Investment Trusts
HSTM,HealthStream Inc. Common Stock,$29.14,0.04,0.137%,891564147.00,United States,2000,144604,Technology,Computer Software: Programming Data Processing
HSY,The Hershey Company Common Stock,$164.41,-1.96,-1.178%,33034187267.00,United States,,1401395,Consumer Staples,Specialty Foods
HTB,HomeTrust Bancshares Inc. Common Stock,$45.50,-0.69,-1.494%,759539690.00,United States,,149733,Finance,Savings Institutions
HTD,John Hancock Tax Advantaged Dividend Income Fund Common Shares of Beneficial Interest,$22.11,-0.38,-1.69%,0.00,United States,2004,111538,Finance,Finance Companies
HTFC,Horizon Technology Finance Corporation 6.25% Notes due 2027,$24.846,-0.064,-0.257%,1057090934.00,United States,2022,3091,Finance,Finance: Consumer Services
HTFL,Heartflow Inc. Common Stock,$49.92,0.75,1.525%,4340725060.00,United States,2025,1121153,Health Care,Medical/Dental Instruments
HTGC,Hercules Capital Inc. Common Stock,$16.91,-0.06,-0.354%,3164943240.00,United States,2012,851476,Finance,Investment Managers
HTH,Hilltop Holdings Inc.,$38.12,-0.44,-1.141%,2183758216.00,United States,,248902,Finance,Major Banks
HTLD,Heartland Express Inc. Common Stock,$11.44,0.14,1.239%,884685070.00,United States,1986,635902,Industrials,Trucking Freight/Courier Services
HTO,H2O America Common Stock,$61.37,-0.90,-1.445%,2568752061.00,United States,,300866,Utilities,Water Supply
HTZ,Hertz Global Holdings Inc Common Stock,$1.69,-0.05,-2.874%,602402854.00,United States,,9242546,Consumer Discretionary,Rental/Leasing Companies
HTZWW,Hertz Global Holdings Inc Warrant,$0.9169,0.0572,6.653%,326830282.00,United States,,215858,Consumer Discretionary,Rental/Leasing Companies
HUBB,Hubbell Inc Common Stock,$465.72,-0.90,-0.193%,24605184966.00,United States,2015,429898,Technology,Electrical Products
HUBG,Hub Group Inc. Class A Common Stock,$30.22,-0.12,-0.396%,1848059072.00,United States,1996,2242083,Industrials,Integrated Freight & Logistics
HUBS,HubSpot Inc. Common Stock,$202.84,-10.90,-5.10%,10114860211.00,United States,2014,2477370,Technology,Computer Software: Prepackaged Software
HUCK,Huckleberry.ai Inc. Class B Common Stock,$3.31,-0.06,-1.78%,155689693.00,United States,2018,1097151,Technology,Computer Software: Prepackaged Software
HUM,Humana Inc. Common Stock,$389.63,-8.30,-2.086%,46786890406.00,United States,,1492915,Health Care,Medical Specialities
HUMA,Humacyte Inc. Common Stock,$0.5472,-0.0101,-1.812%,152011123.00,United States,2020,4959213,Health Care,Biotechnology: Biological Products (No Diagnostic Substances)
HUN,Huntsman Corporation Common Stock,$8.63,-0.27,-3.034%,1513517456.00,United States,2005,2273944,Industrials,Major Chemicals
HURA,TuHURA Biosciences Inc. Common Stock,$2.09,-0.01,-0.476%,133188630.00,United States,,375407,Health Care,Biotechnology: Pharmaceutical Preparations
HURC,Hurco Companies Inc. Common Stock,$21.99,0.34,1.57%,142414321.00,United States,,25706,Industrials,Industrial Machinery/Components
HURN,Huron Consulting Group Inc. Common Stock,$157.62,-0.36,-0.228%,2507745549.00,United States,2004,159929,Consumer Discretionary,Professional Services
HUT,Hut 8 Corp. Common Stock,$92.71,-4.11,-4.245%,11427385278.00,United States,,2142415,Finance,Finance: Consumer Services
HUYA,HUYA Inc. American depositary shares each  representing one Class A ordinary share,$2.36,0.06,2.609%,538943979.00,United States,2018,1013939,Technology,Computer Software: Programming Data Processing
HVMC,Highview Merger Corp. Class A Ordinary Share,$10.26,0.00,0.00%,0.00,United States,2025,15,,
HVMCW,Highview Merger Corp. Warrants,$0.22,0.00,0.00%,0.00,United States,2025,120600,,
HVT,Haverty Furniture Companies Inc. Common Stock,$27.83,-0.12,-0.429%,433970612.00,United States,,111060,Consumer Discretionary,Other Specialty Stores
HVT/A,Haverty Furniture Companies Inc.,$28.09,0.00,0.00%,,United States,,26,,
HWBK,Hawthorn Bancshares Inc. Common Stock,$38.54,0.38,0.996%,265952130.00,United States,,12335,Finance,Major Banks
HWC,Hancock Whitney Corporation Common Stock,$72.83,-1.02,-1.381%,5842645314.00,United States,,854514,Finance,Major Banks
HWCPZ,Hancock Whitney Corporation 6.25% Subordinated Notes due 2060,$21.15,-0.093,-0.438%,1792567785.00,United States,,5924,Finance,Major Banks
HWKN,Hawkins Inc. Common Stock,$127.83,-1.20,-0.93%,2668466206.00,United States,,148943,Consumer Discretionary,Specialty Chemicals
HWM,Howmet Aerospace Inc. Common Stock,$228.32,-4.16,-1.789%,91054335420.00,United States,,1818921,Industrials,Metal Fabrications
HXL,Hexcel Corporation Common Stock,$84.14,-1.66,-1.935%,6362957251.00,United States,,894481,Industrials,Major Chemicals
HY,Hyster-Yale Inc. Class A common stock,$31.87,0.90,2.906%,571441434.00,United States,,221966,Industrials,Construction/Ag Equipment/Trucks
HYFM,Hydrofarm Holdings Group Inc. Common Stock,$0.973,-0.0002,-0.021%,4689201.00,United States,2020,17561,Consumer Discretionary,Consumer Specialties
HYLN,Hyliion Holdings Corp. Class A Common Stock,$3.96,-0.26,-6.161%,707244983.00,United States,2019,1454880,Consumer Discretionary,Construction/Ag Equipment/Trucks
HYMC,Hycroft Mining Holding Corporation Class A Common Stock,$19.60,-1.88,-8.752%,1826360948.00,United States,2018,2276917,Basic Materials,Precious Metals
HYNE,Hoyne Bancorp Inc. Common Stock,$16.40,-0.03,-0.183%,132789783.00,United States,2025,11310,Finance,Banks
HYPD,Hyperion DeFi Inc. Common Stock,$3.915,-0.125,-3.094%,60836884.00,United States,2018,744142,Health Care,Biotechnology: Pharmaceutical Preparations
HYPR,Hyperfine Inc. Class A Common Stock,$0.8359,0.0226,2.779%,88646082.00,United States,2021,613450,Health Care,Biotechnology: Electromedical & Electrotherapeutic Apparatus
HYT,Blackrock Corporate High Yield Fund Inc. Common Stock,$7.77,-0.02,-0.257%,0.00,United States,2003,1319651,Finance,Finance Companies
HZO,MarineMax Inc.  (FL) Common Stock,$52.37,-0.07,-0.133%,1156682888.00,United States,1998,702970,Consumer Discretionary,Auto & Home Supply Stores
IA,Innovative Solutions and Support Inc. Common Stock,$18.90,0.01,0.053%,338294370.00,United States,,247261,Technology,EDP Services
IACO,Idea Acquisition Corp. Class A Ordinary Shares,$10.00,0.00,0.00%,0.00,United States,2026,448,Finance,Blank Checks
IACOU,Idea Acquisition Corp. Units,$10.05,0.00,0.00%,0.00,United States,2026,1000,Finance,Blank Checks
IACOW,Idea Acquisition Corp. Warrants,$0.275,0.00,0.00%,0.00,United States,2026,20,Finance,Blank Checks
IACQ,Irenic Acquisition Corp. Class A Ordinary Shares,$9.9181,0.008,0.081%,0.00,United States,2026,556,Finance,Blank Checks
IAE,Voya Asia Pacific High Dividend Equity Income Fund ING Asia Pacific High Dividend Equity Income Fund Common Shares of Beneficial Interest,$8.85,-0.03,-0.338%,0.00,United States,2007,73063,Finance,Trusts Except Educational Religious and Charitable
IAF,abrdn Australia Equity Fund Inc. Common Stock,$12.68,0.06,0.475%,0.00,United States,1985,17298,Finance,Finance/Investors Services
IART,Integra LifeSciences Holdings Corporation Common Stock,$16.27,0.15,0.931%,1265358673.00,United States,,479056,Health Care,Medical/Dental Instruments
IBAC,IB Acquisition Corp. Common Stock,$11.30,0.00,0.00%,0.00,United States,2024,49,Finance,Blank Checks
IBACR,IB Acquisition Corp. Right,$0.12,0.01,9.091%,0.00,United States,2024,23908,Finance,Blank Checks
IBCP,Independent Bank Corporation Common Stock,$35.59,-0.24,-0.67%,790072909.00,United States,,165540,Finance,Major Banks
IBIO,iBio Inc. Common Stock,$1.17,-0.02,-1.681%,75239490.00,United States,,297228,Health Care,Biotechnology: Pharmaceutical Preparations
IBKR,Interactive Brokers Group Inc. Class A Common Stock,$87.08,-2.16,-2.42%,39454047131.00,United States,2019,3832600,Finance,Investment Bankers/Brokers/Service
IBM,International Business Machines Corporation Common Stock,$220.67,-4.84,-2.146%,207900795841.00,United States,,5291544,Technology,Computer Manufacturing
IBOC,International Bancshares Corporation Common Stock,$69.53,-0.41,-0.586%,4324175968.00,United States,,374815,Finance,Major Banks
IBP,Installed Building Products Inc. Common Stock,$196.09,-4.14,-2.068%,5211910818.00,United States,2014,276321,Consumer Discretionary,Homebuilding
IBRX,ImmunityBio Inc. Common Stock,$8.52,0.08,0.948%,9029805046.00,United States,2015,10413690,Health Care,Biotechnology: Biological Products (No Diagnostic Substances)
IBTA,Ibotta Inc. Class A Common Stock,$40.07,-0.99,-2.411%,928406433.00,United States,2024,249244,Consumer Discretionary,Advertising
ICCC,ImmuCell Corporation Common Stock,$9.88,-0.045,-0.453%,89732106.00,United States,1987,4457,Health Care,Biotechnology: In Vitro & In Vivo Diagnostic Substances
ICE,Intercontinental Exchange Inc. Common Stock,$152.91,-1.40,-0.907%,85842831007.00,United States,2005,2350893,Finance,Investment Bankers/Brokers/Service
ICFI,ICF International Inc. Common Stock,$83.00,-0.56,-0.67%,1488512372.00,United States,2006,140518,Consumer Discretionary,Professional Services
ICHR,Ichor Holdings Ordinary Shares,$59.42,1.48,2.554%,2225530287.00,United States,2016,699649,Technology,Semiconductors
ICMB,Investcorp Credit Management BDC Inc. Common Stock,$0.855,-0.005,-0.581%,12339764.00,United States,2014,14681,Finance,Finance: Consumer Services
ICU,SeaStar Medical Holding Corporation Common Stock,$3.40,-0.02,-0.585%,14983259.00,United States,2021,10828,Health Care,Medical/Dental Instruments
ICUCW,SeaStar Medical Holding Corporation Warrant,$0.0154,0.00,0.00%,67865.00,United States,2021,16,Health Care,Medical/Dental Instruments
ICUI,ICU Medical Inc. Common Stock,$164.03,-0.92,-0.558%,4101904443.00,United States,1992,290653,Health Care,Medical/Dental Instruments
IDA,IDACORP Inc. Common Stock,$128.81,-0.97,-0.747%,7450633559.00,United States,,649028,Utilities,Electric Utilities: Central
IDAC,Iron Dome Acquisition I Corp. Class A Ordinary Shares,$9.99,-0.01,-0.10%,0.00,United States,2026,429,,
IDACW,Iron Dome Acquisition I Corp. Warrant,$0.32,0.00,0.00%,0.00,United States,2026,22,,
IDAI,T Stamp Inc. Class A Common Stock,$3.13,0.0901,2.964%,17650981.00,United States,,28641,Technology,Computer Software: Prepackaged Software
IDCC,InterDigital Inc. Common Stock,$327.14,-7.07,-2.115%,8442177130.00,United States,,113019,Miscellaneous,Multi-Sector Companies
IDE,Voya Infrastructure Industrials and Materials Fund Common Shares of Beneficial Interest,$12.15,-0.13,-1.059%,0.00,United States,2010,74806,Finance,Finance/Investors Services
IDN,Intellicheck Inc. Common Stock,$2.34,-0.05,-2.092%,47424179.00,United States,1999,154879,Technology,Computer Software: Prepackaged Software
IDR,Idaho Strategic Resources Inc. Common Stock,$28.76,-1.63,-5.364%,455160649.00,United States,2022,202841,Basic Materials,Precious Metals
IDT,IDT Corporation Class B Common Stock,$69.56,2.10,3.113%,1729857451.00,United States,,373092,Telecommunications,Telecommunications Equipment
IDXX,IDEXX Laboratories Inc. Common Stock,$529.06,9.80,1.887%,41679937231.00,United States,1991,391988,Health Care,Biotechnology: In Vitro & In Vivo Diagnostic Substances
IDYA,IDEAYA Biosciences Inc. Common Stock,$38.22,1.53,4.17%,3687828078.00,United States,2019,1053777,Health Care,Biotechnology: Pharmaceutical Preparations
IEAG,Infinite Eagle Acquisition Corp. Class A Ordinary Shares,$10.22,0.00,0.00%,0.00,United States,2026,10,Finance,Blank Checks
IEAGR,Infinite Eagle Acquisition Corp. Rights,$0.20,0.00,0.00%,0.00,United States,2026,22,Finance,Blank Checks
IEAGU,Infinite Eagle Acquisition Corp. Unit,$10.37,0.00,0.00%,0.00,United States,2026,100,,
IEP,Icahn Enterprises L.P. Common Stock,$6.865,-0.095,-1.365%,4880432113.00,United States,,711398,Energy,Integrated oil Companies
IESC,IES Holdings Inc. Common Stock,$322.09,-2.04,-0.629%,12834871648.00,United States,,145902,Industrials,Engineering & Construction
IEX,IDEX Corporation Common Stock,$231.15,1.07,0.465%,17040353960.00,United States,1989,680504,Industrials,Fluid Controls
IFF,International Flavors & Fragrances Inc. Common Stock,$85.72,0.03,0.035%,21871454828.00,United States,,1863586,Industrials,Major Chemicals
IFN,Aberdeen India Fund Inc. Common Stock,$10.65,-0.23,-2.114%,0.00,United States,,339570,Finance,Finance/Investors Services
IGA,Voya Global Advantage and Premium Opportunity Fund Common Shares of Beneficial Interest,$10.13,-0.17,-1.65%,0.00,United States,2005,75843,Finance,Investment Managers
IGAC,Invest Green Acquisition Corporation Class A Ordinary Shares,$10.11,-0.03,-0.296%,0.00,United States,2025,381,Finance,Blank Checks
IGACU,Invest Green Acquisition Corporation Units,$10.1801,0.00,0.00%,0.00,United States,2025,2,Finance,Blank Checks
IGC,IGC Pharma Inc. Common Stock,$0.274,-0.0084,-2.975%,28327218.00,United States,,1103971,Health Care,Biotechnology: Pharmaceutical Preparations
IGD,Voya Global Equity Dividend and Premium Opportunity Fund,$6.27,-0.10,-1.57%,0.00,United States,2005,270582,Finance,Trusts Except Educational Religious and Charitable
IGI,Western Asset Investment Grade Opportunity Trust Inc. Common Stock,$15.80,0.0499,0.317%,0.00,United States,2009,2694,Finance,Investment Managers
IGR,CBRE Global Real Estate Income Fund Common Shares of Beneficial Interest,$11.73,-0.16,-1.346%,0.00,United States,2004,406326,Finance,Finance Companies
IH,iHuman Inc. American depositary shares each representing five Class A ordinary shares,$1.15,0.00,0.00%,58779791.00,United States,2020,4146,Real Estate,Other Consumer Services
IHD,Voya Emerging Markets High Income Dividend Equity Fund Common Shares,$7.64,-0.03,-0.391%,0.00,United States,2011,50839,Finance,Investment Managers
IHRT,iHeartMedia Inc. Class A Common Stock,$2.22,-0.07,-3.057%,296812062.00,United States,,543730,Consumer Discretionary,Broadcasting
IHT,InnSuites Hospitality Trust Shares of Beneficial Interest,$1.375,-0.025,-1.786%,15433782.00,United States,1999,16603,Real Estate,Real Estate Investment Trusts
IIF,Morgan Stanley India Investment Fund Inc. Common Stock,$21.69,-0.33,-1.499%,0.00,United States,1994,48891,Finance,Trusts Except Educational Religious and Charitable
III,Information Services Group Inc. Common Stock,$5.37,0.11,2.091%,259980291.00,United States,,539176,Consumer Discretionary,Professional Services
IIIN,Insteel Industries Inc. Common Stock,$29.29,-0.19,-0.645%,567003055.00,United States,,129688,Industrials,Steel/Iron Ore
IIIV,i3 Verticals Inc. Class A Common Stock,$14.41,-0.47,-3.159%,379300150.00,United States,2018,324314,Technology,Computer Software: Prepackaged Software
IIM,Invesco Value Municipal Income Trust Common Stock,$10.67,-0.33,-3.00%,502220244.00,United States,,553597,Finance,Investment Managers
IIPR,Innovative Industrial Properties Inc. Common Stock,$55.21,-0.31,-0.558%,1522214178.00,United States,2016,349052,Finance,Real Estate
IIPR^A,Innovative Industrial Properties Inc. 9.00% Series A Cumulative Redeemable Preferred Stock,$24.845,-0.0651,-0.261%,,United States,,27061,,
IKT,Inhibikase Therapeutics Inc. Common Stock,$2.05,-0.01,-0.485%,286048595.00,United States,2020,765118,Health Care,Biotechnology: Biological Products (No Diagnostic Substances)
ILLR,Triller Group Inc. Common Stock,$0.3392,-0.0069,-1.994%,6949320.00,United States,2019,212120,Finance,Investment Managers
ILLRW,Triller Group Inc. Warrant,$0.0391,0.00,0.00%,801057.00,United States,2019,49,Finance,Investment Managers
ILLU,Illumination Acquisition Corp I Class A Ordinary Shares,$9.98,-0.025,-0.25%,102442145.00,United States,2026,329,Finance,Blank Checks
ILMN,Illumina Inc. Common Stock,$271.90,1.90,0.704%,41056900000.00,United States,2000,2980166,Health Care,Medical Specialities
ILPT,Industrial Logistics Properties Trust Common Shares of Beneficial Interest,$7.27,-0.10,-1.357%,485242555.00,United States,2018,421352,Real Estate,Real Estate Investment Trusts
IMA,ImageneBio Inc. Common Stock,$4.64,-0.08,-1.695%,52670756.00,United States,2021,2196,Health Care,Biotechnology: Biological Products (No Diagnostic Substances)
IMDX,Insight Molecular Diagnostics Inc. Common Stock,$3.18,-0.74,-18.878%,104063223.00,United States,,590539,Health Care,Biotechnology: In Vitro & In Vivo Diagnostic Substances
IMKTA,Ingles Markets Incorporated Class A Common Stock,$85.09,1.32,1.576%,1616231454.00,United States,1987,82650,Consumer Staples,Food Chains
IMMR,Immersion Corporation Common Stock,$7.25,-0.03,-0.412%,240743797.00,United States,1999,365671,Technology,Computer peripheral equipment
IMMX,Immix Biopharma Inc. Common Stock,$11.47,0.50,4.558%,820555932.00,United States,2021,995953,Health Care,Biotechnology: Pharmaceutical Preparations
IMNM,Immunome Inc. Common Stock,$21.68,0.27,1.261%,2462362997.00,United States,2020,945237,Health Care,Biotechnology: Pharmaceutical Preparations
IMNN,Imunon Inc. Common Stock,$1.38,-0.03,-2.128%,7743736.00,United States,,108612,Health Care,Biotechnology: Pharmaceutical Preparations
IMRX,Immuneering Corporation Class A Common Stock,$4.16,-0.11,-2.576%,269141192.00,United States,2021,598738,Health Care,Biotechnology: Pharmaceutical Preparations
IMSR,Terrestrial Energy Inc. Common Stock  ,$4.12,-0.185,-4.297%,436453246.00,United States,2024,1243217,Industrials,Metal Fabrications
IMSRW,Terrestrial Energy Inc. Warrant,$1.48,-0.05,-3.268%,156784176.00,United States,2024,3707,Industrials,Metal Fabrications
IMUX,Immunic Inc. Common Stock,$9.51,0.165,1.766%,129758881.00,United States,2014,660529,Health Care,Biotechnology: Pharmaceutical Preparations
IMVT,Immunovant Inc. Common Stock,$33.49,0.19,0.571%,6917449320.00,United States,2019,1229341,Health Care,Biotechnology: Biological Products (No Diagnostic Substances)
IMXI,International Money Express Inc. Common Stock,$11.65,0.40,3.556%,351965455.00,United States,2017,739986,Consumer Discretionary,Business Services
INAB,IN8bio Inc. Common Stock,$1.24,0.04,3.333%,12224395.00,United States,2021,74353,Health Care,Biotechnology: Biological Products (No Diagnostic Substances)
INAC,Indigo Acquisition Corp. Ordinary Shares,$10.33,0.00,0.00%,0.00,United States,2025,10,,
INACR,Indigo Acquisition Corp. Right,$0.10,0.00,0.00%,0.00,United States,2025,12,,
INBK,First Internet Bancorp Common Stock,$26.16,-0.23,-0.872%,228470296.00,United States,,47390,Finance,Major Banks
INBKZ,First Internet Bancorp 6.0% Fixed-to-Floating Rate Subordinated Notes Due 2029,$25.15,0.00,0.00%,219134314.00,United States,,1073,Finance,Major Banks
INBS,Intelligent Bio Solutions Inc. Common Stock,$1.65,-0.05,-2.941%,5472725.00,United States,2020,24885,Health Care,Medical/Dental Instruments
INBX,Inhibrx Biosciences Inc. Common Stock,$101.71,2.10,2.108%,1496933199.00,United States,,188918,Health Care,Biotechnology: Biological Products (No Diagnostic Substances)
INCY,Incyte Corp. Common Stock,$124.82,0.93,0.751%,25300732656.00,United States,,1436584,Health Care,Biotechnology: Commercial Physical & Biological Resarch
INDB,Independent Bank Corp. Common Stock,$79.54,-1.02,-1.266%,3767738134.00,United States,,359463,Finance,Major Banks
INDI,indie Semiconductor Inc. Class A Common Stock,$2.90,-0.12,-3.974%,672245761.00,United States,,3710855,Technology,Semiconductors
INDP,Indaptus Therapeutics Inc. Common Stock,$3.29,-0.56,-14.545%,438367246.00,United States,,584313,Health Care,Biotechnology: Pharmaceutical Preparations
INFU,InfuSystems Holdings Inc. Common Stock,$12.87,0.16,1.259%,256334119.00,United States,,108494,Health Care,Medical/Dental Instruments
INGM,Ingram Micro Holding Corporation Common Stock,$26.46,-0.52,-1.927%,6103313980.00,United States,2024,1890715,Technology,Retail: Computer Software & Peripheral Equipment
INGN,Inogen Inc Common Stock,$5.44,0.08,1.493%,144368553.00,United States,2014,301890,Health Care,Industrial Specialties
INGR,Ingredion Incorporated Common Stock,$96.45,-0.27,-0.279%,6082520775.00,United States,,753360,Consumer Staples,Packaged Foods
INHD,Inno Holdings Inc. Common Stock,$2.99,-0.11,-3.548%,7536537.00,United States,2023,28703,Industrials,Steel/Iron Ore
INKT,MiNK Therapeutics Inc. Common Stock,$12.11,-0.07,-0.575%,61797354.00,United States,2021,13888,Health Care,Biotechnology: Biological Products (No Diagnostic Substances)
INMB,INmune Bio Inc. Common stock,$2.00,-0.03,-1.478%,55507578.00,United States,2019,191606,Health Care,Biotechnology: Biological Products (No Diagnostic Substances)
INN,Summit Hotel Properties Inc. Common Stock,$5.82,0.08,1.394%,627707155.00,United States,2011,960643,Real Estate,Real Estate Investment Trusts
INN^E,Summit Hotel Properties Inc. 6.250% Series E Cumulative Redeemable Preferred Stock,$16.9446,-0.1254,-0.735%,,United States,,6417,,
INN^F,Summit Hotel Properties Inc. 5.875% Series F Cumulative Redeemable Preferred Stock $0.01 par value per share,$16.39,0.02,0.122%,,United States,,12110,,
INNV,InnovAge Holding Corp. Common Stock,$8.89,-0.11,-1.222%,1213053168.00,United States,2021,725535,Health Care,Medical/Nursing Services
INO,Inovio Pharmaceuticals Inc. Common Stock,$1.17,-0.01,-0.847%,120975096.00,United States,,1896545,Health Care,Biotechnology: Pharmaceutical Preparations
INOD,Innodata Inc. Common Stock,$66.79,-2.42,-3.497%,2296417260.00,United States,1993,1286285,Technology,EDP Services
INR,Infinity Natural Resources Inc. Class A Common Stock,$12.53,-0.53,-4.058%,794680893.00,United States,2025,247310,Energy,Oil & Gas Production
INSE,Inspired Entertainment Inc. Common Stock,$3.99,-0.58,-12.691%,105169904.00,United States,2014,695758,Technology,Computer Software: Prepackaged Software
INSG,Inseego Corp. Common Stock,$3.605,-0.155,-4.122%,59196234.00,United States,,185458,Telecommunications,Telecommunications Equipment
INSM,Insmed Incorporated Common Stock,$117.67,-0.16,-0.136%,25696951458.00,United States,,1744371,Health Care,Biotechnology: Pharmaceutical Preparations
INSP,Inspire Medical Systems Inc. Common Stock,$70.00,-0.50,-0.709%,2023726250.00,United States,2018,442311,Health Care,Medical/Dental Instruments
INSW,International Seaways Inc. Common Stock ,$108.31,2.67,2.527%,5364736294.00,United States,2016,678961,Consumer Discretionary,Marine Transportation
INTA,Intapp Inc. Common Stock,$35.39,-0.71,-1.967%,2707729528.00,United States,2021,288852,Technology,Computer Software: Prepackaged Software
INTC,Intel Corporation Common Stock,$116.03,-6.97,-5.667%,613226615361.00,United States,,112437161,Technology,Semiconductors
INTG,Intergroup Corporation (The) Common Stock,$32.90,-0.43,-1.29%,70695915.00,United States,,75811,Real Estate,Building operators
INTS,Intensity Therapeutics Inc. Common stock,$3.65,-0.15,-3.947%,11916808.00,United States,2023,36190,Health Care,Biotechnology: Biological Products (No Diagnostic Substances)
INTT,inTest Corporation Common Stock,$11.71,0.14,1.21%,150189954.00,United States,1997,62929,Industrials,Electrical Products
INTU,Intuit Inc. Common Stock,$269.40,-6.39,-2.317%,71993378400.00,United States,1993,3819796,Technology,Computer Software: Prepackaged Software
INTZ,Intrusion Inc. Common Stock,$0.6741,-0.0366,-5.15%,16520137.00,United States,,81703,Telecommunications,Computer Communications Equipment
INUV,Inuvo Inc.,$0.568,-0.006,-1.045%,9362389.00,United States,,68695,Consumer Discretionary,Advertising
INV,Innventure Inc. Common Stock,$0.6902,-0.0366,-5.036%,58399656.00,United States,,3585784,Finance,Blank Checks
INVA,Innoviva Inc. Common Stock,$21.23,0.49,2.363%,1533771647.00,United States,2004,854654,Health Care,Biotechnology: Pharmaceutical Preparations
INVE,INVE Technologies Inc. Common Stock,$2.39,-0.06,-2.449%,57923450.00,United States,,116703,Technology,Computer peripheral equipment
INVH,Invitation Homes Inc. Common Stock,$26.54,-0.08,-0.301%,15675140418.00,United States,2017,5777724,Finance,Real Estate
INVX,Innovex International Inc. Common Stock,$28.86,0.36,1.263%,2018347967.00,United States,,415244,Consumer Discretionary,Oil and Gas Field Machinery
IOND,Ionic Digital Inc. Class A Common Stock,$81.82,-0.16,-0.195%,3681587039.00,United States,,369706,Finance,Finance: Consumer Services
IONQ,IonQ Inc. Common Stock,$44.58,-0.90,-1.979%,16985083158.00,United States,2021,35027514,Technology,EDP Services
IONS,Ionis Pharmaceuticals Inc. Common Stock,$45.57,1.07,2.404%,7573019554.00,United States,,3742304,Health Care,Biotechnology: Pharmaceutical Preparations
IOR,Income Opportunity Realty Investors Inc. Common Stock,$18.23,0.00,0.00%,74126425.00,United States,1987,26,Real Estate,Real Estate Investment Trusts
IOSP,Innospec Inc. Common Stock,$97.88,-0.84,-0.851%,2410886880.00,United States,,300028,Industrials,Major Chemicals
IOT,Samsara Inc. Class A Common Stock,$37.93,-0.03,-0.079%,22212005577.00,United States,2021,4501245,Technology,EDP Services
IOVA,Iovance Biotherapeutics Inc. Common Stock,$10.99,-0.01,-0.091%,4978156038.00,United States,,12233420,Health Care,Biotechnology: Biological Products (No Diagnostic Substances)
IP,International Paper Company Common Stock,$34.00,-1.02,-2.913%,18005376430.00,United States,,5571220,Basic Materials,Paper
IPAR,Interparfums Inc. Common Stock,$117.94,0.01,0.008%,3777120611.00,United States,,194345,Consumer Discretionary,Package Goods/Cosmetics
IPDN,Professional Diversity Network Inc. Common Stock,$3.89,-0.61,-13.556%,2590005.00,United States,2013,164425,Technology,Computer Software: Programming Data Processing
IPFX,Inflection Point Acquisition Corp. VI Class A Ordinary Shares,$10.055,0.005,0.05%,0.00,United States,2026,16601,Finance,Blank Checks
IPFXW,Inflection Point Acquisition Corp. VI Warrant,$0.7769,-0.0031,-0.397%,0.00,United States,2026,5156,Finance,Blank Checks
IPGP,IPG Photonics Corporation Common Stock,$77.23,-0.89,-1.139%,3284942447.00,United States,2006,323807,Technology,Semiconductors
IPHXU,Inflection Point Acquisition Corp. VIII Unit,$10.07,-0.0099,-0.098%,0.00,United States,2026,5285,,
IPI,Intrepid Potash Inc Common Stock,$32.34,-1.70,-4.994%,435188837.00,United States,2008,186264,Industrials,Mining & Quarrying of Nonmetallic Minerals (No Fuels)
IPM,Intelligent Protection Management Corp. Common Stock ,$1.81,0.0199,1.112%,16354669.00,United States,,5988,Technology,Computer Software: Programming Data Processing
IPSC,Century Therapeutics Inc. Common Stock,$1.67,0.00,0.00%,302395786.00,United States,2021,409151,Health Care,Biotechnology: Biological Products (No Diagnostic Substances)
IPST,IP Strategy Holdings Inc. Common Stock,$3.42,-0.29,-7.817%,2467797.00,United States,2024,288210,Consumer Staples,Beverages (Production/Distribution)
IPVV,InterPrivate Investment Partners V Inc. Class A Ordinary Shares,$9.86,0.00,0.00%,0.00,United States,2026,84,Finance,Blank Checks
IPW,iPower Inc. Common Stock,$1.26,0.01,0.80%,1468211.00,United States,2021,59219,Consumer Discretionary,RETAIL: Building Materials
IPWR,Ideal Power Inc. Common Stock,$3.95,-0.08,-1.985%,64916887.00,United States,2013,129114,Technology,Semiconductors
IPX,IperionX Limited American Depositary Share,$18.75,-0.86,-4.386%,636345131.00,United States,,196912,Basic Materials,Other Metals and Minerals
IPXG,Inflection Point Acquisition Corp. VII Class A Ordinary Shares,$10.045,0.00,0.00%,0.00,United States,2026,1748,Finance,Blank Checks
IPXGW,Inflection Point Acquisition Corp. VII Warrant,$0.672,0.0119,1.803%,0.00,United States,2026,17908,Finance,Blank Checks
IQI,Invesco Quality Municipal Income Trust Common Stock,$8.70,-0.25,-2.793%,460089034.00,United States,,357049,Finance,Finance Companies
IQST,iQSTEL Inc. Common Stock,$0.99,0.0019,0.192%,10806700.00,United States,,124966,Telecommunications,Telecommunications Equipment
IQV,IQVIA Holdings Inc. Common Stock,$270.97,0.60,0.222%,44601662000.00,United States,2013,1620940,Health Care,Biotechnology: Commercial Physical & Biological Resarch
IR,Ingersoll Rand Inc. Common Stock,$76.38,0.30,0.394%,29635396387.00,United States,2017,5600244,Industrials,Industrial Machinery/Components
IRD,Opus Genetics Inc. Common Stock,$5.05,0.29,6.092%,420138906.00,United States,,1162276,Health Care,Biotechnology: Pharmaceutical Preparations
IRDM,Iridium Communications Inc Common Stock,$48.33,-0.42,-0.862%,5121065310.00,United States,,1750776,Consumer Discretionary,Telecommunications Equipment
IRHO,Iron Horse Acquisitions II Corp. Common Stock,$10.07,0.01,0.099%,0.00,United States,2026,168,Finance,Blank Checks
IRHOR,Iron Horse Acquisitions Corp. II Rights,$0.1583,-0.0217,-12.056%,0.00,United States,2026,679,Finance,Blank Checks
IRIX,IRIDEX Corporation Common Stock,$0.6201,-0.0049,-0.784%,10892002.00,United States,1996,23173,Health Care,Biotechnology: Electromedical & Electrotherapeutic Apparatus
IRM,Iron Mountain Incorporated (Delaware)Common Stock REIT,$111.05,-0.33,-0.296%,33059897273.00,United States,,1321325,Real Estate,Real Estate Investment Trusts
IRMD,iRadimed Corporation Common Stock,$86.66,0.90,1.049%,1108120640.00,United States,2014,150710,Health Care,Medical/Dental Instruments
IRON,Disc Medicine Inc. Common Stock,$64.92,-0.32,-0.49%,2492463432.00,United States,,480569,Health Care,Biotechnology: Pharmaceutical Preparations
IRT,Independence Realty Trust Inc. Common Stock,$14.70,0.07,0.478%,3465445135.00,United States,2013,4052144,Real Estate,Real Estate Investment Trusts
IRTC,iRhythm Holdings Inc. Common Stock,$112.60,2.22,2.011%,3711634138.00,United States,2016,454873,Health Care,Medical/Dental Instruments
IRWD,Ironwood Pharmaceuticals Inc. Class A Common Stock,$4.12,-0.01,-0.242%,680788582.00,United States,2010,1962740,Health Care,Biotechnology: Pharmaceutical Preparations
ISBA,Isabella Bank Corporation Common stock,$37.88,-0.29,-0.76%,288981709.00,United States,,32259,Finance,Major Banks
ISD,PGIM High Yield Bond Fund Inc.,$11.61,-0.07,-0.599%,0.00,United States,2012,186472,Finance,Trusts Except Educational Religious and Charitable
ISNR,Snow Rothschild Acquisition Corp. Class A Ordinary Shares,$9.83,0.00,0.00%,0.00,United States,2026,9,Finance,Blank Checks
ISNRU,Snow Rothschild Acquisition Corp. Units,$9.92,-0.04,-0.402%,0.00,United States,2026,1002,Finance,Blank Checks
ISNRW,Snow Rothschild Acquisition Corp. Warrants,$0.26,0.00,0.00%,0.00,United States,2026,131,Finance,Blank Checks
ISPC,iSpecimen Inc. Common Stock,$1.21,-0.05,-3.968%,3047494.00,United States,2021,447163,Health Care,Biotechnology: Commercial Physical & Biological Resarch
ISPR,Ispire Technology Inc. Common Stock,$1.325,-0.025,-1.852%,76524674.00,United States,2023,8881,Health Care, Medicinal Chemicals and Botanical Products 
ISRG,Intuitive Surgical Inc. Common Stock,$414.79,9.61,2.372%,146536197382.00,United States,2000,2570798,Health Care,Industrial Specialties
ISTR,Investar Holding Corporation Common Stock,$29.33,-0.04,-0.136%,404080173.00,United States,2014,104360,Finance,Major Banks
IT,Gartner Inc. Common Stock,$185.73,-2.17,-1.155%,11728659312.00,United States,1993,903602,Consumer Discretionary,Other Consumer Services
ITG,ITG Inc. Class A Common Stock,$7.065,-3.415,-32.586%,877170752.00,United States,2026,1143854,Industrials,Water Sewer Pipeline Comm & Power Line Construction
ITGR,Integer Holdings Corporation Common Stock,$126.38,0.04,0.032%,4295915026.00,United States,,1681831,Health Care,Biotechnology: Electromedical & Electrotherapeutic Apparatus
ITHA,ITHAX Acquisition Corp III Class A Ordinary Shares,$10.06,0.00,0.00%,0.00,United States,2026,8,,
ITIC,Investors Title Company Common Stock,$289.47,3.41,1.192%,546518202.00,United States,,53042,Finance,Specialty Insurers
ITRI,Itron Inc. Common Stock,$88.49,-1.26,-1.404%,3874689773.00,United States,1993,486881,Industrials,Electrical Products
ITT,ITT Inc. Common Stock ,$207.18,0.92,0.446%,18521892000.00,United States,2011,871743,Industrials,Fluid Controls
ITW,Illinois Tool Works Inc. Common Stock,$273.83,-0.49,-0.179%,77986784000.00,United States,,813652,Industrials,Industrial Machinery/Components
IVDA,Iveda Solutions Inc. Common Stock,$0.2983,-0.0056,-1.843%,3734426.00,United States,,170964,Technology,Computer Software: Prepackaged Software
IVF,INVO Fertility Inc. Common Stock,$0.9336,-0.0111,-1.175%,2340506.00,United States,,92384,Health Care,Medical/Dental Instruments
IVR,INVESCO MORTGAGE CAPITAL INC Common Stock,$6.25,-0.16,-2.496%,672752606.00,United States,2009,4008965,Real Estate,Real Estate Investment Trusts
IVR^C,INVESCO MORTGAGE CAPITAL INC 7.5% Fixed-to-Floating Series C Cumulative Redeemable Preferred Stock Liquation Preference $25.00 per Share,$24.02,0.07,0.292%,,United States,,14059,,
IVT,InvenTrust Properties Corp. Common Stock,$30.72,0.19,0.622%,2395497400.00,United States,2021,534236,Real Estate,Real Estate Investment Trusts
IVVD,Invivyd Inc. Common Stock,$0.95,0.0158,1.691%,280020809.00,United States,2021,11005238,Health Care,Biotechnology: Biological Products (No Diagnostic Substances)
IVZ,Invesco Ltd Common Stock,$30.43,-0.49,-1.585%,13434838305.00,United States,,5481253,Finance,Investment Managers
IZEA,IZEA Worldwide Inc. Common Stock,$2.52,-0.07,-2.703%,43889041.00,United States,,52880,Consumer Discretionary,Advertising
J,Jacobs Solutions Inc. Common Stock,$138.37,0.00,0.00%,16194632604.00,United States,2022,975417,Industrials,Military/Government/Technical
JACK,Jack In The Box Inc. Common Stock,$13.70,0.245,1.821%,262756821.00,United States,,641391,Consumer Discretionary,Restaurants
JAGX,Jaguar Health Inc. Common Stock,$6.02,-1.68,-21.818%,7716671.00,United States,2015,1413439,Health Care,Biotechnology: Pharmaceutical Preparations
JAKK,JAKKS Pacific Inc. Common Stock,$25.25,-0.01,-0.04%,288986553.00,United States,1996,89044,Consumer Discretionary,Recreational Games/Products/Toys
JANX,Janux Therapeutics Inc. Common Stock,$16.58,0.28,1.718%,1013647696.00,United States,2021,473062,Health Care,Biotechnology: Pharmaceutical Preparations
JATT,JATT II Acquisition Corp Ordinary Shares,$11.25,0.10,0.897%,0.00,United States,2026,391589,Finance,Blank Checks
JBGS,JBG SMITH Properties Common Shares ,$10.17,-0.36,-3.419%,758869616.00,United States,2017,1002035,Real Estate,Real Estate Investment Trusts
JBHT,J.B. Hunt Transport Services Inc. Common Stock,$226.07,0.61,0.271%,21231350260.00,United States,,958823,Industrials,Trucking Freight/Courier Services
JBI,Janus International Group Inc. Common Stock,$4.31,0.10,2.375%,588038255.00,United States,2021,3155687,Industrials,Building Products
JBIO,Jade Biosciences Inc. Common Stock,$14.35,-0.07,-0.485%,912622503.00,United States,2021,598641,Health Care,Biotechnology: Pharmaceutical Preparations
JBK,Lehman ABS 3.50 3.50% Adjustable Corp Backed Tr Certs GS Cap I,$25.32,0.00,0.00%,0.00,United States,,440,Finance,Finance: Consumer Services
JBL,Jabil Inc. Common Stock,$318.93,2.19,0.691%,33419746295.00,United States,1993,1753405,Technology,Electrical Products
JBLU,JetBlue Airways Corporation Common Stock,$4.22,-0.18,-4.091%,1592257404.00,United States,2002,21740017,Consumer Discretionary,Air Freight/Delivery Services
JBSS,John B. Sanfilippo & Son Inc. Common Stock,$67.57,0.33,0.491%,790128511.00,United States,1991,116910,Consumer Staples,Specialty Foods
JBTM,JBT Marel Corporation Common Stock,$111.15,1.06,0.963%,5766108210.00,United States,,559759,Industrials,Industrial Machinery/Components
JCAP,Jefferson Capital Inc. Common Stock,$19.32,-0.14,-0.719%,1109461356.00,United States,2025,332652,Finance,Finance Companies
JCE,Nuveen Core Equity Alpha Fund Common Shares of Beneficial Interest,$16.79,-0.02,-0.119%,0.00,United States,2007,6830,Finance,Trusts Except Educational Religious and Charitable
JCTC,Jewett-Cameron Trading Company Common Shares,$2.95,0.04,1.375%,10384333.00,United States,,1029,Consumer Discretionary,RETAIL: Building Materials
JEF,Jefferies Financial Group Inc. Common Stock,$47.13,-0.55,-1.154%,9131092980.00,United States,,4158540,Finance,Investment Bankers/Brokers/Service
JELD,JELD-WEN Holding Inc. Common Stock,$1.77,-0.07,-3.804%,153571186.00,United States,2017,685607,Basic Materials,Forest Products
JFR,Nuveen Floating Rate Income Fund Common Stock,$7.26,-0.07,-0.955%,0.00,United States,2004,925868,Finance,Trusts Except Educational Religious and Charitable
JGH,Nuveen Global High Income Fund Common Shares of Beneficial Interest,$11.53,-0.13,-1.115%,0.00,United States,2014,103320,Finance,Investment Managers
JHI,John Hancock Investors Trust Common Stock,$12.12,-0.13,-1.061%,105983910.00,United States,,17600,Finance,Trusts Except Educational Religious and Charitable
JHS,John Hancock Income Securities Trust Common Stock,$10.42,0.01,0.096%,121357416.00,United States,,18866,Finance,Finance Companies
JILL,J. Jill Inc. Common Stock,$24.22,-0.41,-1.665%,359981303.00,United States,2017,211718,Consumer Discretionary,Apparel
JJSF,J & J Snack Foods Corp. Common Stock,$77.75,0.24,0.31%,1452495022.00,United States,1986,202831,Consumer Staples,Specialty Foods
JKHY,Jack Henry & Associates Inc. Common Stock,$147.82,0.03,0.02%,10364045715.00,United States,1985,912462,Technology,EDP Services
JLL,Jones Lang LaSalle Incorporated Common Stock,$314.10,-7.81,-2.426%,14394173380.00,United States,,443799,Finance,Real Estate
JLS,Nuveen Mortgage and Income Fund,$16.13,-0.02,-0.124%,0.00,United States,2009,43301,Finance,Investment Managers
JMM,Nuveen Multi-Market Income Fund (MA),$5.48,-0.075,-1.35%,0.00,United States,,19367,Finance,Trusts Except Educational Religious and Charitable
JMSB,John Marshall Bancorp Inc. Common Stock,$23.10,0.01,0.043%,325990295.00,United States,,56779,Finance,Major Banks
JNJ,Johnson & Johnson Common Stock,$271.95,0.73,0.269%,655371923454.00,United States,,7188879,Health Care,Biotechnology: Pharmaceutical Preparations
JOB,GEE Group Inc. Common Stock,$0.229,-0.0062,-2.636%,25160387.00,United States,1968,83271,Consumer Discretionary,Diversified Commercial Services
JOBY,Joby Aviation Inc. Common Stock,$6.11,-0.21,-3.323%,6072572859.00,United States,2020,22605913,Industrials,Aerospace
JOE,St. Joe Company (The) Common Stock,$65.99,0.69,1.057%,3756840461.00,United States,,191423,Real Estate,Homebuilding
JOF,Japan Smaller Capitalization Fund Inc Common Stock,$12.65,-0.01,-0.079%,0.00,United States,1990,33112,Finance,Trusts Except Educational Religious and Charitable
JONE,Jones Ventures INTL Acquisition1 Corp Class A Ordinary Shares,$9.82,-0.01,-0.102%,0.00,United States,2026,1130,Finance,Blank Checks
JONER,Jones Ventures INTL Acquisition1 Corp Rights,$0.15,0.00,0.00%,0.00,United States,2026,1535,Finance,Blank Checks
JONEU,Jones Ventures INTL Acquisition1 Corp Units,$9.99,-0.01,-0.10%,0.00,United States,2026,128,,
JOUT,Johnson Outdoors Inc. Class A Common Stock,$44.24,-0.19,-0.428%,463620601.00,United States,,48324,Consumer Discretionary,Recreational Games/Products/Toys
JPC,Nuveen Preferred & Income Opportunities Fund,$6.76,-0.06,-0.88%,0.00,United States,2003,2201613,Finance,Investment Managers
JPM,JP Morgan Chase & Co. Common Stock,$336.59,-6.47,-1.886%,894718891375.00,United States,,10483765,Finance,Major Banks
JPM^C,J P Morgan Chase & Co Depositary Shares each representing a 1/400th interest in a share of 6.00% Non-Cumulative  Preferred Stock Series EE,$22.88,-0.17,-0.738%,,United States,,534680,,
JPM^D,J P Morgan Chase & Co Depositary Shares each representing a 1/400th  interest in a share of 5.75% Non-Cumulative  Preferred Stock Series DD,$21.68,-0.20,-0.914%,,United States,,244778,,
JPM^J,J P Morgan Chase & Co Depositary Shares each representing a 1/400th interest in a share of JPMorgan Chase & Co. 4.75% Non-Cumulative Preferred Stock Series GG,$17.60,-0.12,-0.677%,,United States,,224790,,
JPM^K,J P Morgan Chase & Co Depositary Shares each representing a 1/400th interest in a share of 4.55% Non-Cumulative Preferred Stock Series JJ,$16.91,-0.08,-0.471%,,United States,,251991,,
JPM^L,J P Morgan Chase & Co Depositary Shares each representing a 1/400th interest in a share of 4.625% Non-Cumulative Preferred Stock Series LL,$17.20,-0.12,-0.693%,,United States,,234199,,
JPM^M,J P Morgan Chase & Co Depositary Shares each representing a 1/400th interest in a share of 4.20% Non-Cumulative Preferred Stock Series MM,$15.97,-0.05,-0.312%,,United States,,404303,,
JQC,Nuveen Credit Strategies Income Fund Shares of Beneficial Interest,$4.69,-0.02,-0.425%,0.00,United States,2003,1058565,Finance,Finance Companies
JRI,Nuveen Real Asset Income and Growth Fund Common Shares of Beneficial Interest,$10.77,-0.25,-2.269%,0.00,United States,2012,327388,Finance,Finance Companies
JRS,Nuveen Real Estate Income Fund Common Shares of Beneficial Interest,$7.29,-0.13,-1.752%,0.00,United States,2001,102576,Finance,Finance/Investors Services
JRSH,Jerash Holdings (US) Inc. Common Stock,$5.90,0.22,3.873%,74929646.00,United States,2018,139065,Consumer Discretionary,Apparel
JSM,Navient Corporation 6% Senior Notes due December 15 2043,$17.09,-0.21,-1.214%,1699276439.00,United States,,22798,Finance,Investment Bankers/Brokers/Service
JSPR,Jasper Therapeutics Inc. Common Stock,$0.626,0.0169,2.775%,20829875.00,United States,2020,251130,Health Care,Biotechnology: Biological Products (No Diagnostic Substances)
JTAI,Jet.AI Inc. Common Stock,$1.60,0.04,2.564%,5692034.00,United States,2021,94437,Consumer Discretionary,Transportation Services
JTTT,JATT III Acquisition Corp Ordinary Shares,$10.88,-0.06,-0.548%,0.00,United States,2026,728,Finance,Blank Checks
JUNS,Jupiter Neurosciences Inc. Common Stock,$2.51,-0.16,-5.993%,3309488.00,United States,2024,53056,Health Care,Biotechnology: Pharmaceutical Preparations
JVA,Coffee Holding Co. Inc. Common Stock,$3.92,-0.14,-3.448%,22377708.00,United States,2005,81150,Consumer Staples,Packaged Foods
JXN,Jackson Financial Inc. Class A Common Stock ,$131.81,-1.31,-0.984%,8927325747.00,United States,2021,946678,Finance,Life Insurance
JXN^A,Jackson Financial Inc. Depositary Shares each representing a 1/1000th interest in a share of Fixed-Rate Reset Noncumulative Perpetual Preferred Stock Series A,$25.45,-0.02,-0.079%,,United States,,21245,,
JYNT,The Joint Corp. Common Stock,$8.10,-0.13,-1.58%,114559547.00,United States,2014,56409,Miscellaneous,Multi-Sector Companies
KAI,Kadant Inc Common Stock,$269.84,-4.05,-1.479%,3186572131.00,United States,1992,264702,Industrials,Industrial Machinery/Components
KALA,KALA BIO Inc. Common Stock,$0.4502,-0.0254,-5.341%,8706772.00,United States,2017,576748,Health Care,Biotechnology: Pharmaceutical Preparations
KALU,Kaiser Aluminum Corporation Common Stock,$151.57,-0.98,-0.642%,2478031874.00,United States,,185379,Industrials,Metal Fabrications
KARD,Kardigan Inc. Common Stock,$14.78,-0.01,-0.068%,1381984671.00,United States,2026,364868,Health Care,Biotechnology: Pharmaceutical Preparations
KBDC,Kayne Anderson BDC Inc. Common Stock,$13.03,-0.01,-0.077%,860472664.00,United States,2024,553032,,
KBH,KB Home Common Stock,$47.88,-0.13,-0.271%,2935509777.00,United States,1986,1474147,Consumer Discretionary,Homebuilding
KBON,Karbon Capital Partners Corp. Class A Ordinary Shares,$10.07,0.00,0.00%,0.00,United States,2026,1539,Finance,Blank Checks
KBONU,Karbon Capital Partners Corp. Units,$10.30,0.00,0.00%,0.00,United States,2025,1,Finance,Blank Checks
KBONW,Karbon Capital Partners Corp. Warrant,$0.62,0.00,0.00%,0.00,United States,2026,8875,Finance,Blank Checks
KBR,KBR Inc. Common Stock,$34.84,0.30,0.869%,4392200584.00,United States,2006,1968287,Industrials,Military/Government/Technical
KCHV,Kochav Defense Acquisition Corp. Class A Ordinary Shares,$10.45,0.00,0.00%,0.00,United States,2025,15,,
KCHVR,Kochav Defense Acquisition Corp. Right,$0.10,-0.0199,-16.597%,0.00,United States,2025,660,Finance,Blank Checks
KCHVU,Kochav Defense Acquisition Corp. Units,$10.52,0.00,0.00%,0.00,United States,2025,5,,
KD,Kyndryl Holdings Inc. Common Stock,$11.23,-0.37,-3.19%,2446099093.00,United States,2021,3964467,Technology,EDP Services
KDK,Kodiak AI Inc. Common Stock ,$2.27,-0.16,-6.584%,455403246.00,United States,,5885043,Technology,EDP Services
KDKRW,Kodiak AI Inc. Warrants,$0.3312,0.0011,0.333%,66444738.00,United States,,50006,Technology,EDP Services
KDP,Keurig Dr Pepper Inc. Common Stock,$31.46,-0.26,-0.82%,42811587155.00,United States,,9923511,Consumer Staples,Beverages (Production/Distribution)
KE,Kimball Electronics Inc. Common Stock,$27.53,0.26,0.953%,660499622.00,United States,,191678,Technology,Electrical Products
KELYA,Kelly Services Inc. Class A Common Stock,$16.54,0.06,0.364%,574466337.00,United States,,230478,Consumer Discretionary,Professional Services
KELYB,Kelly Services Inc. Class B Common Stock,$22.59,0.40,1.803%,784594592.00,United States,,13256,Consumer Discretionary,Professional Services
KEQU,Kewaunee Scientific Corporation Common Stock,$34.02,0.00,0.00%,98499705.00,United States,,1267,Industrials,Medical Specialities
KEX,Kirby Corporation Common Stock,$131.59,2.71,2.103%,6947952000.00,United States,,506192,Consumer Discretionary,Marine Transportation
KEY,KeyCorp Common Stock,$20.40,-0.21,-1.019%,21769422502.00,United States,,18480471,Finance,Major Banks
KEY^I,KeyCorp Depositary Shares Each Representing a 1/40th Ownership Interest in a Share of Fixed-to-Floating Rate Perpetual Non-Cumulative Preferred Stock Series E,$24.98,-0.03,-0.12%,,United States,,57281,,
KEY^J,KeyCorp Depositary Shares each representing a 1/40th ownership interest in a share of Fixed Rate Perpetual Non-Cumulative Preferred Stock Series F,$19.59,-0.20,-1.011%,,United States,,43325,,
KEY^K,KeyCorp Depositary Shares each representing a 1/40th ownership interest in a share of Fixed Rate Perpetual Non-Cumulative Preferred Stock Series G,$19.565,-0.195,-0.987%,,United States,,28565,,
KEY^L,KeyCorp Depositary Shares each representing a 1/40th ownership interest in a share of Fixed Rate Perpetual Non-Cumulative Preferred Stock Series H,$24.75,0.01,0.04%,,United States,,46972,,
KEYS,Keysight Technologies Inc. Common Stock,$359.74,-2.41,-0.665%,61243844566.00,United States,2014,862562,Industrials,Industrial Machinery/Components
KEYY,Keystone Acquisition Corp. Class A Ordinary Shares,$9.915,0.005,0.05%,0.00,United States,2026,1893,Finance,Blank Checks
KEYYW,Keystone Acquisition Corp. Warrants,$0.37,-0.03,-7.50%,0.00,United States,2026,1100,Finance,Blank Checks
KF,Korea Fund Inc. (The) New Common Stock,$65.82,-1.29,-1.922%,0.00,United States,,28747,Finance,Investment Managers
KFFB,Kentucky First Federal Bancorp Common Stock,$5.6367,0.0567,1.016%,45582386.00,United States,2005,5288,Finance,Savings Institutions
KFII,K&F Growth Acquisition Corp. II Class A Ordinary shares,$10.67,0.00,0.00%,0.00,United States,2025,9,Finance,Blank Checks
KFIIR,K&F Growth Acquisition Corp. II Rights,$0.10,0.00,0.00%,0.00,United States,2025,186,,
KFRC,Kforce Inc. Common Stock,$51.28,-0.28,-0.543%,918373520.00,United States,1995,150871,Consumer Discretionary,Professional Services
KFY,Korn Ferry Common Stock,$71.31,-0.42,-0.586%,3890591665.00,United States,1999,563955,Consumer Discretionary,Diversified Commercial Services
KGEI,Kolibri Global Energy Inc. Common stock,$6.43,0.08,1.26%,231168113.00,United States,,240695,Energy,Oil & Gas Production
KGS,Kodiak Gas Services Inc. Common Stock,$52.72,-0.19,-0.359%,5330204514.00,United States,2023,2096307,Utilities,Natural Gas Distribution
KHC,The Kraft Heinz Company Common Stock,$23.56,-0.07,-0.296%,27938007738.00,United States,,9708414,Consumer Staples,Packaged Foods
KIDS,OrthoPediatrics Corp. Common Stock,$22.58,0.03,0.133%,589559013.00,United States,2017,157950,Health Care,Medical/Dental Instruments
KIDZ,KIDZ AI Inc. Class B Common Stock,$2.57,0.07,2.80%,2211940.00,United States,,73221,Real Estate,Other Consumer Services
KIDZW,KIDZ AI Inc. Warrants,$0.0091,0.0001,1.111%,7832.00,United States,,10062,Real Estate,Other Consumer Services
KIM,Kimco Realty Corporation (HC) Common Stock,$22.49,0.05,0.223%,15086052999.00,United States,,5311279,Real Estate,Real Estate Investment Trusts
KIM^L,Kimco Realty Corporation Class L Depositary Shares each of which represents a one-one thousandth fractional interest in a share of 5.125% Class L Cumulative Redeemable Preferred Stock liquidation preference $25000.00 per share,$19.73,-0.13,-0.655%,,United States,,24241,,
KIM^M,Kimco Realty Corporation Class M Depositary Shares each of which represents a one-one thousandth fractional interest in a share of 5.25% Class M Cumulative Redeemable Preferred Stock liquidation preference $25000.00 per share,$19.90,-0.19,-0.946%,,United States,,8611,,
KIM^N,Kimco Realty Corporation Depositary Shares each representing 1/1000th interest in a share of 7.25% Class N Cumulative Convertible Perpetual Preferred Stock,$61.08,-0.005,-0.008%,,United States,,110,,
KINS,Kingstone Companies Inc. Common Stock,$17.98,-0.27,-1.479%,260280871.00,United States,,86522,Finance,Property-Casualty Insurers
KIO,KKR Income Opportunities Fund Common Shares,$10.22,-0.22,-2.107%,0.00,United States,2013,316644,Finance,Investment Managers
KITT,Nauticus Robotics Inc. Common stock,$1.81,-0.51,-21.983%,2254042.00,United States,2021,924345,Industrials,Industrial Machinery/Components
KITTW,Nauticus Robotics Inc. Warrant,$0.0125,0.0015,13.636%,15567.00,United States,2021,11506,Industrials,Industrial Machinery/Components
KKR,KKR & Co. Inc. Common Stock,$93.24,-3.43,-3.548%,83695543437.00,United States,,6005333,Finance,Investment Managers
KKR^D,KKR & Co. Inc. 6.25% Series D Mandatory Convertible Preferred Stock,$41.54,-1.32,-3.08%,,United States,,56864,,
KKRS,KKR Group Finance Co. IX LLC 4.625% Subordinated Notes due 2061,$15.33,-0.18,-1.161%,13760753763.00,United States,2021,21807,Finance,Investment Managers
KKRT,KKR & Co. Inc. 6.875% Subordinated Notes due 2065,$22.79,-0.33,-1.427%,0.00,United States,2025,78467,Finance,Investment Managers
KLAC,KLA Corporation Common Stock,$189.17,1.25,0.665%,246868078092.00,United States,1980,8707239,Technology,Electronic Components
KLC,KinderCare Learning Companies Inc. Common Stock,$2.01,-0.11,-5.189%,238219236.00,United States,2024,586177,Consumer Discretionary,Other Consumer Services
KLRA,Kailera Therapeutics Inc. Common Stock,$11.12,-0.095,-0.847%,1441637677.00,United States,2026,1433511,Health Care,Biotechnology: Pharmaceutical Preparations
KLRS,Kalaris Therapeutics Inc. Common Stock,$2.845,-0.075,-2.568%,67725171.00,United States,2020,92783,Health Care,Biotechnology: Biological Products (No Diagnostic Substances)
KLTR,Kaltura Inc. Common Stock,$1.30,-0.015,-1.141%,198316590.00,United States,2021,152711,Technology,Computer Software: Prepackaged Software
KLXE,KLX Energy Services Holdings Inc. Common Stock,$1.52,-0.09,-5.59%,32335050.00,United States,,888474,Energy,Oilfield Services/Equipment
KMB,Kimberly-Clark Corporation Common Stock,$98.77,0.34,0.345%,32848831583.00,United States,,3335494,Consumer Discretionary,Containers/Packaging
KMI,Kinder Morgan Inc. Common Stock,$30.63,-0.12,-0.39%,68206947986.00,United States,2011,10418895,Utilities,Natural Gas Distribution
KMPB,Kemper Corporation 5.875% Fixed-Rate Reset Junior Subordinated Debentures due 2062,$24.73,-0.05,-0.202%,1457169598.00,United States,2022,12835,Finance,Property-Casualty Insurers
KMPR,Kemper Corporation,$25.33,0.01,0.039%,1492523491.00,United States,,726649,Finance,Property-Casualty Insurers
KMT,Kennametal Inc. Common Stock,$31.80,0.77,2.481%,2429202986.00,United States,,1496627,Industrials,Industrial Machinery/Components
KMTS,Kestra Medical Technologies Ltd. Common Stock,$28.13,0.99,3.648%,1675473293.00,United States,2025,292957,Health Care,Medical/Dental Instruments
KMX,CarMax Inc,$56.55,-0.66,-1.154%,8025072479.00,United States,,6373820,Consumer Discretionary,Retail-Auto Dealers and Gas Stations
KN,Knowles Corporation Common Stock,$37.24,-0.29,-0.773%,3180680540.00,United States,2014,543017,Consumer Staples,Consumer Electronics/Appliances
KNF,Knife Riv Holding Co. Common Stock,$53.37,-1.21,-2.217%,3029463725.00,United States,2023,1313335,Industrials,Mining & Quarrying of Nonmetallic Minerals (No Fuels)
KNSA,Kiniksa Pharmaceuticals International plc Class A Ordinary Shares,$76.10,1.02,1.359%,5937627389.00,United States,2018,734190,Health Care,Biotechnology: Pharmaceutical Preparations
KNSL,Kinsale Capital Group Inc. Common Stock,$324.92,-5.57,-1.685%,7401165851.00,United States,,267985,Finance,Property-Casualty Insurers
KNTK,Kinetik Holdings Inc. Class A Common Stock,$51.21,0.00,0.00%,8315435196.00,United States,2022,1063126,Utilities,Natural Gas Distribution
KNX,Knight-Swift Transportation Holdings Inc.,$63.55,-0.12,-0.188%,10343143800.00,United States,2017,3517123,Industrials,Trucking Freight/Courier Services
KO,Coca-Cola Company (The) Common Stock,$87.18,-0.63,-0.717%,375096243005.00,United States,,14497606,Consumer Staples,Beverages (Production/Distribution)
KOD,Kodiak Sciences Inc Common Stock,$89.92,57.57,177.96%,5651423173.00,United States,2018,38552007,Health Care,Biotechnology: Biological Products (No Diagnostic Substances)
KODK,Eastman Kodak Company Common New,$9.59,0.08,0.841%,938861000.00,United States,,718728,Consumer Discretionary,Industrial Machinery/Components
KOP,Koppers Holdings Inc. Common Stock,$46.17,-0.10,-0.216%,873147095.00,United States,2006,102974,Basic Materials,Forest Products
KOPN,Kopin Corporation Common Stock,$4.75,-0.24,-4.81%,882894917.00,United States,1992,2713837,Technology,Semiconductors
KOSS,Koss Corporation Common Stock,$4.08,0.08,2.00%,38623067.00,United States,,100376,Consumer Staples,Consumer Electronics/Appliances
KOYN,CSLM Digital Asset Acquisition Corp III Class A Ordinary Shares,$10.245,0.015,0.147%,0.00,United States,2025,73613,,
KOYNU,CSLM Digital Asset Acquisition Corp III Units,$10.33,0.04,0.389%,0.00,United States,2025,1404,,
KOYNW,CSLM Digital Asset Acquisition Corp III Warrants,$0.18,0.00,0.00%,0.00,United States,2025,1019,,
KPLT,Katapult Holdings Inc. Common Stock,$4.62,-0.42,-8.333%,392002634.00,United States,2019,385057,Consumer Discretionary,Diversified Commercial Services
KPRX,Kiora Pharmaceuticals Inc.  Common Stock,$2.67,0.04,1.521%,11813113.00,United States,,6678,Health Care,Biotechnology: Pharmaceutical Preparations
KPTI,Karyopharm Therapeutics Inc. Common Stock,$1.62,0.00,0.00%,36743965.00,United States,2013,331086,Health Care,Biotechnology: Pharmaceutical Preparations
KR,Kroger Company (The) Common Stock,$59.69,0.95,1.617%,35252239503.00,United States,,12358313,Consumer Staples,Food Chains
KRAQ,KRAKacquisition Corp Class A Ordinary Shares,$10.01,-0.0094,-0.094%,0.00,United States,2026,8678,,
KRAQW,KRAKacquisition Corp Warrants,$0.41,-0.0001,-0.024%,0.00,United States,2026,982,,
KRC,Kilroy Realty Corporation Common Stock,$33.92,-0.31,-0.906%,3945200873.00,United States,1997,1489095,Real Estate,Real Estate Investment Trusts
KREF,KKR Real Estate Finance Trust Inc. Common Stock,$6.26,-0.09,-1.417%,366697954.00,United States,2017,827872,Real Estate,Real Estate Investment Trusts
KREF^A,KKR Real Estate Finance Trust Inc. 6.50% Series A Cumulative Redeemable Preferred Stock,$18.39,0.21,1.155%,,United States,,47958,,
KRG,Kite Realty Group Trust Common Stock,$24.80,0.02,0.081%,4968603938.00,United States,2004,1339597,Real Estate,Real Estate Investment Trusts
KRMD,KORU Medical Systems Inc. Common Stock (DE),$3.06,-0.15,-4.673%,141286020.00,United States,,226937,Health Care,Medical/Dental Instruments
KRMN,Karman Holdings Inc. Common Stock,$33.68,-2.01,-5.632%,4463735285.00,United States,2025,3687205,Industrials,Military/Government/Technical
KRNY,Kearny Financial Corp Common Stock,$9.17,-0.19,-2.03%,595402433.00,United States,2005,438120,Finance,Savings Institutions
KRO,Kronos Worldwide Inc Common Stock,$8.13,-0.12,-1.455%,935742805.00,United States,,322197,Basic Materials,Major Chemicals
KROS,Keros Therapeutics Inc. Common Stock,$11.28,-0.34,-2.926%,223650681.00,United States,2020,208651,Health Care,Biotechnology: Pharmaceutical Preparations
KRP,Kimbell Royalty Partners Common Units Representing Limited Partner Interests,$14.46,-0.11,-0.755%,1658613911.00,United States,2017,659057,Energy,Oil & Gas Production
KRRO,Korro Bio Inc. Common Stock,$9.51,-0.06,-0.627%,140040893.00,United States,2019,132453,Health Care,Biotechnology: Pharmaceutical Preparations
KRSA,Korsana Biosciences Inc. Common Stock,$30.83,-0.17,-0.548%,1404042133.00,United States,,51598,Health Care,Biotechnology: Pharmaceutical Preparations
KRT,Karat Packaging Inc. Common Stock,$53.24,0.15,0.283%,1061164826.00,United States,2021,134557,Industrials,Plastic Products
KRUS,Kura Sushi USA Inc. Class A Common Stock,$38.82,-0.09,-0.231%,471656634.00,United States,2019,218009,Consumer Discretionary,Restaurants
KRYS,Krystal Biotech Inc. Common Stock,$337.08,-8.74,-2.527%,9977175639.00,United States,2017,299066,Health Care,Biotechnology: Biological Products (No Diagnostic Substances)
KSCP,Knightscope Inc. Class A Common Stock,$0.8189,-0.0909,-9.991%,19341073.00,United States,2022,788515,Telecommunications,Telecommunications Equipment
KSS,Kohl's Corporation Common Stock,$18.18,0.28,1.564%,2061183770.00,United States,1992,4533535,Consumer Discretionary,Department/Specialty Retail Stores
KTB,Kontoor Brands Inc. Common Stock ,$64.93,-0.44,-0.673%,3548659547.00,United States,2019,434900,Industrials,Garments and Clothing
KTCC,Key Tronic Corporation Common Stock,$2.10,-0.07,-3.226%,23238363.00,United States,1983,14742,Technology,Electrical Products
KTF,DWS Municipal Income Trust,$8.06,-0.17,-2.066%,318377560.00,United States,1988,220043,Finance,Finance Companies
KTH,Structures Products Cp 8% CorTS Issued by Peco Energy Cap Tr II Preferred Stock,$28.40,-0.1001,-0.351%,0.00,United States,,551,Finance,Finance: Consumer Services
KTN,Structured Products Corp 8.205% CorTS 8.205% Corporate Backed Trust Securities (CorTS),$25.62,0.02,0.078%,0.00,United States,,738,Finance,Finance: Consumer Services
KTOS,Kratos Defense & Security Solutions Inc. Common Stock,$44.07,-1.55,-3.398%,8272878881.00,United States,,4558267,Industrials,Military/Government/Technical
KTTA,Pasithea Therapeutics Corp. Common Stock,$0.48,-0.0192,-3.846%,16038935.00,United States,2021,151165,Health Care,Biotechnology: Pharmaceutical Preparations
KULR,KULR Technology Group Inc. Common Stock,$2.45,0.01,0.41%,113386789.00,United States,,493197,Technology,Electrical Products
KURA,Kura Oncology Inc. Common Stock,$10.61,-0.15,-1.394%,943872168.00,United States,,1646336,Health Care,Biotechnology: Pharmaceutical Preparations
KUST,Kustom Entertainment Inc. Common Stock,$0.6267,-0.0023,-0.366%,4077849.00,United States,,105276,Technology,Radio And Television Broadcasting And Communications Equipment
KVHI,KVH Industries Inc. Common Stock,$7.33,-0.06,-0.812%,132973251.00,United States,1996,65897,Consumer Discretionary,Telecommunications Equipment
KVUE,Kenvue Inc. Common Stock,$17.88,0.08,0.449%,34343429590.00,United States,2023,16029698,Consumer Discretionary,Package Goods/Cosmetics
KVYO,Klaviyo Inc. Series A Common Stock,$15.40,-0.40,-2.532%,4384802530.00,United States,2023,8985196,Technology,Computer Software: Prepackaged Software
KWR,Quaker Houghton Common Stock,$160.38,-3.07,-1.878%,2759771247.00,United States,,104296,Industrials,Major Chemicals
KYMR,Kymera Therapeutics Inc. Common Stock,$112.00,0.05,0.045%,9312869216.00,United States,2020,723691,Health Care,Biotechnology: Biological Products (No Diagnostic Substances)
KYN,Kayne Anderson Energy Infrastructure Fund Inc.,$13.78,-0.05,-0.362%,1875892483.00,United States,2004,343041,Finance,Finance/Investors Services
KYNB,Kyntra Bio Inc. Common Stock,$6.90,-0.04,-0.576%,27938956.00,United States,2014,12232,Health Care,Biotechnology: Pharmaceutical Preparations
KYTX,Kyverna Therapeutics Inc. Common Stock,$6.82,0.01,0.147%,421772288.00,United States,2024,997839,Health Care,Biotechnology: Biological Products (No Diagnostic Substances)
L,Loews Corporation Common Stock,$104.95,0.13,0.124%,21454689214.00,United States,,859711,Finance,Property-Casualty Insurers
LAB,Standard BioTools Inc. Common Stock,$0.7273,-0.0126,-1.703%,285522567.00,United States,2011,478996,Industrials,Biotechnology: Laboratory Analytical Instruments
LABT,Lakewood-Amedex Biotherapeutics Inc. Common Stock,$1.15,-0.52,-31.138%,2725141.00,United States,,35362860,Health Care,Biotechnology: Pharmaceutical Preparations
LAD,Lithia Motors Inc. Common Stock,$303.07,-13.35,-4.219%,6662422966.00,United States,,199568,Consumer Discretionary,Retail-Auto Dealers and Gas Stations
LADR,Ladder Capital Corp Class A Common Stock,$8.99,-0.09,-0.991%,1140519074.00,United States,2014,1610310,Real Estate,Real Estate Investment Trusts
LAKE,Lakeland Industries Inc. Common Stock,$10.27,-0.225,-2.144%,101994923.00,United States,1986,75086,Health Care,Industrial Specialties
LAMR,Lamar Advertising Company Class A Common Stock,$145.03,1.05,0.729%,14727750671.00,United States,1996,581530,Real Estate,Real Estate Investment Trusts
LAND,Gladstone Land Corporation Common Stock,$9.37,-0.11,-1.16%,404189689.00,United States,1993,580563,Real Estate,Real Estate Investment Trusts
LANDO,Gladstone Land Corporation 6.00% Series B Cumulative Redeemable Preferred Stock,$19.83,0.03,0.152%,855398243.00,United States,,27495,Real Estate,Real Estate Investment Trusts
LANDP,Gladstone Land Corporation 6.00% Series C Cumulative Redeemable Preferred Stock,$19.7675,-0.1225,-0.616%,852702207.00,United States,,18240,Real Estate,Real Estate Investment Trusts
LARK,Landmark Bancorp Inc. Common Stock,$31.95,-0.02,-0.063%,194912061.00,United States,,8453,Finance,Major Banks
LASE,Laser Photonics Corporation Common Stock,$0.8677,0.0052,0.603%,52650054.00,United States,2022,809787,Miscellaneous,Industrial Machinery/Components
LASR,nLIGHT Inc. Common Stock,$39.55,-0.78,-1.934%,2281647291.00,United States,2018,562445,Technology,Semiconductors
LATA,Galata Acquisition Corp. II Class A Ordinary Shares,$10.19,0.00,0.00%,0.00,United States,2025,4821,Finance,Blank Checks
LATAU,Galata Acquisition Corp. II Units,$10.30,0.00,0.00%,0.00,United States,2025,6,,
LATAW,Galata Acquisition Corp. II Warrant,$0.215,0.00,0.00%,0.00,United States,2025,6,Finance,Blank Checks
LAUR,Laureate Education Inc. Common Stock,$37.62,0.22,0.588%,5182130923.00,United States,2017,999607,Real Estate,Other Consumer Services
LAW,CS Disco Inc. Common Stock,$4.16,-0.19,-4.368%,270066222.00,United States,2021,199441,Technology,Computer Software: Prepackaged Software
LBRT,Liberty Energy Inc. Class A common stock,$18.95,0.01,0.053%,3092477333.00,United States,2018,4189140,Energy,Oilfield Services/Equipment
LBRX,LB Pharmaceuticals Inc Common Stock,$37.89,0.56,1.50%,1222300141.00,United States,2025,534598,Health Care,Biotechnology: Pharmaceutical Preparations
LCCC,Lakeshore Acquisition III Corp. Ordinary Shares,$10.52,0.00,0.00%,0.00,United States,2025,37,Finance,Blank Checks
LCID,Lucid Group Inc. Common Stock,$3.90,-0.17,-4.177%,1536873686.00,United States,,10228138,Industrials,Auto Manufacturing
LCII,LCI Industries,$85.52,1.01,1.195%,2079120079.00,United States,1995,332272,Consumer Discretionary,Auto Parts:O.E.M.
LCNB,LCNB Corporation Common Stock,$18.82,-0.01,-0.053%,268278874.00,United States,,25030,Finance,Major Banks
LCTX,Lineage Cell Therapeutics Inc. Common Stock,$0.971,-0.059,-5.728%,245573148.00,United States,,1574188,Health Care,Biotechnology: Biological Products (No Diagnostic Substances)
LCUT,Lifetime Brands Inc. Common Stock,$9.22,-0.14,-1.496%,211957068.00,United States,1991,170902,Consumer Discretionary,Industrial Machinery/Components
LDI,loanDepot Inc. Class A Common Stock,$0.6098,-0.0603,-8.999%,206207082.00,United States,2021,3157930,Finance,Finance: Consumer Services
LDOS,Leidos Holdings Inc. Common Stock,$122.35,-1.26,-1.019%,15353971771.00,United States,,962546,Technology,EDP Services
LDP,Cohen & Steers Limited Duration Preferred and Income Fund Inc.,$18.92,-0.37,-1.918%,0.00,United States,2012,149996,Finance,Finance Companies
LE,Lands' End Inc. Common Stock,$10.42,0.16,1.559%,307850085.00,United States,,132330,Consumer Discretionary,Clothing/Shoe/Accessory Stores
LEA,Lear Corporation Common Stock,$120.24,-2.47,-2.013%,5930809623.00,United States,,789171,Consumer Discretionary,Auto Parts:O.E.M.
LECO,Lincoln Electric Holdings Inc. Common Shares,$271.18,-0.52,-0.191%,14780871183.00,United States,,343767,Industrials,Industrial Machinery/Components
LEDRU,Leader's Advantage Acquisition Corp. Units,$9.97,0.00,0.00%,0.00,United States,2026,1049,Finance,Blank Checks
LEE,Lee Enterprises Incorporated Common Stock,$6.80,0.01,0.147%,151585899.00,United States,,25274,Consumer Discretionary,Newspapers/Magazines
LEGH,Legacy Housing Corporation Common Stock (TX),$29.12,-0.18,-0.614%,692562067.00,United States,2018,92085,Consumer Discretionary,Homebuilding
LEGN,Legend Biotech Corporation American Depositary Shares,$18.62,-0.49,-2.564%,3621374250.00,United States,2020,1715006,Health Care,Biotechnology: Pharmaceutical Preparations
LEN,Lennar Corporation Class A Common Stock,$82.03,-0.12,-0.146%,19760628498.00,United States,,6782670,Consumer Discretionary,Homebuilding
LENZ,LENZ Therapeutics Inc. Common Stock,$3.96,0.045,1.149%,124424558.00,United States,2021,712717,Health Care,Biotechnology: Biological Products (No Diagnostic Substances)
LEO,BNY Mellon Strategic Municipals Inc. Common Stock,$5.53,-0.10,-1.776%,344468423.00,United States,1987,267810,Finance,Trusts Except Educational Religious and Charitable
LESL,Leslie's Inc. Common Stock,$0.2392,-0.0531,-18.166%,2240222.00,United States,2020,1880717,Consumer Discretionary,Other Specialty Stores
LEU,Centrus Energy Corp. Class A Common Stock,$140.37,-6.70,-4.556%,2770048666.00,United States,2014,582912,Industrials,Mining & Quarrying of Nonmetallic Minerals (No Fuels)
LEVI,Levi Strauss & Co Class A Common Stock,$19.81,0.08,0.405%,7623889633.00,United States,2019,1896645,Consumer Discretionary,Apparel
LFAC,Leapfrog Acquisition Corporation Class A Ordinary Shares,$10.09,0.00,0.00%,0.00,United States,2026,614,Finance,Blank Checks
LFCR,Lifecore Biomedical Inc. Common Stock,$6.52,2.32,55.238%,246801951.00,United States,,4010765,Health Care,Biotechnology: Pharmaceutical Preparations
LFMD,LifeMD Inc. Common Stock,$2.93,-0.04,-1.347%,141228452.00,United States,,602544,Health Care,Medical/Nursing Services
LFMDP,LifeMD Inc. 8.875% Series A Cumulative Perpetual Preferred Stock,$23.149,0.00,0.00%,1115801176.00,United States,,48,Health Care,Medical/Nursing Services
LFST,LifeStance Health Group Inc. Common Stock,$11.84,0.00,0.00%,4524705100.00,United States,2021,3043513,Health Care,Medical/Nursing Services
LFT,Lument Finance Trust Inc. Common Stock,$5.61,0.42,8.092%,29444719.00,United States,2013,67933,Real Estate,Real Estate Investment Trusts
LFT^A,Lument Finance Trust Inc. 7.875% Series A Cumulative Redeemable Preferred Stock,$16.48,0.1124,0.687%,,United States,,2949,,
LFTO,Liftoff Mobile Inc. Common Stock,$15.66,-0.25,-1.571%,2651731713.00,United States,2026,485393,Technology,EDP Services
LFUS,Littelfuse Inc. Common Stock,$429.21,-0.01,-0.002%,10901396200.00,United States,,191206,Energy,Electrical Products
LFVN,Lifevantage Corporation Common Stock (Delaware),$6.19,-0.07,-1.118%,77928658.00,United States,,32267,Health Care,Biotechnology: Pharmaceutical Preparations
LGI,Lazard Global Total Return and Income Fund Common Stock,$17.09,-0.09,-0.524%,0.00,United States,2004,22498,,
LGIH,LGI Homes Inc. Common Stock,$49.02,-0.97,-1.94%,1139630293.00,United States,2013,252622,Consumer Discretionary,Homebuilding
LGL,LGL Group Inc. (The) Common Stock,$6.7101,0.0101,0.151%,84635491.00,United States,1946,8766,Technology,Industrial Machinery/Components
LGN,Legence Corp. Class A Common stock,$53.41,0.89,1.695%,5772311387.00,United States,2025,914386,Consumer Discretionary,Engineering & Construction
LGND,Ligand Pharmaceuticals Incorporated Common Stock,$314.10,12.58,4.172%,6261774787.00,United States,,241830,Health Care,Biotechnology: Pharmaceutical Preparations
LGVN,Longeveron Inc. Class A Common Stock,$2.63,-0.18,-6.406%,8384963.00,United States,2021,102040,Health Care,Biotechnology: Pharmaceutical Preparations
LH,Labcorp Holdings Inc. Common Stock,$309.57,-0.07,-0.023%,25106127000.00,United States,,782783,Health Care,Medical Specialities
LHAI,Linkhome Holdings Inc. Common stock,$1.03,0.01,0.98%,17025900.00,United States,2025,46276,Finance,Real Estate
LHX,L3Harris Technologies Inc. Common Stock,$237.70,0.01,0.004%,44263214223.00,United States,,1997239,Industrials,Industrial Machinery/Components
LIDR,AEye Inc. Class A Common Stock,$1.185,-0.025,-2.066%,55306520.00,United States,2021,471707,Consumer Discretionary,Auto Parts:O.E.M.
LIEN,Chicago Atlantic BDC Inc. Common Stock,$9.57,-0.47,-4.681%,218393046.00,United States,2022,112887,Finance,Finance: Consumer Services
LIF,Life360 Inc. Common Stock,$39.98,-1.12,-2.725%,3257585153.00,United States,2024,378506,Technology,EDP Services
LIFE,Ethos Technologies Inc. Class A Common Stock,$34.24,-0.06,-0.175%,2183123705.00,United States,2026,1294284,Finance,Specialty Insurers
LII,Lennox International Inc. Common Stock,$368.41,-5.36,-1.434%,12732498277.00,United States,1999,461935,Industrials,Industrial Machinery/Components
LILA,Liberty Latin America Ltd. Class A Common Stock,$8.49,0.01,0.118%,1663191000.00,United States,,419216,Telecommunications,Cable & Other Pay Television Services
LILAK,Liberty Latin America Ltd. Class C Common Stock,$8.39,-0.10,-1.178%,1643601000.00,United States,,1449683,Telecommunications,Cable & Other Pay Television Services
LILAP,Liberty Latin America Ltd. 9.0% Fixed Rate Cumulative Perpetual Redeemable Series A Preference Shares,$20.40,-0.05,-0.244%,3996360000.00,United States,,35280,Telecommunications,Cable & Other Pay Television Services
LIME,Neutron Holdings Inc. Common Stock,$28.92,-0.29,-0.993%,1879342775.00,United States,2026,311208,Technology,Computer Software: Prepackaged Software
LIMN,Liminatus Pharma Inc. Class A Common Stock,$4.27,0.075,1.788%,5735498.00,United States,,18562,Health Care,Biotechnology: Biological Products (No Diagnostic Substances)
LIN,Linde plc Ordinary Shares,$472.04,2.15,0.458%,217601076143.00,United States,,1871465,Basic Materials,Major Chemicals
LINC,Lincoln Educational Services Corporation Common Stock,$21.72,-0.74,-3.295%,688990524.00,United States,2005,826369,Real Estate,Other Consumer Services
LIND,Lindblad Expeditions Holdings Inc. Common Stock,$29.64,1.19,4.183%,1944967582.00,United States,2013,921308,Consumer Discretionary,Transportation Services
LINE,Lineage Inc. Common Stock,$35.43,-0.72,-1.992%,8067765725.00,United States,2024,1318709,Real Estate,Real Estate Investment Trusts
LINK,Interlink Electronics Inc. Common Stock,$5.93,0.38,6.847%,93417715.00,United States,,228414,Technology,Computer peripheral equipment
LITE,Lumentum Holdings Inc. Common Stock,$921.32,-20.33,-2.159%,82642404000.00,United States,,4461559,Telecommunications,Telecommunications Equipment
LITS,Lite Strategy Inc. Common Stock,$1.36,-0.08,-5.556%,43360401.00,United States,2003,952106,Health Care,Biotechnology: Pharmaceutical Preparations
LIVE,Live Ventures Incorporated Common Stock,$7.50,-0.35,-4.459%,23037420.00,United States,,4232,Consumer Discretionary,Other Specialty Stores
LKFN,Lakeland Financial Corporation Common Stock,$58.76,-0.75,-1.26%,1460646678.00,United States,,157548,Finance,Major Banks
LKQ,LKQ Corporation Common Stock,$23.22,-0.07,-0.301%,5874708437.00,United States,2003,3284076,Consumer Discretionary,Motor Vehicles
LKSP,Lake Superior Acquisition Corp. Class A Ordinary Shares,$10.24,-0.01,-0.098%,0.00,United States,2025,773,,
LKSPR,Lake Superior Acquisition Corp. Rights,$1.20,0.00,0.00%,0.00,United States,2025,109,,
LKSPU,Lake Superior Acquisition Corp. Units,$10.37,-0.03,-0.288%,0.00,United States,2025,1511,,
LLY,Eli Lilly and Company Common Stock,$1184.78,1.32,0.112%,1115301023471.00,United States,,1974252,Health Care,Biotechnology: Pharmaceutical Preparations
LLYVA,Liberty Live Holdings Inc. Series A Liberty Live Group Common Stock,$97.07,0.75,0.779%,8930961848.00,United States,,139122,Consumer Discretionary,Services-Misc. Amusement & Recreation
LLYVK,Liberty Live Holdings Inc. Series C Liberty Live Group Common Stock,$99.92,0.56,0.564%,9193177170.00,United States,,283947,Consumer Discretionary,Services-Misc. Amusement & Recreation
LMAT,LeMaitre Vascular Inc. Common Stock,$82.34,0.82,1.006%,1883054621.00,United States,2006,238934,Health Care,Medical/Dental Instruments
LMB,Limbach Holdings Inc. Common Stock,$48.56,-2.92,-5.672%,579077660.00,United States,,417457,Consumer Discretionary,Engineering & Construction
LMND,Lemonade Inc. Common Stock,$43.91,-1.02,-2.27%,3398485365.00,United States,2020,1139807,Finance,Property-Casualty Insurers
LMNR,Limoneira Co Common Stock,$12.05,0.27,2.292%,218490684.00,United States,,145129,Consumer Staples,Farming/Seeds/Milling
LMRI,Lumexa Imaging Holdings Inc. Common Stock,$10.145,-0.065,-0.637%,974680632.00,United States,2025,165295,Health Care,Medical Specialities
LMT,Lockheed Martin Corporation Common Stock,$518.10,-1.46,-0.281%,119572689129.00,United States,,1076522,Industrials,Military/Government/Technical
LNAI,Lunai Bioworks Inc. Common Stock,$1.86,-0.07,-3.627%,8433035.00,United States,,41271,Health Care,Biotechnology: Pharmaceutical Preparations
LNC,Lincoln National Corporation Common Stock,$40.88,-0.81,-1.943%,7826367096.00,United States,,1556101,Finance,Life Insurance
LNC^D,Lincoln National Corporation Depositary Shares Each Representing a 1/1000th Interest in a Share of 9.000% Non-Cumulative Preferred Stock Series D,$25.69,-0.16,-0.619%,,United States,,69493,,
LNG,Cheniere Energy Inc. Common Stock,$269.65,1.11,0.413%,55691935705.00,United States,2001,1747140,Utilities,Oil/Gas Transmission
LNN,Lindsay Corporation Common Stock,$113.90,-0.35,-0.306%,1158236002.00,United States,,96365,Industrials,Industrial Machinery/Components
LNSR,LENSAR Inc. Common Stock,$6.88,-0.04,-0.578%,84526751.00,United States,,34778,Health Care,Medical/Dental Instruments
LNT,Alliant Energy Corporation Common Stock,$63.21,-0.39,-0.613%,16389385824.00,United States,,4040599,Utilities,Power Generation
LNTH,Lantheus Holdings Inc. Common Stock,$99.74,0.00,0.00%,6510266084.00,United States,2015,1248198,Health Care,Biotechnology: In Vitro & In Vivo Diagnostic Substances
LNZA,LanzaTech Global Inc. Common Stock,$5.94,-0.09,-1.493%,77749628.00,United States,2021,30896,Industrials,Major Chemicals
LNZAW,LanzaTech Global Inc. Warrant,$0.0139,0.0037,36.275%,181939.00,United States,2021,20742,Industrials,Major Chemicals
LOAN,Manhattan Bridge Capital Inc,$3.88,-0.02,-0.513%,44330975.00,United States,,34964,Real Estate,Real Estate Investment Trusts
LOAR,Loar Holdings Inc. Common Stock,$63.57,-1.47,-2.26%,5955776101.00,United States,2024,646120,Industrials,Military/Government/Technical
LOB,Live Oak Bancshares Inc. Common Stock,$36.77,-0.71,-1.894%,1701848707.00,United States,2022,247128,Finance,Major Banks
LOB^A,Live Oak Bancshares Inc. Depositary Shares Each Representing a 1/40th Interest in a Share of 8.375% Fixed Rate Series A Non-Cumulative Perpetual Preferred Stock,$25.015,-0.135,-0.537%,,United States,,4838,,
LOCL,Local Bounti Corporation Common Stock,$1.04,-0.05,-4.587%,24315324.00,United States,2021,21078,Consumer Staples,Farming/Seeds/Milling
LOCO,El Pollo Loco Holdings Inc. Common Stock,$14.10,0.01,0.071%,429104412.00,United States,2014,169400,Consumer Discretionary,Restaurants
LODE,Comstock Inc. Common Stock,$2.42,-0.14,-5.469%,183903174.00,United States,,1283106,Industrials,Major Chemicals
LOGI,Logitech International S.A. Ordinary Shares,$100.33,-0.76,-0.752%,14366085350.00,United States,1997,466126,Technology,Computer peripheral equipment
LONA,LeonaBio Inc. Common Stock,$2.87,-0.38,-11.692%,27040173.00,United States,2020,949153,Health Care,Biotechnology: Biological Products (No Diagnostic Substances)
LOPE,Grand Canyon Education Inc. Common Stock,$146.40,-0.88,-0.598%,3815921417.00,United States,2008,252626,Real Estate,Other Consumer Services
LOVE,The Lovesac Company Common Stock,$15.42,0.23,1.514%,222409337.00,United States,2018,189052,Consumer Discretionary,Other Specialty Stores
LOVIU,Live Oak Acquisition Corp. VI Units,$10.01,0.00,0.00%,0.00,United States,2026,92486,Finance,Blank Checks
LOW,Lowe's Companies Inc. Common Stock,$187.66,-1.62,-0.856%,105287397206.00,United States,,4121829,Consumer Discretionary,RETAIL: Building Materials
LPAA,Launch One Acquisition Corp. Class A Ordinary shares,$10.76,0.00,0.00%,0.00,United States,2024,8,,
LPBB,Launch Two Acquisition Corp. Class A Ordinary Shares,$10.83,0.00,0.00%,0.00,United States,2024,42870,,
LPBBU,Launch Two Acquisition Corp. Unit,$10.87,0.02,0.184%,0.00,United States,2024,800,Finance,Blank Checks
LPBBW,Launch Two Acquisition Corp. Warrant,$0.1401,-0.03,-17.637%,0.00,United States,2024,2652,Finance,Blank Checks
LPCN,Lipocine Inc. Common Stock,$2.09,-0.01,-0.476%,17230489.00,United States,,34443,Health Care,Biotechnology: Pharmaceutical Preparations
LPCV,Launchpad Cadenza Acquisition Corp I Class A Ordinary Share,$10.08,0.00,0.00%,0.00,United States,2026,9,,
LPG,Dorian LPG Ltd. Common Stock,$54.36,0.93,1.741%,2325666539.00,United States,2014,715436,Consumer Discretionary,Marine Transportation
LPLA,LPL Financial Holdings Inc. Common Stock,$312.68,-1.68,-0.534%,24621139237.00,United States,2010,801675,Finance,Investment Bankers/Brokers/Service
LPTH,LightPath Technologies Inc. Class A Common Stock,$9.83,-0.15,-1.503%,688456357.00,United States,1996,2119879,Technology,Semiconductors
LPX,Louisiana-Pacific Corporation Common Stock,$66.06,-0.64,-0.96%,4619140465.00,United States,,1034856,Basic Materials,Forest Products
LQDA,Liquidia Corporation Common Stock,$73.67,5.24,7.657%,6594120000.00,United States,2018,1206495,Health Care,Biotechnology: Pharmaceutical Preparations
LQDT,Liquidity Services Inc. Common Stock,$43.33,-0.28,-0.642%,1357599008.00,United States,2006,239434,Consumer Discretionary,Business Services
LRCX,Lam Research Corporation Common Stock,$314.47,-0.74,-0.235%,393535419118.00,United States,1984,9178813,Technology,Industrial Machinery/Components
LRHC,La Rosa Holdings Corp. Common Stock,$2.53,-0.07,-2.692%,1441187.00,United States,2023,10402,Finance,Real Estate
LRMR,Larimar Therapeutics Inc. Common Stock,$3.17,0.095,3.089%,329308910.00,United States,2014,1673188,Health Care,Biotechnology: Pharmaceutical Preparations
LRN,Stride Inc. Common Stock,$76.66,-1.90,-2.419%,3185977718.00,United States,,365153,Real Estate,Other Consumer Services
LSBK,Lake Shore Bancorp Inc. Common Stock,$18.13,0.31,1.74%,142389176.00,United States,2006,18972,Finance,Savings Institutions
LSCC,Lattice Semiconductor Corporation Common Stock,$124.03,-4.02,-3.139%,17616014636.00,United States,,1421313,Technology,Semiconductors
LSTA,Lisata Therapeutics Inc. Common Stock,$1.50,-0.08,-5.063%,16206099.00,United States,,38191,Health Care,Biotechnology: Pharmaceutical Preparations
LSTR,Landstar System Inc. Common Stock,$165.41,1.64,1.001%,5613506764.00,United States,1993,353648,Industrials,Trucking Freight/Courier Services
LTBR,Lightbridge Corporation Common Stock,$6.48,-0.37,-5.401%,242728430.00,United States,,638412,Basic Materials,Major Chemicals
LTC,LTC Properties Inc. Common Stock,$43.09,0.15,0.349%,2322790710.00,United States,,561671,Real Estate,Real Estate Investment Trusts
LTGO,Latigo Biotherapeutics Inc. Common Stock,$17.48,0.33,1.924%,1158912586.00,United States,2026,261957,Health Care,Biotechnology: Pharmaceutical Preparations
LTGR,Long Table Growth Corp. Class A Ordinary Shares,$9.99,0.00,0.00%,0.00,United States,2026,55,Finance,Blank Checks
LTGRW,Long Table Growth Corp. Warrants,$0.26,0.00,0.00%,0.00,United States,2026,1201,,
LTH,Life Time Group Holdings Inc. Common Stock,$39.59,-0.38,-0.951%,8846858521.00,United States,2021,2594543,Consumer Discretionary,Hotels/Resorts
LTRN,Lantern Pharma Inc. Common Stock,$1.09,-0.13,-10.656%,13934719.00,United States,2020,461480,Health Care,Biotechnology: Pharmaceutical Preparations
LTRX,Lantronix Inc. Common Stock,$7.22,0.205,2.922%,338469268.00,United States,2000,1704408,Telecommunications,Computer Communications Equipment
LTRYW,Sports Entertainment Gaming Global Corporation Warrants,$0.0031,0.0002,6.897%,10104.00,United States,2023,330744,Technology,Computer Software: Prepackaged Software
LUCD,Lucid Diagnostics Inc. Common Stock,$0.8057,-0.0203,-2.458%,163753667.00,United States,2021,786382,Health Care,Medical/Dental Instruments
LUCK,Lucky Strike Entertainment Corporation Class A Common Stock,$5.33,0.12,2.303%,726628347.00,United States,2021,76955,Consumer Discretionary,Services-Misc. Amusement & Recreation
LUCY,Innovative Eyewear Inc. Common Stock,$0.9568,0.0069,0.726%,8335893.00,United States,2022,53702,Health Care,Ophthalmic Goods
LUMN,Lumen Technologies Inc. Common Stock,$5.53,-0.18,-3.152%,5703893084.00,United States,,12932134,Telecommunications,Telecommunications Equipment
LUNG,Pulmonx Corporation Common Stock,$1.96,0.05,2.618%,84178607.00,United States,2020,202002,Health Care,Medical/Dental Instruments
LUNR,Intuitive Machines Inc. Class A Common Stock,$15.20,-0.41,-2.627%,3479645834.00,United States,2021,7712773,Industrials,Industrial Machinery/Components
LUV,Southwest Airlines Company Common Stock,$42.28,-0.40,-0.937%,20683722738.00,United States,,5968580,Consumer Discretionary,Air Freight/Delivery Services
LVLU,Lulu's Fashion Lounge Holdings Inc. Common Stock,$11.64,0.10,0.867%,33425145.00,United States,2021,9960,Consumer Discretionary,Catalog/Specialty Distribution
LVO,LiveOne Inc. Common Stock,$2.30,-0.04,-1.709%,31537115.00,United States,,63444,Consumer Discretionary,Restaurants
LVS,Las Vegas Sands Corp. Common Stock,$38.78,-0.21,-0.539%,25117851916.00,United States,2004,3766104,Consumer Discretionary,Hotels/Resorts
LVWR,LiveWire Group Inc. Common Stock,$1.56,0.06,4.00%,320443433.00,United States,2022,173773,Consumer Discretionary,Motor Vehicles
LW,Lamb Weston Holdings Inc. Common Stock ,$43.18,-0.40,-0.918%,5936430055.00,United States,2016,2240671,Consumer Staples,Packaged Foods
LWAC,LightWave Acquisition Corp. Class A Ordinary Shares,$10.3821,0.00,0.00%,0.00,United States,2025,9,Finance,Blank Checks
LWACW,LightWave Acquisition Corp. Warrants,$0.1349,0.00,0.00%,0.00,United States,2025,6,Finance,Blank Checks
LWAY,Lifeway Foods Inc. Common Stock,$21.36,-0.38,-1.748%,322680116.00,United States,,74660,Consumer Staples,Packaged Foods
LWLG,Lightwave Logic Inc. Common Stock,$5.00,-0.31,-5.838%,770836275.00,United States,,2934178,Industrials,Containers/Packaging
LXEO,Lexeo Therapeutics Inc. Common Stock,$3.14,-0.17,-5.136%,257625241.00,United States,2023,1256690,Health Care,Biotechnology: Biological Products (No Diagnostic Substances)
LXP,LXP Industrial Trust Common Stock (Maryland REIT),$60.91,0.03,0.049%,3591086950.00,United States,,1209543,Real Estate,Real Estate Investment Trusts
LXP^C,LXP Industrial Trust 6.5% Series C Cumulative Convertible Preferred Stock,$49.49,0.155,0.314%,,United States,,2937,,
LXRX,Lexicon Pharmaceuticals Inc. Common Stock,$1.90,0.105,5.85%,845416275.00,United States,,10894049,Health Care,Biotechnology: Pharmaceutical Preparations
LXU,LSB Industries Inc. Common Stock,$9.84,-0.05,-0.506%,708455439.00,United States,2003,854143,Basic Materials,Major Chemicals
LYEL,Lyell Immunopharma Inc. Common Stock,$9.74,-0.11,-1.117%,238680073.00,United States,2021,129022,Health Care,Biotechnology: Pharmaceutical Preparations
LYFT,Lyft Inc. Class A Common Stock,$14.88,0.015,0.101%,5632678905.00,United States,2019,6825760,Consumer Discretionary,Business Services
LYTS,LSI Industries Inc. Common Stock,$20.96,-0.13,-0.616%,780997603.00,United States,1985,330818,Consumer Discretionary,Building Products
LYV,Live Nation Entertainment Inc. Common Stock,$171.89,1.02,0.597%,40503104195.00,United States,,2206136,Consumer Discretionary,Services-Misc. Amusement & Recreation
LZ,LegalZoom.com Inc. Common Stock,$5.45,-0.17,-3.025%,933393225.00,United States,2021,2658885,Technology,EDP Services
LZB,La-Z-Boy Incorporated Common Stock,$29.83,-0.05,-0.167%,1194774159.00,United States,,634550,Consumer Discretionary,Home Furnishings
M,Macy's Inc Common Stock,$23.01,0.37,1.634%,6009674624.00,United States,,6488263,Consumer Discretionary,Department/Specialty Retail Stores
MA,Mastercard Incorporated Common Stock,$568.26,0.61,0.107%,497801408504.00,United States,2006,3217060,Consumer Discretionary,Business Services
MAA,Mid-America Apartment Communities Inc. Common Stock,$118.34,-0.01,-0.008%,13730038391.00,United States,1994,1449388,Real Estate,Real Estate Investment Trusts
MAA^I,Mid-America Apartment Communities Inc. 8.50% Series I Cumulative Redeemable Preferred Stock,$50.15,0.00,0.00%,,United States,,150,,
MAC,Macerich Company (The) Common Stock,$22.57,-0.07,-0.309%,6399935094.00,United States,1994,3384757,Real Estate,Real Estate Investment Trusts
MACI,Melar Acquisition Corp. I Class A Ordinary Shares,$11.0899,0.0399,0.361%,0.00,United States,2024,1410,,
MAGN,Magnera Corporation Common Stock,$11.91,-0.22,-1.814%,426378000.00,United States,2000,378847,Basic Materials,Paper
MAIN,Main Street Capital Corporation Common Stock,$55.07,-0.03,-0.054%,5149510947.00,United States,2007,469170,Finance,Finance/Investors Services
MAMA,Mama's Creations Inc. Common Stock,$13.15,-0.20,-1.498%,619989217.00,United States,,691860,Consumer Staples,Specialty Foods
MAMO,Massimo Group Common Stock,$0.999,0.0614,6.549%,41599309.00,United States,2024,73773,Consumer Discretionary,Industrial Specialties
MAN,ManpowerGroup Common Stock,$57.02,-0.39,-0.679%,2651747601.00,United States,,1100617,Consumer Discretionary,Professional Services
MANH,Manhattan Associates Inc. Common Stock,$201.88,-4.15,-2.014%,11770607747.00,United States,1998,661246,Technology,Computer Software: Prepackaged Software
MAR,Marriott International Class A Common Stock,$358.57,6.54,1.858%,93502967888.00,United States,,1713340,Consumer Discretionary,Hotels/Resorts
MARA,MARA Holdings Inc. Common Stock,$12.11,-0.44,-3.506%,4678084487.00,United States,,28562714,Finance,Finance: Consumer Services
MARPS,Marine Petroleum Trust Units of Beneficial Interest,$4.5216,0.2616,6.141%,9043200.00,United States,,5825,Energy,Oil & Gas Production
MAS,Masco Corporation Common Stock,$68.36,-0.49,-0.712%,13479732715.00,United States,,2705385,Industrials,Industrial Specialties
MASS,908 Devices Inc. Common Stock,$11.66,0.22,1.923%,481951000.00,United States,2020,287365,Industrials,Industrial Machinery/Components
MAT,Mattel Inc. Common Stock,$13.34,0.05,0.376%,3811238000.00,United States,,7382747,Consumer Discretionary,Recreational Games/Products/Toys
MATV,Mativ Holdings Inc. Common Stock,$11.84,-0.08,-0.671%,653450760.00,United States,,346455,Basic Materials,Paper
MATW,Matthews International Corporation Class A Common Stock,$19.52,0.57,3.008%,609281137.00,United States,1994,803323,Telecommunications,Metal Fabrications
MATX,Matson Inc. Common Stock,$223.45,-1.21,-0.539%,6681927690.00,United States,,235270,Consumer Discretionary,Marine Transportation
MAX,MediaAlpha Inc. Class A Common Stock,$9.20,-0.07,-0.755%,563628598.00,United States,2020,622721,Consumer Discretionary,Business Services
MAYS,J. W. Mays Inc. Common Stock,$40.00,0.00,0.00%,80631200.00,United States,,47,Real Estate,Building operators
MAZE,Maze Therapeutics Inc. Common Stock,$26.85,0.80,3.071%,1491495161.00,United States,2025,1177485,Health Care,Biotechnology: Biological Products (No Diagnostic Substances)
MBBC,Marathon Bancorp Inc. Common Stock,$15.122,-0.158,-1.034%,45515753.00,United States,,1262,Finance,Banks
MBC,MasterBrand Inc. Common Stock,$6.96,-0.27,-3.734%,1416293810.00,United States,2022,3807918,Consumer Discretionary,Home Furnishings
MBGL,Mobility Global Inc. Common Stock,$17.76,-0.11,-0.616%,5236026643.00,United States,2026,3474661,Consumer Discretionary,Business Services
MBI,MBIA Inc. Common Stock,$4.31,-0.08,-1.822%,219880874.00,United States,1987,327921,Finance,Property-Casualty Insurers
MBIN,Merchants Bancorp Common Stock,$51.55,-0.55,-1.056%,2368107766.00,United States,2017,111396,Finance,Major Banks
MBINL,Merchants Bancorp Depositary Shares Each Representing a 1/40thInterest in a Share of 7.25% Fixed Rate Series E Non-CumulativePerpetual Preferred Stock without par value,$23.28,-0.37,-1.564%,1069438386.00,United States,,23117,Finance,Major Banks
MBINM,Merchants Bancorp Depositary Shares Each Representing a 1/40th Interest in a Share of 8.25% Fixed-Rate Reset Series D Non-Cumulative Perpetual Preferred Stock,$25.35,0.05,0.198%,1164530201.00,United States,,5201,Finance,Major Banks
MBINN,Merchants Bancorp Depositary Shares Preferred Series C,$19.085,-0.015,-0.079%,876728161.00,United States,,9671,Finance,Major Banks
MBIO,Mustang Bio Inc. Common Stock,$0.5069,-0.0135,-2.594%,3841038.00,United States,,12135,Health Care,Biotechnology: Pharmaceutical Preparations
MBNKO,Medallion Bank Fixed-Rate Reset Non-Cumulative Perpetual Preferred Stock Series G par value $1.00 per share,$24.50,-0.12,-0.487%,24500000.00,United States,,43747,Finance,Commercial Banks
MBRX,Moleculin Biotech Inc. Common Stock,$0.569,-0.0326,-5.419%,11599509.00,United States,2016,625503,Health Care,Biotechnology: Pharmaceutical Preparations
MBUU,Malibu Boats Inc. Class A Common Stock,$23.13,-0.96,-3.985%,455135394.00,United States,2014,199043,Industrials,Marine Transportation
MBVI,M3-Brigade Acquisition VI Corp. Class A Ordinary Shares,$10.24,0.00,0.00%,0.00,United States,2025,6,,
MBWM,Mercantile Bank Corporation Common Stock,$59.38,-0.65,-1.083%,1026438464.00,United States,1998,81441,Finance,Major Banks
MBX,MBX Biosciences Inc. Common Stock,$57.54,3.91,7.291%,2771131924.00,United States,2024,439715,Health Care,Biotechnology: Pharmaceutical Preparations
MC,Moelis & Company Class A Common Stock,$58.10,-0.64,-1.09%,4547432851.00,United States,2014,729308,Finance,Investment Managers
MCAH,Mountain Crest Acquisition 6 Corp. Ordinary Shares,$10.03,0.00,0.00%,0.00,United States,2026,6,Finance,Blank Checks
MCAHU,Mountain Crest Acquisition 6 Corp. Units,$10.2599,0.0299,0.292%,0.00,United States,2026,3798,Finance,Blank Checks
MCB,Metropolitan Bank Holding Corp. Common Stock,$88.64,-0.96,-1.071%,1098939042.00,United States,2017,139127,Finance,Major Banks
MCBS,MetroCity Bankshares Inc. Common Stock,$34.88,-0.10,-0.286%,1003889268.00,United States,2019,78084,Finance,Major Banks
MCD,McDonald's Corporation Common Stock,$233.60,-2.90,-1.226%,165305061642.00,United States,,5365064,Consumer Discretionary,Restaurants
MCFT,MasterCraft Boat Holdings Inc. Common Stock,$19.87,-0.72,-3.497%,483623302.00,United States,2015,289211,Industrials,Marine Transportation
MCGA,Yorkville Acquisition Corp. Class A Ordinary Share,$10.35,-0.005,-0.048%,0.00,United States,2025,933,Utilities,Electric Utilities: Central
MCGAU,Yorkville Acquisition Corp. Unit,$10.335,0.00,0.00%,0.00,United States,2025,4,Finance,Blank Checks
MCGAW,Yorkville Acquisition Corp. Warrant,$0.332,0.00,0.00%,0.00,United States,2025,76,,
MCHB,Mechanics Bancorp Class A Common Stock,$14.92,-0.25,-1.648%,3287055950.00,United States,2012,350414,Finance,Major Banks
MCHP,Microchip Technology Incorporated Common Stock,$77.97,-0.72,-0.915%,42338387637.00,United States,1993,9394800,Technology,Semiconductors
MCHPP,Microchip Technology Incorporated Depositary Shares Each Representing a 1/20th Interest in a Share of 7.50% Series A Mandatory Convertible Preferred Stock,$66.78,-0.34,-0.507%,36262120385.00,United States,,84242,Technology,Semiconductors
MCHX,Marchex Inc. Class B Common Stock,$1.32,0.01,0.763%,58526015.00,United States,2004,33564,Technology,Computer Software: Prepackaged Software
MCI,Barings Corporate Investors Common Stock,$17.73,-0.6549,-3.562%,359240278.00,United States,,75166,Finance,Trusts Except Educational Religious and Charitable
MCK,McKesson Corporation Common Stock,$856.29,-10.35,-1.194%,99835161933.00,United States,,550013,Health Care,Other Pharmaceuticals
MCN,XAI Madison Equity Premium Income Fund Common Shares,$5.27,0.00,0.00%,0.00,United States,2004,42957,,
MCO,Moody's Corporation Common Stock,$460.08,-8.62,-1.839%,79685856000.00,United States,,751880,Finance,Finance: Consumer Services
MCRB,Seres Therapeutics Inc. Common Stock,$3.52,0.00,0.00%,35357629.00,United States,2015,55500,Health Care,Biotechnology: Pharmaceutical Preparations
MCRI,Monarch Casino & Resort Inc. Common Stock,$117.26,-0.48,-0.408%,2101594812.00,United States,1993,207163,Consumer Discretionary,Hotels/Resorts
MCS,Marcus Corporation (The) Common Stock,$28.70,0.61,2.172%,884882963.00,United States,,286590,Consumer Discretionary,Movies/Entertainment
MCY,Mercury General Corporation Common Stock,$98.85,-0.56,-0.563%,5475165779.00,United States,,345634,Finance,Property-Casualty Insurers
MD,Pediatrix Medical Group Inc. Common Stock,$25.93,-0.38,-1.444%,2106897317.00,United States,,629339,Health Care,Hospital/Nursing Management
MDAI,Spectral AI Inc. Class A Common Stock,$1.61,0.02,1.258%,51817734.00,United States,2021,121659,Health Care,Medical/Dental Instruments
MDAIW,Spectral AI Inc. Warrants,$0.4502,-0.0296,-6.169%,14489655.00,United States,2021,27437,Health Care,Medical/Dental Instruments
MDB,MongoDB Inc. Class A Common Stock,$334.68,-75.76,-18.458%,26960596206.00,United States,2017,17855139,Technology,Computer Software: Prepackaged Software
MDBH,MDB Capital Holdings LLC Class A common,$2.57,0.11,4.472%,13977284.00,United States,2023,2837,Finance,Finance: Consumer Services
MDGL,Madrigal Pharmaceuticals Inc. Common Stock,$517.04,0.48,0.093%,11945757307.00,United States,2007,333721,Health Care,Biotechnology: Pharmaceutical Preparations
MDIA,Mediaco Holding Inc. Class A Common Stock ,$1.075,-0.015,-1.376%,90321347.00,United States,,7152,Consumer Discretionary,Broadcasting
MDLN,Medline Inc. Class A Common Stock,$35.07,0.37,1.066%,46106791744.00,United States,2025,10072430,Health Care,Medical/Dental Instruments
MDLZ,Mondelez International Inc. Class A Common Stock,$60.18,-0.07,-0.116%,76808218870.00,United States,,7262902,Consumer Staples,Packaged Foods
MDRR,Medalist Diversified Inc. Common Stock,$11.0174,-0.8426,-7.105%,17941836.00,United States,2018,279,Real Estate,Real Estate Investment Trusts
MDT,Medtronic plc. Ordinary Shares,$89.50,0.86,0.97%,114482841155.00,United States,,22549332,Health Care,Biotechnology: Electromedical & Electrotherapeutic Apparatus
MDU,MDU Resources Group Inc. Common Stock (Holding Company),$18.53,-0.23,-1.226%,3897775420.00,United States,,2459448,Industrials,Mining & Quarrying of Nonmetallic Minerals (No Fuels)
MDXG,MiMedx Group Inc Common Stock,$4.68,0.01,0.214%,682158990.00,United States,,881309,Health Care,Medical/Dental Instruments
MEC,Mayville Engineering Company Inc. Common Stock,$16.85,-0.31,-1.807%,429680577.00,United States,2019,672754,Industrials,Industrial Specialties
MED,MEDIFAST INC Common Stock,$11.71,-0.46,-3.78%,130926032.00,United States,,113037,Consumer Staples,Packaged Foods
MEDP,Medpace Holdings Inc. Common Stock,$615.94,-2.94,-0.475%,17191904781.00,United States,2016,242395,Health Care,Biotechnology: Commercial Physical & Biological Resarch
MEDS,DataMeds AI Inc. Common Stock,$3.81,0.70,22.508%,10795765.00,United States,2025,33436426,Health Care,Other Pharmaceuticals
MEGI,NYLIM CBRE Global Infrastructure Megatrends Term Fund Common Shares,$13.31,-0.29,-2.132%,0.00,United States,2021,299610,Finance,Investment Managers
MEI,Methode Electronics Inc. Common Stock,$14.06,-0.45,-3.101%,501169445.00,United States,,353409,Technology,Electrical Products
MER^K,Bank of America Corporation Income Capital Obligation Notes initially due December 15 2066,$23.53,-0.05,-0.212%,,United States,,78212,,
MESH,Meshflow Acquisition Corp. Class A Ordinary Shares,$10.08,0.005,0.05%,0.00,United States,2026,48794,,
MESHW,Meshflow Acquisition Corp. Warrants,$0.24,0.00,0.00%,0.00,United States,2026,500,,
MET,MetLife Inc. Common Stock,$95.82,-1.88,-1.924%,60891399145.00,United States,2000,3241819,Finance,Life Insurance
MET^A,MetLife Inc. Preferred Series A Floating Rate,$21.44,0.02,0.093%,,United States,,32595,,
MET^E,MetLife Inc. Depositary Shares ,$20.14,-0.07,-0.346%,,United States,,83505,,
MET^F,MetLife Inc. Depositary Shares each representing a 1/1000th interest in a share of 4.75% Non-Cumulative Preferred Stock Series F,$16.91,-0.10,-0.588%,,United States,,76978,,
META,Meta Platforms Inc. Class A Common Stock,$715.62,-36.04,-4.795%,1823046404735.00,United States,2012,27944078,Technology,Computer Software: Programming Data Processing
METC,Ramaco Resources Inc. Class A Common Stock,$8.98,-0.04,-0.443%,571875801.00,United States,2017,1219761,Energy,Coal Mining
METCB,Ramaco Resources Inc. Class B Common Stock,$4.34,-0.16,-3.556%,276385409.00,United States,,94341,Energy,Coal Mining
METCI,Ramaco Resources Inc. 8.250% Senior Notes due 2030,$25.25,-0.1001,-0.395%,0.00,United States,,3318,Energy,Coal Mining
METCZ,Ramaco Resources Inc. 8.375% Senior Notes due 2029,$25.29,-0.1101,-0.433%,0.00,United States,,11461,Energy,Coal Mining
MEVO,M Evo Global Acquisition Corp II Class A Ordinary Shares,$10.00,0.00,0.00%,0.00,United States,2026,23,Finance,Blank Checks
MEVOW,M Evo Global Acquisition Corp II Warrants,$0.2527,-0.0473,-15.767%,0.00,United States,2026,3520,Finance,Blank Checks
MFA,MFA Financial Inc.,$8.01,-0.16,-1.958%,809714383.00,United States,,2164667,Real Estate,Real Estate Investment Trusts
MFA^B,MFA Financial Inc. Preferred Series B,$18.239,-0.221,-1.197%,,United States,,29490,,
MFA^C,MFA Financial Inc. 6.50% Series C Fixed-to-Floating Rate Cumulative Redeemable Preferred Stock,$22.00,-0.3831,-1.712%,,United States,,61022,,
MFAN,MFA Financial Inc. 8.875% Senior Notes due 2029,$25.13,-0.03,-0.119%,2580064481.00,United States,2024,10005,Real Estate,Real Estate Investment Trusts
MFAO,MFA Financial Inc. 9.000% Senior Notes due 2029,$25.2001,-0.0099,-0.039%,2587261557.00,United States,2024,12536,Real Estate,Real Estate Investment Trusts
MFIC,MidCap Financial Investment Corporation Common Stock,$8.76,-0.12,-1.351%,721584221.00,United States,2004,895135,Finance,Finance/Investors Services
MFICL,MidCap Financial Investment Corporation 8.00% Notes due 2028,$25.16,-0.01,-0.04%,2347519130.00,United States,,1977,Finance,Finance/Investors Services
MFIN,Medallion Financial Corp. Common Stock,$12.05,0.09,0.753%,276671000.00,United States,,62317,Finance,Finance: Consumer Services
MFM,Aberdeen Municipal Income Fund Common Shares of Beneficial Interest,$4.87,-0.04,-0.815%,200583763.00,United States,1986,919189,Finance,Finance Companies
MFP,Midera Food Processing Inc. Common Stock,$41.15,-1.54,-3.607%,1861233223.00,United States,,256869,Industrials,Industrial Machinery/Components
MG,Mistras Group Inc Common Stock,$21.59,0.07,0.325%,687639190.00,United States,2009,293979,Consumer Discretionary,Military/Government/Technical
MGEE,MGE Energy Inc,$68.93,-1.13,-1.613%,2604451947.00,United States,,168573,Energy,Electric Utilities: Central
MGF,Aberdeen Government Markets Income Fund Common Shares of Beneficial Interest,$2.69,-0.015,-0.555%,87686987.00,United States,1987,89596,Finance,Trusts Except Educational Religious and Charitable
MGM,MGM Resorts International Common Stock,$31.86,-0.72,-2.21%,8230175336.00,United States,,9359460,Consumer Discretionary,Hotels/Resorts
MGNI,Magnite Inc. Common Stock,$23.40,-0.57,-2.378%,3356125274.00,United States,,2135650,Technology,Computer Software: Programming Data Processing
MGNX,MacroGenics Inc. Common Stock,$4.06,0.32,8.556%,258622759.00,United States,2013,1912876,Health Care,Biotechnology: Pharmaceutical Preparations
MGPI,MGP Ingredients Inc.,$12.78,-0.04,-0.312%,273671891.00,United States,,221636,Consumer Staples,Beverages (Production/Distribution)
MGR,Affiliated Managers Group Inc. 5.875% Junior Subordinated Notes due 2059,$19.65,-0.01,-0.051%,558297038.00,United States,2019,18437,Finance,Investment Managers
MGRB,Affiliated Managers Group Inc. 4.750% Junior Subordinated Notes due 2060,$16.30,-0.04,-0.245%,463116627.00,United States,2020,21470,Finance,Investment Managers
MGRC,McGrath RentCorp Common Stock,$114.86,1.63,1.44%,2805531652.00,United States,1984,157391,Consumer Discretionary,Diversified Commercial Services
MGRD,Affiliated Managers Group Inc. 4.200% Junior Subordinated Notes due 2061,$14.5586,-0.0214,-0.147%,413639860.00,United States,2021,12570,Finance,Investment Managers
MGRE,Affiliated Managers Group Inc. 6.750% Junior Subordinated Notes due 2064,$21.78,-0.0451,-0.207%,618814732.00,United States,2024,30686,Finance,Investment Managers
MGRX,Mangoceuticals Inc. Common Stock,$0.3848,-0.0812,-17.425%,8299144.00,United States,2023,1008137,Health Care,Misc Health and Biotechnology Services
MGTX,MeiraGTx Holdings plc Ordinary Shares,$11.11,0.20,1.833%,1067037686.00,United States,2018,930052,Health Care,Biotechnology: Biological Products (No Diagnostic Substances)
MGX,Metagenomi Therapeutics Inc. Common Stock,$1.14,-0.01,-0.87%,43065900.00,United States,2024,135976,Health Care,Biotechnology: Biological Products (No Diagnostic Substances)
MGY,Magnolia Oil & Gas Corporation Class A Common Stock,$23.71,-0.40,-1.659%,6354429895.00,United States,2017,4761543,Energy,Oil & Gas Production
MGYR,Magyar Bancorp Inc. Common Stock,$19.50,0.135,0.697%,125879969.00,United States,2006,4278,Finance,Savings Institutions
MHD,Blackrock MuniHoldings Fund Inc. Common Stock,$10.27,-0.26,-2.469%,1527790577.00,United States,1997,1806439,Finance,Investment Bankers/Brokers/Service
MHF,Western Asset Municipal High Income Fund Inc. Common Stock,$6.02,-0.12,-1.954%,0.00,United States,1988,195797,Finance,Finance/Investors Services
MHH,Mastech Digital Inc Common Stock,$7.26,-0.09,-1.224%,87211338.00,United States,,1261,Consumer Discretionary,Professional Services
MHK,Mohawk Industries Inc. Common Stock,$124.43,-0.73,-0.583%,8428657382.00,United States,,1207213,Consumer Discretionary,Home Furnishings
MHO,M/I Homes Inc. Common Stock,$137.40,-1.35,-0.973%,3473888459.00,United States,1993,190518,Consumer Discretionary,Homebuilding
MIAC,Meridian3 Industrials Acquisition Corp Class A Ordinary Shares,$9.81,0.00,0.00%,0.00,United States,2026,25456,,
MIAX,Miami International Holdings Inc. Common Stock,$33.91,-0.99,-2.837%,3364919751.00,United States,2025,1446948,Finance,Investment Bankers/Brokers/Service
MIDD,Middleby Corporation (The) Common Stock,$106.68,-0.98,-0.91%,4824320191.00,United States,,550537,Industrials,Industrial Machinery/Components
MIN,Aberdeen Intermediate Income Fund Common Shares of Beneficial Interest,$2.32,0.00,0.00%,266562829.00,United States,1988,125590,Finance,Trusts Except Educational Religious and Charitable
MIND,MIND Technology Inc. Common Stock (DE),$4.25,-0.095,-2.186%,38628484.00,United States,1994,61246,Industrials,Industrial Machinery/Components
MIR,Mirion Technologies Inc. Class A Common Stock,$14.35,-1.24,-7.954%,3573690234.00,United States,2020,5380354,Industrials,Industrial Machinery/Components
MIRA,MIRA Pharmaceuticals Inc. Common Stock,$0.9033,0.0033,0.367%,37958551.00,United States,2023,65820,Health Care,Biotechnology: Pharmaceutical Preparations
MIRM,Mirum Pharmaceuticals Inc. Common Stock,$87.96,-1.74,-1.94%,5711436576.00,United States,2019,1236874,Health Care,Biotechnology: Pharmaceutical Preparations
MITK,Mitek Systems Inc. Common Stock,$17.22,-0.44,-2.492%,777007280.00,United States,,611807,Technology,Computer peripheral equipment
MITN,TPG Mortgage Investment Trust Inc. 9.500% Senior Notes due 2029,$25.315,-0.045,-0.177%,746614890.00,United States,2024,3310,Real Estate,Real Estate Investment Trusts
MITP,TPG Mortgage Investment Trust Inc. 9.500% Senior Notes due 2029,$25.28,-0.04,-0.158%,745582636.00,United States,2024,1467,Real Estate,Real Estate Investment Trusts
MITQ,Moving iMage Technologies Inc. Common Stock,$0.5771,-0.0434,-6.994%,5736993.00,United States,2021,510435,Consumer Discretionary,Industrial Machinery/Components
MITT,TPG Mortgage Investment Trust Inc. Common Stock,$6.05,-0.06,-0.982%,192411024.00,United States,2011,673481,Real Estate,Real Estate Investment Trusts
MITT^A,TPG Mortgage Investment Trust Inc. 8.25% Series A Cumulative Redeemable Preferred Stock,$20.22,-0.67,-3.207%,,United States,,718,,
MITT^B,TPG Mortgage Investment Trust Inc. 8.00% Series B Cumulative Redeemable Preferred Stock,$19.09,-0.2001,-1.037%,,United States,,3818,,
MITT^C,TPG Mortgage Investment Trust Inc. 8.00% Series C Fixed-to-Floating Rate Cumulative Redeemable Preferred Stock $0.01 par value per share,$24.78,-0.0373,-0.15%,,United States,,10604,,
MIY,Blackrock MuniYield Michigan Quality Fund Inc. Common Stock,$11.28,-0.26,-2.253%,1678040673.00,United States,1992,116484,Finance,Investment Bankers/Brokers/Service
MKC,McCormick & Company Incorporated Common Stock,$48.46,0.52,1.085%,13028546210.00,United States,,3166451,Consumer Staples,Packaged Foods
MKL,Markel Group Inc. Common Stock,$1740.40,12.67,0.733%,21563482903.00,United States,1986,73117,Finance,Property-Casualty Insurers
MKLY,McKinley Acquisition Corporation Class A Ordinary Shares,$10.26,-0.02,-0.195%,0.00,United States,2025,52030,Finance,Blank Checks
MKLYR,McKinley Acquisition Corporation Rights,$0.24,-0.0025,-1.031%,0.00,United States,2025,100,Finance,Blank Checks
MKSI,MKS Inc. Common Stock,$258.38,-2.44,-0.936%,17471024636.00,United States,1999,1095216,Industrials,Industrial Machinery/Components
MKTW,MarketWise Inc. Class A Common Stock,$19.79,-0.55,-2.704%,312177058.00,United States,,16564,Technology,Computer Software: Prepackaged Software
MKTX,MarketAxess Holdings Inc. Common Stock,$163.94,-0.25,-0.152%,5769522551.00,United States,2004,1260864,Finance,Investment Bankers/Brokers/Service
MKZR,MacKenzie Realty Capital Inc. Common Stock,$1.37,0.03,2.239%,3801323.00,United States,,3049,Real Estate,Real Estate Investment Trusts
MLAA,Mountain Lake Acquisition Corp. II Class A Ordinary Shares,$10.01,0.00,0.00%,0.00,United States,2026,42,Finance,Blank Checks
MLAB,Mesa Laboratories Inc. Common Stock,$132.99,-1.05,-0.783%,744194618.00,United States,,82262,Industrials,Industrial Machinery/Components
MLCI,Mount Logan Capital Inc. Common Stock,$3.56,0.07,2.006%,39832014.00,United States,,15107,Finance,Investment Managers
MLCIL,Mount Logan Capital Inc. 8.00% Notes Due 2031,$22.40,0.19,0.855%,0.00,United States,,8430,Finance,Investment Managers
MLGO,MicroAlgo Inc. Class A Ordinary Shares,$3.12,-0.19,-5.74%,38804878.00,United States,2021,48447,Technology,EDP Services
MLI,Mueller Industries Inc. Common Stock,$60.97,0.45,0.744%,13485429226.00,United States,,1434679,Industrials,Metal Fabrications
MLKN,MillerKnoll Inc. Common Stock,$20.28,0.22,1.097%,1393906518.00,United States,,541822,Consumer Discretionary,Office Equipment/Supplies/Services
MLM,Martin Marietta Materials Inc. Common Stock,$490.77,6.47,1.336%,29478511806.00,United States,1994,806399,Industrials,Mining & Quarrying of Nonmetallic Minerals (No Fuels)
MLP,Maui Land & Pineapple Company Inc. Common Stock,$16.17,0.08,0.497%,321122536.00,United States,1998,8027,Finance,Real Estate
MLR,Miller Industries Inc. Common Stock,$54.03,-0.01,-0.019%,613358502.00,United States,,79590,Consumer Discretionary,Construction/Ag Equipment/Trucks
MLSS,Milestone Scientific Inc. Common Stock,$0.41,-0.0007,-0.17%,37164205.00,United States,2015,37559,Health Care,Industrial Specialties
MLTX,MoonLake Immunotherapeutics Class A Ordinary Shares,$11.56,-0.48,-3.987%,983833279.00,United States,2020,1656981,Health Care,Biotechnology: Pharmaceutical Preparations
MLYS,Mineralys Therapeutics Inc. Common Stock,$25.63,-0.23,-0.889%,2265868463.00,United States,2023,1701000,Health Care,Biotechnology: Pharmaceutical Preparations
MMD,NYLIM MacKay DefinedTerm Muni Opportunities Fund Common Shares,$13.38,-0.43,-3.114%,0.00,United States,2012,260670,Finance,Investment Managers
MMED,MiniMed Group Inc. Common Stock,$20.49,0.51,2.553%,5764860086.00,United States,2026,3730205,Health Care,Medical/Dental Instruments
MMI,Marcus & Millichap Inc. Common Stock,$28.95,-0.80,-2.689%,1096365537.00,United States,2013,201073,Finance,Real Estate
MMLP,Martin Midstream Partners L.P. Limited Partnership,$2.18,0.02,0.926%,85291815.00,United States,2002,1540,Energy,Oil Refining/Marketing
MMM,3M Company Common Stock,$169.48,-0.07,-0.041%,87404635233.00,United States,,3800207,Health Care,Medical/Dental Instruments
MMS,Maximus Inc. Common Stock,$52.10,-0.51,-0.969%,2727839452.00,United States,1997,1007616,Consumer Discretionary,Business Services
MMSI,Merit Medical Systems Inc. Common Stock,$87.00,-0.50,-0.571%,5194806540.00,United States,,551197,Health Care,Medical/Dental Instruments
MMT,Aberdeen Multi-Market Income Fund Common Shares of Beneficial Interest,$4.23,-0.08,-1.856%,251889330.00,United States,1987,320876,Finance,Trusts Except Educational Religious and Charitable
MMU,Western Asset Managed Municipals Fund Inc. Common Stock,$8.83,-0.15,-1.67%,0.00,United States,1992,463956,Finance,Investment Managers
MNKD,MannKind Corporation Common Stock,$3.35,0.01,0.299%,1077174021.00,United States,2004,2077534,Health Care,Biotechnology: Pharmaceutical Preparations
MNOV,Medicinova Inc Common Stock,$2.10,-0.48,-18.605%,103364617.00,United States,,1618077,Health Care,Biotechnology: Pharmaceutical Preparations
MNPR,Monopar Therapeutics Inc. Common Stock,$83.72,-1.515,-1.777%,561943040.00,United States,2019,268189,Health Care,Biotechnology: Pharmaceutical Preparations
MNR,Mach Natural Resources LP Common Units representing Limited Partner Interests,$10.32,-0.08,-0.769%,1722904330.00,United States,2023,731931,Energy,Oil & Gas Production
MNRO,Monro Inc. Common Stock,$13.40,-0.34,-2.475%,418938404.00,United States,1991,1172307,Consumer Discretionary,Automotive Aftermarket
MNSB,MainStreet Bancshares Inc. Common Stock,$24.76,-0.07,-0.282%,176317842.00,United States,,16122,Finance,Major Banks
MNSBP,MainStreet Bancshares Inc. Depositary Shares,$24.94,0.175,0.707%,177599635.00,United States,,556,Finance,Major Banks
MNST,Monster Beverage Corporation,$41.86,-1.25,-2.90%,123008983288.00,United States,,14859484,Consumer Staples,Beverages (Production/Distribution)
MNTK,Montauk Renewables Inc. Common Stock,$2.80,-0.13,-4.437%,398555189.00,United States,2021,1155873,Utilities,Natural Gas Distribution
MNTN,MNTN Inc. Class A Common Stock,$10.19,-0.82,-7.448%,762244231.00,United States,2025,1487657,Consumer Discretionary,Advertising
MNTS,Momentus Inc. Class A Common Stock,$4.03,-0.20,-4.728%,88512506.00,United States,2019,553944,Industrials,Military/Government/Technical
MO,Altria Group Inc.,$69.13,0.31,0.45%,115429397604.00,United States,,5973609,Health Care, Medicinal Chemicals and Botanical Products 
MOBI,Mobia Medical Inc. Common Stock,$8.83,-0.23,-2.539%,293960378.00,United States,2026,687796,Health Care,Medical/Dental Instruments
MOBX,Mobix Labs Inc. Class A Common Stock,$0.8642,0.0143,1.683%,15514157.00,United States,2021,511041,Technology,Semiconductors
MOBXW,Mobix Labs Inc Warrants,$0.0883,0.0083,10.375%,1585166.00,United States,2021,39492,Technology,Semiconductors
MOD,Modine Manufacturing Company Common Stock,$175.04,-23.03,-11.627%,9296848408.00,United States,,3136361,Consumer Discretionary,Auto Parts:O.E.M.
MODD,Modular Medical Inc. Common Stock,$2.005,-0.105,-4.976%,16342400.00,United States,,73187,Health Care,Medical/Dental Instruments
MOH,Molina Healthcare Inc Common Stock,$189.64,-1.22,-0.639%,9899208000.00,United States,2003,555888,Health Care,Medical Specialities
MORN,Morningstar Inc. Common Stock,$191.56,-4.42,-2.255%,7186099661.00,United States,2005,215224,Finance,Investment Managers
MOS,Mosaic Company (The) Common Stock,$22.25,-0.76,-3.303%,7073178124.00,United States,,6947550,Industrials,Agricultural Chemicals
MOV,Movado Group Inc. Common Stock,$33.48,-0.64,-1.876%,747013963.00,United States,,202016,Consumer Discretionary,Consumer Specialties
MOVE,Corvex Inc. Common Stock,$11.24,-0.53,-4.503%,354647571.00,United States,2021,92320,Technology,EDP Services
MP,MP Materials Corp. Common Stock,$46.45,-2.38,-4.874%,8272818763.00,United States,2020,5285903,Basic Materials,Metal Mining
MPA,Blackrock MuniYield Pennsylvania Quality Fund Common Stock,$9.70,-0.13,-1.322%,0.00,United States,1992,57919,Finance,Finance Companies
MPAA,Motorcar Parts  of America Inc. Common Stock,$10.53,-0.17,-1.589%,199366670.00,United States,,182340,Consumer Discretionary,Auto Parts:O.E.M.
MPB,Mid Penn Bancorp Common Stock,$36.04,-0.27,-0.744%,913081149.00,United States,,84244,Finance,Major Banks
MPC,Marathon Petroleum Corporation Common Stock,$389.44,-4.08,-1.037%,109364395703.00,United States,,2669661,Energy,Integrated oil Companies
MPLT,MapLight Therapeutics Inc. Common Stock,$10.45,-0.01,-0.096%,676884183.00,United States,2025,251580,Health Care,Biotechnology: Pharmaceutical Preparations
MPLX,MPLX LP Common Units Representing Limited Partner Interests,$57.66,0.86,1.514%,58459066753.00,United States,2012,1679155,Energy,Natural Gas Distribution
MPT,Medical Properties Trust Inc. common stock,$3.50,-0.07,-1.961%,2090200000.00,United States,,8761391,Real Estate,Real Estate Investment Trusts
MPTI,M-tron Industries Inc. Common Stock,$75.44,1.39,1.877%,327898149.00,United States,2022,74189,Technology,Industrial Machinery/Components
MPU,Mega Matrix Inc. Class A Ordinary Shares,$2.77,-0.0105,-0.378%,9476979.00,United States,1998,3653,Consumer Discretionary,Movies/Entertainment
MPV,Barings Participation Investors Common Stock,$15.42,-0.95,-5.803%,163478214.00,United States,1988,22919,Finance,Finance Companies
MPWR,Monolithic Power Systems Inc. Common Stock,$1351.20,-16.23,-1.187%,66402021600.00,United States,2004,660023,Technology,Semiconductors
MQ,Marqeta Inc. Class A Common Stock,$16.89,-0.07,-0.413%,1758229306.00,United States,2021,1282911,Technology,Computer Software: Prepackaged Software
MQY,Blackrock MuniYield Quality Fund Inc. Common Stock,$10.01,-0.15,-1.476%,1489112335.00,United States,1992,1629986,Finance,Investment Bankers/Brokers/Service
MRAM,Everspin Technologies Inc. Common Stock,$18.13,-0.34,-1.841%,441465663.00,United States,2016,812799,Technology,Semiconductors
MRBK,Meridian Corporation Common Stock,$19.11,-0.16,-0.83%,227964107.00,United States,2017,57545,Finance,Major Banks
MRCO,Mercator Acquisition Corp. Class A Ordinary Shares,$9.86,0.00,0.00%,0.00,United States,2026,31,Finance,Blank Checks
MRCOW,Mercator Acquisition Corp. Warrant,$0.31,0.00,0.00%,0.00,United States,2026,1101,Finance,Blank Checks
MRCY,Mercury Systems Inc Common Stock,$80.12,-2.06,-2.507%,4876390510.00,United States,1998,604674,Technology,Electrical Products
MRDN,Meridian Holdings Inc. Common Stock,$12.26,-1.10,-8.234%,155327813.00,United States,,31281,Technology,Computer Software: Prepackaged Software
MRK,Merck & Company Inc. Common Stock (new),$148.69,-0.09,-0.06%,366843750854.00,United States,,7700990,Health Care,Biotechnology: Pharmaceutical Preparations
MRKR,Marker Therapeutics Inc. Common Stock,$1.125,-0.025,-2.174%,18757268.00,United States,,164341,Health Care,Biotechnology: Pharmaceutical Preparations
MRLN,Merlin Inc. Common Stock,$1.75,-0.24,-12.06%,176868622.00,United States,2024,3349350,Technology,EDP Services
MRNA,Moderna Inc. Common Stock,$197.28,-1.60,-0.805%,78761256182.00,United States,2018,13359669,Health Care,Biotechnology: Biological Products (No Diagnostic Substances)
MRP,Millrose Properties Inc. Class A Common Stock,$26.34,-0.85,-3.126%,4373702397.00,United States,2025,2875343,Finance,Real Estate
MRSH,Marsh Common Stock,$169.03,-2.09,-1.221%,80663020630.00,United States,,1919846,Finance,Specialty Insurers
MRTN,Marten Transport Ltd. Common Stock,$12.92,0.05,0.389%,1055068763.00,United States,1986,737584,Industrials,Trucking Freight/Courier Services
MRVI,Maravai LifeSciences Holdings Inc. Class A Common Stock,$7.63,0.03,0.395%,1981309759.00,United States,2020,1942367,Health Care,Biotechnology: Pharmaceutical Preparations
MRVL,Marvell Technology Inc. Common Stock,$251.90,-10.035,-3.831%,220891110000.00,United States,2000,16916480,Technology,Semiconductors
MS,Morgan Stanley Common Stock,$193.64,-2.67,-1.36%,304124456783.00,United States,,4357564,Finance,Investment Bankers/Brokers/Service
MS^A,Morgan Stanley Dep Shs repstg 1/1000 Pfd Ser A,$19.20,0.00,0.00%,,United States,,57797,,
MS^E,Morgan Stanley DEPOSITARY SHARES REP 1/1000TH SHARES FIXED/FLTG PREFERRED STOCK SERIES E,$25.38,-0.04,-0.157%,,United States,,239941,,
MS^F,Morgan Stanley Dep Shs Rpstg 1/1000th Int Prd Ser F Fxd to Flag,$25.17,0.01,0.04%,,United States,,42442,,
MS^I,Morgan Stanley Depository Shares Representing 1/1000th Preferred Series 1 Fixed to Floating Non (Cum),$23.50,-0.05,-0.212%,,United States,,111972,,
MS^K,Morgan Stanley Depositary Shares each representing 1/1000th of a share of Fixed-to-Floating Rate Non-Cumulative Preferred Stock  Series K,$21.57,-0.08,-0.37%,,United States,,119415,,
MS^L,Morgan Stanley Depositary Shares each representing 1/1000th of a share of 4.875% Non-Cumulative Preferred Stock Series L,$18.23,-0.11,-0.60%,,United States,,39161,,
MS^O,Morgan Stanley Depositary Shares each representing 1/1000th of a share of 4.250% Non-Cumulative Preferred Stock Series O,$15.72,0.02,0.127%,,United States,,115703,,
MS^P,Morgan Stanley Depositary Shares each representing 1/1000th of a share of 6.500% Non-Cumulative Preferred Stock Series P,$24.32,-0.19,-0.775%,,United States,,64140,,
MS^Q,Morgan Stanley Depositary Shares each representing 1/1000th of a share of 6.625% Non-Cumulative Preferred Stock Series Q,$24.69,-0.19,-0.764%,,United States,,125698,,
MSA,MSA Safety Incorporated Common Stock,$182.32,-0.14,-0.077%,7033593650.00,United States,2000,192619,Health Care,Industrial Specialties
MSAI,MultiSensor AI Holdings Inc. Common Stock,$4.70,-0.125,-2.591%,10366546.00,United States,2021,3750,Technology,Electronic Components
MSAIW,MultiSensor AI Holdings Inc. Warrant,$0.0244,0.00,0.00%,53818.00,United States,2021,14067,Technology,Electronic Components
MSB,Mesabi Trust Common Stock,$19.96,0.84,4.393%,261875400.00,United States,,204970,Industrials,Precious Metals
MSBI,Midland States Bancorp Inc. Common Stock,$33.17,-0.09,-0.271%,688347555.00,United States,2016,309903,Finance,Major Banks
MSBIP,Midland States Bancorp Inc. Depositary Shares Each Representing a 1/40th Interest in a Share of 7.750% Fixed-Rate Reset Non-Cumulative Perpetual Preferred Stock Series A,$25.30,0.00,0.00%,525028434.00,United States,,1236,Finance,Major Banks
MSCI,MSCI Inc. Common Stock,$542.72,-8.64,-1.567%,39455744000.00,United States,,602036,Consumer Discretionary,Business Services
MSD,Morgan Stanley Emerging Markets Debt Fund Inc. Common Stock,$6.88,-0.12,-1.714%,0.00,United States,1993,56227,Finance,Trusts Except Educational Religious and Charitable
MSDL,Morgan Stanley Direct Lending Fund Common Stock,$14.16,-0.13,-0.91%,0.00,United States,2024,413259,,
MSEX,Middlesex Water Company Common Stock,$52.45,-1.02,-1.908%,988364968.00,United States,,135462,Utilities,Water Supply
MSFT,Microsoft Corporation Common Stock,$509.22,-6.95,-1.346%,3781236274927.00,United States,1986,19627099,Technology,Computer Software: Prepackaged Software
MSGE,Madison Square Garden Entertainment Corp. Class A Common Stock,$81.77,2.68,3.389%,3868148984.00,United States,2023,494489,Consumer Discretionary,Services-Misc. Amusement & Recreation
MSGM,Motorsport Games Inc. Class A Common Stock,$4.42,0.14,3.271%,20282505.00,United States,2021,62010,Technology,Computer Software: Prepackaged Software
MSGS,Madison Square Garden Sports Corp. Class A Common Stock (New),$416.34,13.50,3.351%,10025442636.00,United States,2015,290464,Consumer Discretionary,Services-Misc. Amusement & Recreation
MSI,Motorola Solutions Inc. Common Stock,$452.08,-4.80,-1.051%,74816431679.00,United States,,618304,Technology,Radio And Television Broadcasting And Communications Equipment
MSM,MSC Industrial Direct Company Inc. Common Stock,$122.14,0.92,0.759%,6821066838.00,United States,1995,520347,Industrials,Industrial Machinery/Components
MSN,Emerson Radio Corporation Common Stock,$0.41,-0.021,-4.872%,8627487.00,United States,1994,185282,Consumer Staples,Consumer Electronics/Appliances
MSS,Maison Solutions Inc. Class A Common Stock,$1.66,0.04,2.469%,1419863.00,United States,2023,240866,Consumer Staples,Food Chains
MSTR,Strategy Inc Common Stock Class A,$157.14,-1.47,-0.927%,66076899051.00,United States,1998,16368979,Technology,Computer Software: Prepackaged Software
MTAK,Market Technology Acquisition Corp Class A Ordinary Shares,$9.85,0.00,0.00%,0.00,United States,2026,134196,,
MTAKU,Market Technology Acquisition Corp Unit,$9.92,-0.01,-0.101%,0.00,United States,2026,3161,Finance,Blank Checks
MTAKW,Market Technology Acquisition Corp Warrants,$0.18,0.00,0.00%,0.00,United States,2026,11,,
MTB,M&T Bank Corporation Common Stock,$220.44,-0.75,-0.339%,31835120795.00,United States,,809916,Finance,Major Banks
MTB^H,M&T Bank Corporation Perpetual Fixed-to-Floating Rate Non-Cumulative Preferred Stock Series H,$25.06,0.08,0.32%,,United States,,36399,,
MTB^J,M&T Bank Corporation Depositary Shares each representing a 1/400th ownership interest in a share of Perpetual 7.500% Non-Cumulative Preferred Stock Series J,$25.23,-0.15,-0.591%,,United States,,96159,,
MTB^K,M&T Bank Corporation Depositary Shares each representing a 1/400th interest in a share of Perpetual 6.350% Non-Cumulative Preferred Stock Series K,$22.56,-0.14,-0.617%,,United States,,33530,,
MTB^L,M&T Bank Corporation Depositary Shares each representing a 1/400th ownership interest in a share of Perpetual 6.625% Non-Cumulative Preferred Stock Series L,$23.50,-0.21,-0.886%,,United States,,90773,,
MTCH,Match Group Inc. Common Stock,$39.51,-1.04,-2.565%,9069559417.00,United States,,2880273,Technology,Computer Software: Programming Data Processing
MTDR,Matador Resources Company Common Stock,$51.45,-0.10,-0.194%,6367154413.00,United States,2012,1617394,Energy,Oil & Gas Production
MTEX,Mannatech Incorporated Common Stock,$7.83,0.13,1.688%,15109316.00,United States,,49116,Health Care, Medicinal Chemicals and Botanical Products 
MTG,MGIC Investment Corporation Common Stock,$28.35,-0.13,-0.456%,5815289214.00,United States,1991,2052262,Finance,Property-Casualty Insurers
MTH,Meritage Homes Corporation Common Stock,$65.00,0.02,0.031%,4236316045.00,United States,,835834,Consumer Discretionary,Homebuilding
MTN,Vail Resorts Inc. Common Stock,$138.09,1.98,1.455%,4920633605.00,United States,1997,1632386,Consumer Discretionary,Services-Misc. Amusement & Recreation
MTNB,Matinas Biopharma Holdings Inc. Common Stock,$2.53,0.13,5.417%,2478186.00,United States,2017,118122,Health Care,Biotechnology: Pharmaceutical Preparations
MTR,Mesa Royalty Trust Common Stock,$2.40,-0.03,-1.235%,4472616.00,United States,,5933,Energy,Oil & Gas Production
MTRN,Materion Corporation,$261.99,-2.97,-1.121%,5458227613.00,United States,,245862,Industrials,Industrial Specialties
MTRX,Matrix Service Company Common Stock,$9.63,-0.11,-1.129%,272451199.00,United States,1990,534335,Consumer Discretionary,Engineering & Construction
MTSI,MACOM Technology Solutions Holdings Inc. Common Stock,$278.56,-7.01,-2.455%,21273886539.00,United States,2012,1067527,Technology,Semiconductors
MTUS,Metallus Inc. Common Shares,$18.97,0.13,0.69%,786292917.00,United States,2014,381481,Industrials,Steel/Iron Ore
MTVA,MetaVia Inc. Common Stock,$1.67,0.01,0.602%,11002129.00,United States,2016,134999,Health Care,Biotechnology: Pharmaceutical Preparations
MTW,Manitowoc Company Inc. (The) Common Stock,$22.17,0.03,0.136%,799493853.00,United States,,445541,Industrials,Construction/Ag Equipment/Trucks
MTX,Minerals Technologies Inc. Common Stock,$66.86,-0.12,-0.179%,2081269027.00,United States,1992,148047,Basic Materials,Major Chemicals
MTZ,MasTec Inc. Common Stock,$204.09,-8.76,-4.116%,16389436837.00,United States,,1759857,Industrials,Water Sewer Pipeline Comm & Power Line Construction
MU,Micron Technology Inc. Common Stock,$1053.98,-28.30,-2.615%,1190357793291.00,United States,,22227439,Technology,Semiconductors
MUA,Blackrock MuniAssets Fund Inc Common Stock,$9.32,-0.23,-2.408%,1386466230.00,United States,1993,878966,Finance,Investment Bankers/Brokers/Service
MUC,Blackrock MuniHoldings California Quality Fund Inc.  Common Stock,$9.67,-0.15,-1.527%,1438533095.00,United States,1998,867925,Finance,Investment Bankers/Brokers/Service
MUJ,Blackrock MuniHoldings New Jersey Quality Fund Inc. Common Stock,$11.14,-0.15,-1.329%,1657213927.00,United States,1998,355679,Finance,Investment Bankers/Brokers/Service
MUR,Murphy Oil Corporation Common Stock,$36.65,0.32,0.881%,5254918231.00,United States,,1501222,Energy,Oil & Gas Production
MUSA,Murphy USA Inc. Common Stock,$520.12,8.58,1.677%,9559986082.00,United States,2013,211238,Consumer Discretionary,Retail-Auto Dealers and Gas Stations
MUZE,Muzero Acquisition Corp Class A Ordinary Shares,$10.00,0.00,0.00%,0.00,United States,2026,19,Finance,Blank Checks
MVBF,MVB Financial Corp. Common Stock,$29.67,-0.45,-1.494%,384745933.00,United States,,39781,Finance,Major Banks
MVIS,MicroVision Inc. Common Stock,$1.46,-0.14,-8.75%,44019039.00,United States,1996,1109219,Technology,Industrial Machinery/Components
MVST,Microvast Holdings Inc. Common Stock,$0.6461,-0.042,-6.104%,248447731.00,United States,2019,2656874,Miscellaneous,Industrial Machinery/Components
MWA,MUELLER WATER PRODUCTS Common Stock,$21.64,0.01,0.046%,3378559694.00,United States,2006,1351817,Industrials,Metal Fabrications
MWH,SOLV Energy Inc. Class A Common Stock,$23.81,-1.39,-5.516%,4818827851.00,United States,2026,1336738,Industrials,Military/Government/Technical
MWYN,Marwynn Holdings Inc. Common stock,$1.075,0.1097,11.364%,21709414.00,United States,2025,18217,Consumer Discretionary,Food Distributors
MXC,Mexco Energy Corporation Common Stock,$9.97,-0.34,-3.298%,20398620.00,United States,2003,5222,Energy,Oil & Gas Production
MXCT,MaxCyte Inc. Common Stock,$1.16,-0.01,-0.855%,119719199.00,United States,2021,284735,Health Care,Biotechnology: Commercial Physical & Biological Resarch
MXE,Mexico Equity and Income Fund Inc. (The) Common Stock,$12.90,-0.10,-0.769%,0.00,United States,,17496,Finance,Finance Companies
MXF,Mexico Fund Inc. (The) Common Stock,$20.70,-0.01,-0.048%,0.00,United States,,23713,Finance,Trusts Except Educational Religious and Charitable
MXL,MaxLinear Inc. Common Stock,$90.00,-3.84,-4.092%,8162387190.00,United States,2010,3305572,Technology,Semiconductors
MYE,Myers Industries Inc. Common Stock,$31.48,0.12,0.383%,1184216844.00,United States,1983,268161,Industrials,Plastic Products
MYFW,First Western Financial Inc. Common Stock,$30.52,-0.01,-0.033%,298031737.00,United States,2018,27479,Finance,Major Banks
MYGN,Myriad Genetics Inc. Common Stock,$4.24,0.07,1.679%,405554495.00,United States,1995,1181408,Health Care,Biotechnology: In Vitro & In Vivo Diagnostic Substances
MYI,Blackrock MuniYield Quality Fund III Inc Common Stock,$9.58,-0.20,-2.045%,1425144472.00,United States,,1282740,Finance,Investment Bankers/Brokers/Service
MYN,Blackrock MuniYield New York Quality Fund Inc.Common Stock,$8.77,-0.16,-1.792%,0.00,United States,1992,501451,Finance,Finance Companies
MYO,Myomo Inc. Common Stock,$1.56,-0.05,-3.106%,61788252.00,United States,2017,278734,Health Care,Industrial Specialties
MYPS,PLAYSTUDIOS Inc.  Class A Common Stock,$0.4603,-0.016,-3.359%,55291872.00,United States,2020,289409,Technology,Computer Software: Prepackaged Software
MYRG,MYR Group Inc. Common Stock,$285.93,-6.65,-2.273%,4451715653.00,United States,2008,222933,Industrials,Water Sewer Pipeline Comm & Power Line Construction
MYSE,Myseum.AI Inc. Common Stock,$1.85,-0.01,-0.538%,9613396.00,United States,2021,25506,Telecommunications,Telecommunications Equipment
MYX,Maywood Acquisition Corp. 2 Class A Ordinary Share,$10.04,0.00,0.00%,0.00,United States,2026,14,Finance,Blank Checks
MYXXR,Maywood Acquisition Corp. 2 Rights,$0.207,0.00,0.00%,0.00,United States,2026,2,Finance,Blank Checks
MZTI,The Marzetti Company Common Stock,$101.10,0.63,0.627%,2759120100.00,United States,,327990,Consumer Staples,Packaged Foods
NABL,N-able Inc. Common Stock,$4.05,0.05,1.25%,765069503.00,United States,2021,1963070,Technology,Computer Software: Prepackaged Software
NAC,Nuveen California Quality Municipal Income Fund,$10.27,-0.26,-2.469%,0.00,United States,1999,1216170,Finance,Investment Managers
NAD,Nuveen Quality Municipal Income Fund Common Stock,$9.87,-0.23,-2.277%,0.00,United States,1999,4009713,Finance,Investment Managers
NAGE,Niagen Bioscience Inc. Common Stock,$2.98,-0.07,-2.295%,235795486.00,United States,,411447,Health Care, Medicinal Chemicals and Botanical Products 
NAII,Natural Alternatives International Inc. Common Stock,$1.70,-0.05,-2.857%,10667889.00,United States,,13051,Health Care, Medicinal Chemicals and Botanical Products 
NAKA,Nakamoto Inc. Common Stock,$9.72,-0.27,-2.703%,173938846.00,United States,2024,132993,Health Care,Medical/Nursing Services
NAN,Nuveen New York Quality Municipal Income Fund Common Stock,$9.78,-0.21,-2.102%,2956648524.00,United States,1999,245918,Finance,Investment Managers
NATH,Nathan's Famous Inc. Common Stock,$101.48,-0.07,-0.069%,415830638.00,United States,1993,13951,Consumer Discretionary,Restaurants
NATL,NCR Atleos Corporation Common Stock,$45.75,-0.33,-0.716%,3380784731.00,United States,2023,1481606,Miscellaneous,Office Equipment/Supplies/Services
NATR,Nature's Sunshine Products Inc. Common Stock,$12.83,-0.09,-0.697%,225750522.00,United States,,101367,Health Care,Biotechnology: Pharmaceutical Preparations
NAUT,Nautilus Biotechnology Inc. Common Stock,$1.11,0.1473,15.301%,141253298.00,United States,2020,4102538,Industrials,Biotechnology: Laboratory Analytical Instruments
NAVI,Navient Corporation Common Stock,$8.86,-0.26,-2.851%,830924716.00,United States,,1150712,Finance,Investment Bankers/Brokers/Service
NAVN,Navan Inc. Class A Common Stock,$19.98,0.565,2.91%,5203001650.00,United States,2025,3946403,Technology,Computer Software: Prepackaged Software
NAZ,Nuveen Arizona Quality Municipal Income Fund Common Stock,$10.39,-0.59,-5.373%,0.00,United States,1992,216741,Finance,Finance/Investors Services
NB,NioCorp Developments Ltd. Common Stock,$3.47,-0.07,-1.977%,506098216.00,United States,,2828791,Basic Materials,Metal Mining
NBB,Nuveen Taxable Municipal Income Fund Common Shares of Beneficial Interest,$14.05,-0.11,-0.777%,0.00,United States,2010,91231,Finance,Finance Companies
NBBK,NB Bancorp Inc. Common Stock,$22.56,-0.04,-0.177%,988545134.00,United States,2023,287542,Finance,Banks
NBH,Neuberger Municipal Fund Inc. Common Stock,$9.13,-0.09,-0.976%,0.00,United States,2002,257728,Finance,Finance/Investors Services
NBHC,National Bank Holdings Corporation Common Stock,$39.64,-0.53,-1.319%,1765547643.00,United States,2012,412657,Finance,Major Banks
NBIX,Neurocrine Biosciences Inc. Common Stock,$140.44,2.04,1.474%,14275610980.00,United States,1996,1432550,Health Care,Biotechnology: Biological Products (No Diagnostic Substances)
NBN,Northeast Bank Common Stock,$126.26,-3.98,-3.056%,1026493800.00,United States,,132891,Finance,Major Banks
NBTB,NBT Bancorp Inc. Common Stock,$50.82,-0.75,-1.454%,2640610300.00,United States,,459419,Finance,Major Banks
NBXG,Neuberger Next Generation Connectivity Fund Inc. Common Stock,$15.33,-0.28,-1.794%,0.00,United States,2021,113963,Finance,Trusts Except Educational Religious and Charitable
NC,NACCO Industries Inc. Common Stock,$37.78,0.11,0.292%,285114137.00,United States,,16903,Energy,Coal Mining
NCA,Nuveen California Municipal Value Fund,$8.29,-0.06,-0.719%,0.00,United States,,102568,Finance,Investment Managers
NCDL,Nuveen Churchill Direct Lending Corp. Common Stock,$11.64,-0.06,-0.513%,574865437.00,United States,2024,178237,,
NCLH,Norwegian Cruise Line Holdings Ltd. Ordinary Shares,$14.31,-0.30,-2.053%,6570978076.00,United States,,23498172,Consumer Discretionary,Marine Transportation
NCMI,National CineMedia Inc. Common Stock,$2.21,-0.05,-2.212%,207895679.00,United States,2007,1790971,Consumer Discretionary,Advertising
NCNO,nCino Inc. Common Stock,$18.60,-0.81,-4.173%,1966692836.00,United States,2020,1954332,Technology,Computer Software: Prepackaged Software
NCO,Southern Cross Acquisition I Corp. Ordinary Shares,$9.92,0.01,0.101%,0.00,United States,2026,4107,,
NCPL,Netcapital Inc. Common Stock,$1.08,-0.28,-20.588%,8475731.00,United States,,2932852,Finance,Finance: Consumer Services
NCV,Virtus Convertible & Income Fund Common Shares of Beneficial Interest,$15.07,-0.29,-1.888%,1361929685.00,United States,2003,132459,Finance,Finance Companies
NCV^A,Virtus Convertible & Income Fund 5.625% Series A Cumulative Preferred Shares,$19.10,-0.20,-1.036%,,United States,,7270,,
NCZ,Virtus Convertible & Income Fund II Common Shares of Beneficial Interest,$13.91,-0.46,-3.201%,1058770069.00,United States,2003,91784,Finance,Finance Companies
NCZ^A,Virtus Convertible & Income Fund II 5.50% Series A Cumulative Preferred Shares,$18.50,-0.165,-0.884%,,United States,,8434,,
NDAQ,Nasdaq Inc. Common Stock,$92.62,-0.93,-0.994%,51772484195.00,United States,,4172701,Finance,Investment Bankers/Brokers/Service
NDLS,Noodles & Company Class A Common Stock,$13.45,0.84,6.661%,80251577.00,United States,2013,56389,Consumer Discretionary,Restaurants
NDRA,ENDRA Life Sciences Inc. Common Stock,$5.80,-0.24,-3.974%,8699060.00,United States,2017,25815,Health Care,Biotechnology: Electromedical & Electrotherapeutic Apparatus
NDSN,Nordson Corporation Common Stock,$331.32,5.55,1.704%,18454313943.00,United States,,370866,Industrials,Industrial Machinery/Components
NE,Noble Corporation plc A Ordinary Shares,$42.61,-0.21,-0.49%,6802354909.00,United States,2022,1075108,Energy,Oil & Gas Production
NEA,Nuveen AMT-Free Quality Municipal Income Fund Common Shares of Beneficial Interest Par Value $.01,$9.72,-0.28,-2.80%,0.00,United States,2002,4273166,Finance,Finance/Investors Services
NECB,NorthEast Community Bancorp Inc. Common Stock,$26.63,-0.14,-0.523%,366590151.00,United States,2021,37657,Finance,Banks
NEE,NextEra Energy Inc. Common Stock,$75.49,-0.59,-0.775%,157470494997.00,United States,,13927603,Utilities,Electric Utilities: Central
NEE^N,NextEra Energy Capital Holdings Inc. Series N Junior Subordinated Debentures due March 1 2079,$19.21,-0.22,-1.132%,,United States,,114839,,
NEE^S,NextEra Energy Inc. 7.299% Corporate Units,$48.62,-0.18,-0.369%,,United States,,17173,,
NEE^T,NextEra Energy Inc. 7.234% Corporate Units,$45.33,-0.17,-0.374%,,United States,,621021,,
NEE^U,NextEra Energy Inc. Series U Junior Subordinated Debentures due June 1 2085,$22.47,-0.07,-0.311%,,United States,,106870,,
NEE^V,NextEra Energy Inc. 7.375% Corporate Units,$43.00,-0.09,-0.209%,,United States,,488760,,
NEE^W,NextEra Energy Capital Holdings Inc. Series Z Junior Subordinated Debentures due April 15 2086,$22.52,-0.025,-0.111%,,United States,,98133,,
NEM,Newmont Corporation,$116.05,-5.38,-4.431%,122280988050.00,United States,,6872916,Basic Materials,Precious Metals
NEN,New England Realty Associates Limited Partnership Class A Depositary Receipts Evidencing Units of Limited Partnership,$50.00,-1.005,-1.97%,138712700.00,United States,,1046,Real Estate,Building operators
NEO,NeoGenomics Inc. Common Stock,$19.29,-0.04,-0.207%,2478291238.00,United States,,1299347,Health Care,Precision Instruments
NEOG,Neogen Corporation Common Stock,$13.72,-0.04,-0.291%,2992414389.00,United States,1989,7572605,Health Care,Biotechnology: In Vitro & In Vivo Diagnostic Substances
NEOV,NeoVolta Inc. Common Stock,$2.28,0.09,4.11%,134550203.00,United States,,1427220,Miscellaneous,Industrial Machinery/Components
NEOVW,NeoVolta Inc. Warrant,$0.84,0.025,3.067%,49571127.00,United States,,13373,Miscellaneous,Industrial Machinery/Components
NEPH,Nephros Inc. Common Stock,$4.03,-0.20,-4.728%,43766284.00,United States,,53559,Health Care,Medical/Dental Instruments
NERV,Minerva Neurosciences Inc Common Stock,$3.40,0.00,0.00%,162341701.00,United States,2014,62260,Health Care,Biotechnology: Pharmaceutical Preparations
NESR,National Energy Services Reunited Corp Ordinary Shares,$29.81,-2.32,-7.221%,3006390787.00,United States,,2352849,Energy,Oilfield Services/Equipment
NET,Cloudflare Inc. Class A Common Stock,$353.99,4.97,1.424%,126048658313.00,United States,2019,2826389,Technology,Computer Software: Prepackaged Software
NEU,NewMarket Corp Common Stock,$912.44,14.40,1.603%,8391168691.00,United States,,112351,Industrials,Major Chemicals
NEUP,Neuphoria Therapeutics Inc. Common Stock,$3.65,0.00,0.00%,19751369.00,United States,2021,2888,Health Care,Biotechnology: Pharmaceutical Preparations
NEWT,NewtekOne Inc. Common Stock,$11.19,-0.07,-0.622%,323220140.00,United States,,212436,Finance,Major Banks
NEWTG,NewtekOne Inc. 8.50% Fixed Rate Senior Notes due 2029,$25.0799,-0.1501,-0.595%,660149416.00,United States,,1102,Finance,Major Banks
NEWTH,NewtekOne Inc. 8.625% Fixed Rate Senior Notes due 2029,$25.03,-0.105,-0.418%,0.00,United States,,11619,Finance,Major Banks
NEWTI,NewtekOne Inc. 8.00% Fixed Rate Senior Notes due 2028,$25.05,-0.10,-0.398%,659362393.00,United States,,243,Finance,Major Banks
NEWTO,NewtekOne Inc. 8.50% Fixed Rate Senior Notes due 2031,$25.995,0.00,0.00%,0.00,United States,,5,Finance,Major Banks
NEWTP,NewtekOne Inc. Depositary Shares Non-Cumulative Perpetual Preferred Stock Series B,$24.385,0.155,0.64%,704354165.00,United States,,2751,Finance,Major Banks
NEXT,NextDecade Corporation Common Stock,$6.56,0.00,0.00%,1746176440.00,United States,2015,2455923,Utilities,Oil & Gas Production
NFE,New Fortress Energy Inc. Class A Common Stock,$6.48,-0.34,-4.985%,105764065.00,United States,2019,322687,Utilities,Oil/Gas Transmission
NFEGP,New Fortress Energy Inc. Series A Mandatorily Convertible Preferred Stock,$400.00,-40.00,-9.091%,6528646000.00,United States,,7105,Utilities,Oil/Gas Transmission
NFG,National Fuel Gas Company Common Stock,$77.76,-1.23,-1.557%,7390706898.00,United States,,764080,Utilities,Oil/Gas Transmission
NFJ,Virtus Dividend Interest & Premium Strategy Fund Common Shares of Beneficial Interest,$15.14,0.00,0.00%,0.00,United States,2005,376960,Finance,Finance: Consumer Services
NFLX,Netflix Inc. Common Stock,$69.23,-1.915,-2.692%,288269543769.00,United States,2002,43366608,Consumer Discretionary,Consumer Electronics/Video Chains
NGL,NGL ENERGY PARTNERS LP Common Units representing Limited Partner Interests,$14.88,-0.22,-1.457%,1857236620.00,United States,2011,94740,Utilities,Natural Gas Distribution
NGL^B,NGL ENERGY PARTNERS LP 9.00% Class B Fixed-to-Floating Rate Cumulative Redeemable Perpetual Preferred Units representing limited partnership interests,$25.9061,-0.0032,-0.012%,,United States,,16575,,
NGL^C,NGL ENERGY PARTNERS LP 9.625% Class C Fixed-to-Floating Rate Cumulative  Redeemable Perpetual Preferred Units representing  limited partner interests,$25.9901,0.1401,0.542%,,United States,,1260,,
NGS,Natural Gas Services Group Inc. Common Stock,$32.75,-0.05,-0.152%,422418834.00,United States,2002,78718,Energy,Oilfield Services/Equipment
NGVC,Natural Grocers by Vitamin Cottage Inc. Common Stock,$30.70,0.99,3.332%,707515731.00,United States,2012,202038,Consumer Staples,Food Chains
NGVT,Ingevity Corporation Common Stock ,$72.74,-0.26,-0.356%,2500650046.00,United States,2016,230643,Industrials,Major Chemicals
NHC,National HealthCare Corporation Common Stock,$225.97,-1.39,-0.611%,3539005428.00,United States,1986,92715,Health Care,Hospital/Nursing Management
NHI,National Health Investors Inc. Common Stock,$66.84,-0.08,-0.12%,3282541409.00,United States,,269496,Real Estate,Real Estate Investment Trusts
NHIV,NewHold Investment Corp IV Class A Ordinary Shares,$10.05,0.00,0.00%,0.00,United States,2026,12,Finance,Blank Checks
NHP,National Healthcare Properties Inc. Class A Common Stock,$16.12,0.09,0.561%,1175226601.00,United States,,696276,Real Estate,Real Estate Investment Trusts
NHPBP,National Healthcare Properties Inc. 7.125% Series B Cumulative Redeemable Perpetual Preferred Stock,$25.42,0.0099,0.039%,1853241948.00,United States,,20036,Real Estate,Real Estate Investment Trusts
NHS,Neuberger High Yield Strategies Fund Inc. Common Stock,$5.40,-0.07,-1.28%,0.00,United States,,383243,Finance,Trusts Except Educational Religious and Charitable
NHTC,Natural Health Trends Corp. Common Stock,$0.99,0.0892,9.902%,8492070.00,United States,,539427,Consumer Discretionary,Consumer Specialties
NI,NiSource Inc Common Stock,$39.10,-0.32,-0.812%,18750799910.00,United States,,6001634,Utilities,Power Generation
NIC,Nicolet Bankshares Inc. Common Stock,$166.75,-1.65,-0.98%,3494665293.00,United States,2022,139687,Finance,Major Banks
NIE,Virtus Equity & Convertible Income Fund Common Shares of Beneficial Interest,$25.05,-0.05,-0.199%,694109573.00,United States,2007,90222,Finance,Investment Managers
NIM,Nuveen Select Maturities Municipal Fund Common Stock,$8.65,-0.17,-1.927%,0.00,United States,1992,29297,Finance,Trusts Except Educational Religious and Charitable
NIO,NIO Inc. American depositary shares each  representing one Class A ordinary share,$3.59,0.01,0.279%,8995344609.00,United States,2018,24066371,Industrials,Auto Manufacturing
NIOBW,NioCorp Developments Ltd. Warrant,$0.7201,-0.0299,-3.987%,105026319.00,United States,,1072,Basic Materials,Metal Mining
NIQ,NIQ Global Intelligence plc Ordinary Shares,$17.58,-0.25,-1.402%,5185324089.00,United States,2025,824854,Technology,Computer Software: Programming Data Processing
NIXX,Nixxy Inc. Common Stock,$0.3161,-0.026,-7.60%,9138084.00,United States,,433462,Technology,EDP Services
NJR,NewJersey Resources Corporation Common Stock,$50.40,-0.21,-0.415%,5113984478.00,United States,,771937,Utilities,Oil/Gas Transmission
NKE,Nike Inc. Common Stock,$36.39,0.64,1.79%,53984517802.00,United States,,34518651,Consumer Discretionary,Shoe Manufacturing
NKSH,National Bankshares Inc. Common Stock,$42.56,0.19,0.448%,271133587.00,United States,,33209,Finance,Major Banks
NKTR,Nektar Therapeutics  Common Stock,$60.40,3.34,5.853%,2062236838.00,United States,,1376313,Health Care,Biotechnology: Pharmaceutical Preparations
NKTX,Nkarta Inc. Common Stock,$2.67,-0.08,-2.909%,191238192.00,United States,2020,810751,Health Care,Biotechnology: Pharmaceutical Preparations
NKX,Nuveen California AMT-Free Quality Municipal Income Fund,$10.64,-0.19,-1.754%,0.00,United States,2002,305495,Finance,Finance/Investors Services
NL,NLI Holdings Inc. Common Stock,$7.00,-0.02,-0.285%,342291138.00,United States,,18291,Basic Materials,Major Chemicals
NLOP,Net Lease Office Properties Common Shares of Beneficial Interest,$10.00,0.07,0.705%,148140750.00,United States,2023,248829,Real Estate,Real Estate Investment Trusts
NLY,Annaly Capital Management Inc. Common Stock,$20.35,-0.26,-1.262%,15338088895.00,United States,,12365878,Real Estate,Real Estate Investment Trusts
NLY^F,Annaly Capital Management Inc 6.95% Series F,$25.25,-0.02,-0.079%,,United States,,173843,,
NLY^G,Annaly Capital Management Inc 6.50% Series G Fixed-to-Floating Rate Cumulative Redeemable Preferred Stock,$25.12,0.00,0.00%,,United States,,31933,,
NLY^I,Annaly Capital Management Inc 6.750% Series I Fixed-to-Floating Rate Cumulative Redeemable Preferred Stock,$24.97,0.01,0.04%,,United States,,349795,,
NLY^J,Annaly Capital Management Inc. 8.875% Series J Fixed-Rate Cumulative Redeemable Preferred Stock,$25.43,-0.10,-0.392%,,United States,,32617,,
NMAD,Nomad Power Solutions Inc. Common Stock,$3.60,0.02,0.559%,57963845.00,United States,,106997,Health Care,Biotechnology: Pharmaceutical Preparations
NMAI,Nuveen Multi-Asset Income Fund Common Shares of Beneficial Interest,$14.00,-0.09,-0.639%,0.00,United States,2021,64519,Finance,Investment Managers
NMAX,Newsmax Inc. Class B Common Stock,$10.90,0.03,0.276%,1407851031.00,United States,2025,558477,Industrials,Broadcasting
NMFC,New Mountain Finance Corporation Common Stock,$6.97,-0.01,-0.143%,658333158.00,United States,,351000,Finance,Finance/Investors Services
NMFCZ,New Mountain Finance Corporation 8.250% Notes due 2028,$25.31,-0.09,-0.354%,2691995923.00,United States,,591,,
NMI,Nuveen Municipal Income Fund Inc. Common Stock,$9.71,-0.01,-0.103%,0.00,United States,1988,48700,Finance,Trusts Except Educational Religious and Charitable
NMIH,NMI Holdings Inc. Common Stock,$40.97,-0.26,-0.631%,3081675355.00,United States,2013,600417,Finance,Property-Casualty Insurers
NML,Neuberger Energy Infrastructure and Income Fund Inc. Common Stock,$10.14,-0.09,-0.88%,0.00,United States,2013,86418,Finance,Finance/Investors Services
NMP,NMP Acquisition Corp. Class A Ordinary Shares,$10.38,0.01,0.096%,0.00,United States,2025,3111,Finance,Blank Checks
NMPAR,NMP Acquisition Corp. Right,$0.2499,0.0165,7.069%,0.00,United States,2025,401,Finance,Blank Checks
NMRA,Neumora Therapeutics Inc. Common Stock,$0.6918,0.0142,2.096%,129986392.00,United States,2023,3410744,Health Care,Biotechnology: Biological Products (No Diagnostic Substances)
NMRK,Newmark Group Inc. Class A Common Stock,$12.49,-0.57,-4.364%,2263545551.00,United States,2017,2155576,Finance,Real Estate
NMS,Nuveen Minnesota Quality Municipal Income Fund ,$9.74,-0.17,-1.715%,0.00,United States,2014,44033,Finance,Finance Companies
NMT,Nuveen Massachusetts Quality Municipal Income Fund Common Stock,$10.23,-0.14,-1.35%,0.00,United States,,62715,Finance,Finance/Investors Services
NMTC,NeuroOne Medical Technologies Corporation Common Stock,$1.30,-0.03,-2.256%,11837492.00,United States,,30195,Health Care,Medical/Dental Instruments
NMZ,Nuveen Municipal High Income Opportunity Fund Common Stock $0.01 par value per share,$8.77,-0.25,-2.772%,0.00,United States,2003,2200427,Finance,Finance/Investors Services
NN,NextNav Inc. Common Stock,$14.24,-0.14,-0.974%,2403853118.00,United States,,1834965,Industrials,Industrial Machinery/Components
NNBR,NN Inc. Common Stock,$3.72,0.05,1.362%,307200814.00,United States,1994,1616983,Industrials,Industrial Machinery/Components
NNE,Nano Nuclear Energy Inc. Common Stock,$16.16,-0.83,-4.885%,867762039.00,United States,2024,1443137,Utilities,Electric Utilities: Central
NNI,Nelnet Inc. Common Stock,$124.05,-0.29,-0.233%,4438439284.00,United States,2003,127422,Finance,Finance: Consumer Services
NNN,NNN REIT Inc. Common Stock,$41.40,0.10,0.242%,7945959960.00,United States,,3605545,Real Estate,Real Estate Investment Trusts
NNVC,NanoViricides Inc. Common Stock,$1.50,0.06,4.167%,38291030.00,United States,,638609,Health Care,Biotechnology: Pharmaceutical Preparations
NNY,Nuveen New York Municipal Value Fund Common Stock,$7.63,-0.14,-1.802%,0.00,United States,1988,129097,Finance,Investment Managers
NOC,Northrop Grumman Corporation Common Stock,$505.80,-4.72,-0.925%,71855478551.00,United States,,557527,Industrials,Industrial Machinery/Components
NODK,NI Holdings Inc. Common Stock,$14.91,0.11,0.743%,304234420.00,United States,2017,30542,Finance,Property-Casualty Insurers
NOEM,CO2 Energy Transition Corp. Common Stock,$10.58,0.00,0.00%,0.00,United States,2025,16,,
NOEMR,CO2 Energy Transition Corp. Right,$0.176,0.00,0.00%,0.00,United States,2025,3,,
NOEMW,CO2 Energy Transition Corp. Warrant,$0.115,-0.0067,-5.505%,0.00,United States,2025,242,,
NOG,Northern Oil and Gas Inc. Common Stock,$23.21,-0.08,-0.343%,2473005261.00,United States,2022,3586260,Energy,Oil & Gas Production
NOMA,NOMADAR Corp. Class A Common Stock,$1.645,0.105,6.818%,25141405.00,United States,,23040,Consumer Discretionary,Services-Misc. Amusement & Recreation
NOV,NOV Inc. Common Stock,$19.50,-0.36,-1.813%,6951323438.00,United States,,4070985,Consumer Discretionary,Oil and Gas Field Machinery
NOVT,Novanta Inc. Common Stock,$142.08,-1.85,-1.285%,5373148762.00,United States,,299164,Miscellaneous,Industrial Machinery/Components
NOVTU,Novanta Inc. Tangible Equity Units,$60.49,-0.46,-0.755%,2287596907.00,United States,,102422,Miscellaneous,Industrial Machinery/Components
NOW,ServiceNow Inc. Common Stock,$131.45,-4.17,-3.075%,135919300000.00,United States,2012,11935980,Technology,Computer Software: Prepackaged Software
NPAC,New Providence Acquisition Corp. III Class A Ordinary Shares,$10.49,0.00,0.00%,0.00,United States,2025,289,Finance,Blank Checks
NPACU,New Providence Acquisition Corp. III Units,$10.51,0.01,0.095%,0.00,United States,2025,3680,Finance,Blank Checks
NPB,Northpointe Bancshares Inc. Common Stock,$15.11,-0.26,-1.692%,522531633.00,United States,2025,206346,Finance,Major Banks
NPCE,Neuropace Inc. Common Stock,$14.15,0.09,0.64%,485688477.00,United States,2021,134560,Health Care,Medical/Dental Instruments
NPCT,Nuveen Core Plus Impact Fund Common Shares of Beneficial Interest,$9.17,-0.20,-2.134%,0.00,United States,2021,109775,Finance,Investment Managers
NPFD,Nuveen Variable Rate Preferred & Income Fund Common Shares,$17.21,-0.07,-0.405%,0.00,United States,2021,86317,Finance,Trusts Except Educational Religious and Charitable
NPK,National Presto Industries Inc. Common Stock,$146.28,1.62,1.12%,1043863881.00,United States,,105857,Industrials,Ordnance And Accessories
NPKI,NPK International Inc. Common Stock,$11.58,-0.14,-1.195%,983256573.00,United States,,631595,Industrials,Misc Corporate Leasing Services
NPO,Enpro Inc. Common Stock,$307.44,-3.99,-1.281%,6507791847.00,United States,,166462,Industrials,Metal Fabrications
NPV,Nuveen Virginia Quality Municipal Income Fund Common Stock,$9.21,-0.28,-2.95%,0.00,United States,1993,100110,Finance,Investment Managers
NPWR,NET Power Inc. Class A Common Stock,$1.56,-0.07,-4.294%,350779355.00,United States,2021,387319,Energy,Industrial Machinery/Components
NRC,NRC Health Common Stock,$20.06,0.49,2.504%,443718494.00,United States,,83326,Health Care,Biotechnology: Commercial Physical & Biological Resarch
NRDS,NerdWallet Inc. Class A Common Stock,$8.52,0.02,0.235%,544625442.00,United States,2021,718900,Technology,EDP Services
NRDY,Nerdy Inc. Class A Common Stock,$8.49,-0.18,-2.076%,108451201.00,United States,2020,14186,Real Estate,Other Consumer Services
NREF,NexPoint Real Estate Finance Inc. Common Stock,$15.46,-0.31,-1.966%,291390528.00,United States,2020,72237,Real Estate,Real Estate Investment Trusts
NREF^A,NexPoint Real Estate Finance Inc. 8.50% Series A Cumulative Redeemable Preferred Stock,$25.31,0.105,0.417%,,United States,,2997,,
NRG,NRG Energy Inc. Common Stock,$97.00,-3.37,-3.358%,20390416851.00,United States,,2853633,Utilities,Electric Utilities: Central
NRGV,Energy Vault Holdings Inc. Common Stock,$4.05,-0.35,-7.955%,736450259.00,United States,2021,4134095,Miscellaneous,Industrial Machinery/Components
NRIM,Northrim BanCorp Inc Common Stock,$24.52,-0.46,-1.841%,545441662.00,United States,,100865,Finance,Savings Institutions
NRIX,Nurix Therapeutics Inc. Common stock,$23.67,0.66,2.868%,2456512437.00,United States,2020,2007875,Health Care,Biotechnology: Pharmaceutical Preparations
NRK,Nuveen New York AMT-Free Quality Municipal Income Fund ,$9.12,-0.23,-2.46%,0.00,United States,2002,951451,Finance,Trusts Except Educational Religious and Charitable
NRO,Neuberger Real Estate Securities Income Fund Inc. Common Stock,$2.58,-0.06,-2.273%,0.00,United States,2003,647780,Finance,Finance/Investors Services
NRP,Natural Resource Partners LP Limited Partnership,$109.71,0.93,0.855%,1453702701.00,United States,2002,17261,Energy,Coal Mining
NRT,North European Oil Royality Trust Common Stock,$8.55,-0.05,-0.581%,78579545.00,United States,,9414,Energy,Oil & Gas Production
NRUC,National Rural Utilities Cooperative Finance Corporation 5.500% Subordinated Notes due 2064 (Subordinated Deferrable Interest Notes),$20.86,-0.06,-0.287%,0.00,United States,2019,34336,Finance,Diversified Financial Services
NRXP,NRX Pharmaceuticals Inc. Common Stock,$2.87,-0.125,-4.174%,124258851.00,United States,2017,736838,Health Care,Biotechnology: Pharmaceutical Preparations
NRXS,Neuraxis Inc. Common Stock,$7.40,-0.16,-2.116%,92927461.00,United States,2023,63874,Health Care,Biotechnology: Electromedical & Electrotherapeutic Apparatus
NSAI,NorthStrive Acquisition Corp I. Class A Ordinary Shares,$9.87,-0.01,-0.101%,0.00,United States,2026,1290,,
NSAIR,NorthStrive Acquisition Corp I. Rights,$0.14,0.00,0.00%,0.00,United States,2026,114,,
NSAIU,NorthStrive Acquisition Corp I. Units,$10.02,-0.0001,-0.001%,0.00,United States,2026,207,,
NSAIW,NorthStrive Acquisition Corp I. Warrants,$0.05,0.00,0.00%,0.00,United States,2026,2,,
NSC,Norfolk Southern Corporation Common Stock,$313.05,0.05,0.016%,70313651168.00,United States,,725119,Industrials,Railroads
NSIT,Insight Enterprises Inc. Common Stock,$155.96,-3.07,-1.93%,4577246646.00,United States,1995,273615,Consumer Discretionary,Catalog/Specialty Distribution
NSLR,Neostellar Capital Corp. Common Stock,$7.84,-0.12,-1.508%,207550060.00,United States,2011,228717,Finance,Finance: Consumer Services
NSLRL,Neostellar Capital Corp. 6.00% Notes due 2026,$24.87,0.01,0.04%,658389031.00,United States,,306,Finance,Finance: Consumer Services
NSP,Insperity Inc. Common Stock,$46.91,-0.92,-1.923%,1791740116.00,United States,,489502,Consumer Discretionary,Professional Services
NSSC,NAPCO Security Technologies Inc. Common Stock,$35.06,-0.60,-1.683%,1254041401.00,United States,,299559,Telecommunications,Telecommunications Equipment
NSTS,NSTS Bancorp Inc. Common Stock,$14.13,0.01,0.071%,74226741.00,United States,2022,4597,Finance,Savings Institutions
NSYS,Nortech Systems Incorporated Common Stock,$11.00,-0.28,-2.482%,31391426.00,United States,,8401,Technology,Industrial Machinery/Components
NTAP,NetApp Inc. Common Stock,$204.41,3.265,1.623%,40150008812.00,United States,1995,2953234,Technology,Electronic Components
NTCT,NetScout Systems Inc. Common Stock,$39.41,-0.03,-0.076%,2865395166.00,United States,1999,551387,Technology,EDP Services
NTGR,NETGEAR Inc. Common Stock,$21.98,-0.09,-0.408%,597394882.00,United States,2003,392318,Utilities,Telecommunications Equipment
NTHI,NeOnc Technologies Holdings Inc. Common Stock,$3.16,-0.15,-4.532%,94060860.00,United States,,108760,Health Care,Biotechnology: Pharmaceutical Preparations
NTIC,Northern Technologies International Corporation Common Stock,$7.80,0.00,0.00%,74072224.00,United States,,1094,Industrials,Industrial Specialties
NTIP,Network-1 Technologies Inc. Common Stock,$1.55,-0.04,-2.516%,35437931.00,United States,,19326,Miscellaneous,Multi-Sector Companies
NTLA,Intellia Therapeutics Inc. Common Stock,$11.42,-0.33,-2.809%,1600246834.00,United States,2016,3300154,Health Care,Biotechnology: In Vitro & In Vivo Diagnostic Substances
NTNX,Nutanix Inc. Class A Common Stock,$68.70,0.67,0.985%,18588171297.00,United States,2016,1817782,Technology,Computer Software: Prepackaged Software
NTRA,Natera Inc. Common Stock,$411.77,-0.79,-0.191%,59354244881.00,United States,2015,1650434,Health Care,Medical Specialities
NTRB,Nutriband Inc. Common Stock,$8.23,0.23,2.875%,100041271.00,United States,,284873,Health Care,Industrial Specialties
NTRBW,Nutriband Inc. Warrant,$1.66,0.35,26.718%,20178434.00,United States,,45473,Health Care,Industrial Specialties
NTRP,NextTrip Inc. Common Stock,$1.89,-0.04,-2.073%,28512731.00,United States,,70924,Consumer Discretionary,Transportation Services
NTRS,Northern Trust Corporation Common Stock,$174.55,-1.18,-0.671%,31934909231.00,United States,,833587,Finance,Major Banks
NTRSO,Northern Trust Corporation Depositary Shares Each Representing a 1/1000th Interest in a Share of Series E Non-Cumulative Perpetual Preferred Stock,$18.21,-0.03,-0.164%,3331622441.00,United States,,107872,Finance,Major Banks
NTSK,Netskope Inc. Class A Common Stock,$17.85,0.18,1.019%,7293291302.00,United States,2025,4880471,Technology,Computer Software: Prepackaged Software
NTST,NetSTREIT Corp. Common Stock,$18.13,-0.08,-0.439%,1840702604.00,United States,2020,1391261,Real Estate,Real Estate Investment Trusts
NTWK,NetSol Technologies Inc. Common  Stock,$5.37,0.47,9.592%,63776343.00,United States,,363692,Technology,Computer Software: Prepackaged Software
NTWO,Newbury Street II Acquisition Corp Class A Ordinary Shares,$10.825,-0.035,-0.322%,0.00,United States,2024,29629,,
NTWOU,Newbury Street II Acquisition Corp Unit,$11.40,-0.10,-0.87%,0.00,United States,2024,1025,,
NTWOW,Newbury Street II Acquisition Corp Warrant,$0.95,-0.2099,-18.096%,0.00,United States,2024,35058,,
NUAI,New Era Energy & Digital Inc. Common Stock,$6.96,-0.10,-1.416%,741652999.00,United States,,7452453,Energy,Oil & Gas Production
NUAIW,New Era Energy & Digital Inc. Warrants,$3.60,0.02,0.559%,383613620.00,United States,,39826,Energy,Oil & Gas Production
NUCL,Eagle Nuclear Energy Corp. Common stock,$6.33,0.17,2.76%,187240121.00,United States,,188114,Basic Materials,Other Metals and Minerals
NUCLW,Eagle Nuclear Energy Corp. Warrants,$0.60,0.00,0.00%,17747879.00,United States,,32493,Basic Materials,Other Metals and Minerals
NUE,Nucor Corporation Common Stock,$244.49,-2.76,-1.116%,55468834025.00,United States,,1172357,Industrials,Steel/Iron Ore
NUS,Nu Skin Enterprises Inc. Common Stock,$4.64,0.01,0.216%,225859582.00,United States,1996,317159,Health Care,Other Pharmaceuticals
NUTX,Nutex Health Inc. Common Stock,$212.735,-7.375,-3.351%,1456803536.00,United States,,163554,Consumer Discretionary,Business Services
NUV,Nuveen Municipal Value Fund Inc. Common Stock,$8.15,-0.03,-0.367%,0.00,United States,1987,3393350,Finance,Trusts Except Educational Religious and Charitable
NUVB,Nuvation Bio Inc. Class A Common Stock,$5.60,-0.14,-2.439%,1966290105.00,United States,2020,4592492,Health Care,Biotechnology: Pharmaceutical Preparations
NUW,Nuveen AMT-Free Municipal Value Fund,$12.79,-0.19,-1.464%,0.00,United States,2009,143130,Finance,Investment Managers
NUWE,Nuwellis Inc. Common Stock,$0.7602,-0.0156,-2.011%,2772650.00,United States,,159820,Health Care,Biotechnology: Electromedical & Electrotherapeutic Apparatus
NVAX,Novavax Inc. Common Stock,$10.80,0.17,1.599%,1781413841.00,United States,,4461698,Health Care,Biotechnology: Biological Products (No Diagnostic Substances)
NVCT,Nuvectis Pharma Inc. Common Stock,$20.81,0.59,2.918%,678698713.00,United States,2022,137924,Health Care,Biotechnology: Pharmaceutical Preparations
NVDA,NVIDIA Corporation Common Stock,$228.86,3.79,1.684%,5515526000000.00,United States,1999,142692596,Technology,Semiconductors
NVEC,NVE Corporation Common Stock,$109.81,0.68,0.623%,531169198.00,United States,,85607,Technology,Semiconductors
NVG,Nuveen AMT-Free Municipal Credit Income Fund ,$10.48,-0.32,-2.963%,0.00,United States,2002,2313159,Finance,Investment Managers
NVNO,enVVeno Medical Corporation Common Stock,$8.81,0.14,1.615%,6121417.00,United States,2018,1045,Health Care,Medical/Dental Instruments
NVR,NVR Inc. Common Stock,$6267.89,-29.71,-0.472%,16703049345.00,United States,1998,37510,Consumer Discretionary,Homebuilding
NVST,Envista Holdings Corporation Common Stock,$23.73,-0.22,-0.919%,3811458235.00,United States,2019,2571434,Health Care,Medical/Dental Instruments
NVTS,Navitas Semiconductor Corporation Common Stock,$11.73,-0.47,-3.852%,3062626614.00,United States,,20602388,Technology,Semiconductors
NWBI,Northwest Bancshares Inc. Common Stock,$15.12,-0.19,-1.241%,2214461925.00,United States,2009,1049775,Finance,Major Banks
NWE,NorthWestern Energy Group Inc. Common Stock,$68.06,-0.78,-1.133%,4186904871.00,United States,,565873,Utilities,Power Generation
NWFL,Norwood Financial Corp. Common Stock,$33.90,0.12,0.355%,369580309.00,United States,,53721,Finance,Major Banks
NWL,Newell Brands Inc. Common Stock,$5.44,0.01,0.184%,2316896000.00,United States,,4586450,Industrials,Plastic Products
NWN,Northwest Natural Holding Company Common Stock,$46.80,-0.24,-0.51%,1969977578.00,United States,,228777,Utilities,Oil/Gas Transmission
NWPX,NWPX Infrastructure Inc. Common Stock,$103.11,0.28,0.272%,993691898.00,United States,1995,111814,Industrials,Steel/Iron Ore
NWS,News Corporation Class B Common Stock,$32.24,0.49,1.543%,17423979137.00,United States,,744150,Consumer Discretionary,Newspapers/Magazines
NWSA,News Corporation Class A Common Stock,$29.10,0.61,2.141%,15726978687.00,United States,,5097119,Consumer Discretionary,Newspapers/Magazines
NWTG,Newton Golf Company Inc. Common Stock,$1.005,-0.035,-3.365%,5682750.00,United States,2023,296622,Consumer Discretionary,Recreational Games/Products/Toys
NX,Quanex Building Products Corporation Common Stock,$19.38,-0.36,-1.824%,888111911.00,United States,,317864,Industrials,Metal Fabrications
NXDR,Nextdoor Holdings Inc. Class A Common Stock,$2.42,-0.09,-3.586%,936173133.00,United States,,1478103,Technology,Computer Software: Programming Data Processing
NXDT,NexPoint Diversified Real Estate Trust Common Stock,$5.23,0.02,0.384%,277744521.00,United States,,142036,Real Estate,Real Estate Investment Trusts
NXDT^A,NexPoint Diversified Real Estate Trust 5.50% Series A Cumulative Preferred Shares ($25.00 liquidation preference per share),$12.62,-0.18,-1.406%,,United States,,5255,,
NXG,NXG NextGen Infrastructure Income Fund Common Shares of Beneficial Interest,$53.76,-0.73,-1.34%,139868145.00,United States,2012,44175,,
NXGL,NexGel Inc Common Stock,$0.178,0.004,2.299%,1735084.00,United States,2021,767804,Health Care,Medical/Dental Instruments
NXGLW,NexGel Inc Warrant,$0.0122,-0.0002,-1.613%,118921.00,United States,2021,9307,Health Care,Medical/Dental Instruments
NXH,Neighborhood Intelligence Inc. Common Stock,$3.09,-0.18,-5.505%,295087840.00,United States,2026,3861479,Consumer Discretionary,Catalog/Specialty Distribution
NXL,Nexalin Technology Inc. Common Stock,$4.27,-0.12,-2.733%,3541538.00,United States,2022,5719,Health Care,Biotechnology: Electromedical & Electrotherapeutic Apparatus
NXP,Nuveen Select Tax Free Income Portfolio Common Stock,$13.01,-0.05,-0.383%,608856460.00,United States,1992,644049,Finance,Trusts Except Educational Religious and Charitable
NXPL,NextPlat Corp Common Stock,$9.20,0.19,2.109%,24961642.00,United States,,1745,Telecommunications,Telecommunications Equipment
NXRT,NexPoint Residential Trust Inc. Common Stock,$19.84,0.20,1.018%,506908290.00,United States,2015,1443748,Real Estate,Real Estate Investment Trusts
NXST,Nexstar Media Group Inc. Common Stock,$161.78,-0.32,-0.197%,4984166936.00,United States,2003,371882,Industrials,Broadcasting
NXT,Nextpower Inc. Common Stock,$79.13,-1.72,-2.127%,12006356918.00,United States,2023,1985005,Technology,Semiconductors
NXTC,NextCure Inc. Common Stock,$5.08,0.00,0.00%,23252984.00,United States,2019,63203,Health Care,Biotechnology: Pharmaceutical Preparations
NXXT,NextNRG Inc. Common Stock,$0.8815,0.0306,3.596%,14820964.00,United States,2021,207962,Consumer Discretionary,Retail-Auto Dealers and Gas Stations
NYT,New York Times Company (The) Common Stock,$64.17,0.34,0.533%,10299468655.00,United States,,3073491,Consumer Discretionary,Newspapers/Magazines
NZF,Nuveen Municipal Credit Income Fund ,$10.72,-0.32,-2.899%,0.00,United States,2007,3156416,Finance,Finance Companies
O,Realty Income Corporation Common Stock,$55.35,-0.19,-0.342%,52373168127.00,United States,,10320021,Real Estate,Real Estate Investment Trusts
OABI,OmniAb Inc. Common Stock,$4.74,0.13,2.82%,689150487.00,United States,2021,674996,Health Care,Biotechnology: Commercial Physical & Biological Resarch
OACC,Oaktree Acquisition Corp. III Life Sciences Class A Ordinary Share,$10.78,0.00,0.00%,0.00,United States,2024,14,Finance,Blank Checks
OAK^A,Brookfield Oaktree Holdings LLC 6.625% Series A Preferred Units,$20.31,-0.39,-1.884%,,United States,,7224,,
OAK^B,Brookfield Oaktree Holdings LLC 6.550% Series B Preferred Units,$20.27,0.01,0.049%,,United States,,11267,,
OBAI,Our Bond Inc. Common Stock,$0.2228,-0.0063,-2.75%,6678547.00,United States,,752077,Consumer Discretionary,Telecommunications Equipment
OBDC,Blue Owl Capital Corporation Common Stock,$10.77,-0.04,-0.37%,5311145468.00,United States,2019,3598843,Finance,Diversified Financial Services
OBIO,Orchestra BioMed Holdings Inc. Ordinary Shares,$5.89,-0.06,-1.008%,354018739.00,United States,2020,177460,Health Care, Medicinal Chemicals and Botanical Products 
OBK,Origin Bancorp Inc. Common Stock,$53.01,-0.63,-1.174%,1635341431.00,United States,,151706,Finance,Major Banks
OBT,Orange County Bancorp Inc. Common Stock,$37.68,-0.14,-0.37%,505212046.00,United States,,64107,Finance,Major Banks
OBX,Obsidian Therapeutics Inc. Common Stock,$13.37,0.51,3.966%,825903352.00,United States,,912966,Health Care,Biotechnology: Pharmaceutical Preparations
OC,Owens Corning Inc Common Stock New,$122.03,-1.88,-1.517%,9646310786.00,United States,,844380,Industrials,Industrial Machinery/Components
OCC,Optical Cable Corporation Common Stock,$14.95,0.42,2.891%,132188259.00,United States,,208353,Industrials,Telecommunications Equipment
OCCI,OFS Credit Company Inc. Common Stock,$2.23,-0.04,-1.762%,25904817.00,United States,2018,91043,Finance,Trusts Except Educational Religious and Charitable
OCCIM,OFS Credit Company Inc. 7.875% Series F Term Preferred Stock,$24.85,-0.12,-0.481%,0.00,United States,,120,,
OCCIN,OFS Credit Company Inc. 5.25% Series E Term Preferred Stock Due 2026,$24.95,0.00,0.00%,289831925.00,United States,,4501,Finance,Trusts Except Educational Religious and Charitable
OCFC,OceanFirst Financial Corp. Common Stock,$16.72,-0.38,-2.222%,1615908062.00,United States,,918496,Finance,Major Banks
OCGN,Ocugen Inc. Common Stock,$1.03,0.01,0.98%,349283713.00,United States,2014,4859582,Health Care,Biotechnology: Biological Products (No Diagnostic Substances)
OCLT,OceanLight Acquisition Corporation Ordinary Shares,$9.89,0.00,0.00%,0.00,United States,2026,265456,Finance,Blank Checks
OCLTR,OceanLight Acquisition Corporation Rights,$0.15,-0.02,-11.765%,0.00,United States,2026,1401,Finance,Blank Checks
OCLTU,OceanLight Acquisition Corporation Units,$10.20,0.02,0.196%,0.00,United States,2026,11228,Finance,Blank Checks
OCSL,Oaktree Specialty Lending Corporation Common Stock,$12.00,-0.10,-0.826%,1057026276.00,United States,,319941,Finance,Finance: Consumer Services
OCTV,Octave Intelligence plc Class B Ordinary Shares,$18.58,-0.25,-1.328%,4987574101.00,United States,,1976054,Technology,Computer Software: Prepackaged Software
OCUL,Ocular Therapeutix Inc. Common Stock,$7.655,-1.995,-20.674%,1681159470.00,United States,2014,15442553,Health Care,Biotechnology: Pharmaceutical Preparations
ODC,Oil-Dri Corporation Of America Common Stock,$89.68,1.08,1.219%,1299313883.00,United States,,190550,Consumer Discretionary,Miscellaneous manufacturing industries
ODFL,Old Dominion Freight Line Inc. Common Stock,$176.85,3.55,2.048%,36671018601.00,United States,1991,1949957,Industrials,Trucking Freight/Courier Services
ODTX,Odyssey Therapeutics Inc. Common Stock,$21.47,0.96,4.681%,1031816575.00,United States,2026,213064,Health Care,Biotechnology: Biological Products (No Diagnostic Substances)
OESX,Orion Energy Systems Inc. Common Stock,$30.46,-0.13,-0.425%,124559652.00,United States,2015,48595,Consumer Discretionary,Building Products
OFLX,Omega Flex Inc. Common Stock,$25.67,0.13,0.509%,259121246.00,United States,,27676,Industrials,Industrial Specialties
OFS,OFS Capital Corporation Common Stock,$3.66,0.07,1.95%,49036965.00,United States,,107082,Finance,Finance/Investors Services
OFSSH,OFS Capital Corporation 4.95% Notes due 2028,$23.84,0.00,0.00%,319410180.00,United States,,104,Finance,Finance Companies
OGE,OGE Energy Corp Common Stock,$44.68,-0.13,-0.29%,9230051903.00,United States,,2185108,Utilities,Electric Utilities: Central
OGEN,Oragenics Inc. Common Stock,$0.4716,-0.0162,-3.321%,2127839.00,United States,,33316,Health Care,Biotechnology: Pharmaceutical Preparations
OGN,Organon & Co. Common Stock ,$13.73,0.00,0.00%,3605627515.00,United States,2021,1989785,Health Care,Biotechnology: Pharmaceutical Preparations
OGS,ONE Gas Inc. Common Stock,$71.66,-0.14,-0.195%,4504280308.00,United States,2014,698544,Utilities,Oil/Gas Transmission
OHAC,Oceanhawk Acquisition Corp. Class A Ordinary Shares,$10.00,0.00,0.00%,0.00,United States,2026,857,,
OHACU,Oceanhawk Acquisition Corp. Units,$10.2499,0.00,0.00%,0.00,United States,2026,18,,
OHI,Omega Healthcare Investors Inc. Common Stock,$46.68,0.40,0.864%,14144646840.00,United States,1992,1686056,Real Estate,Real Estate Investment Trusts
OI,O-I Glass Inc. Common Stock,$5.78,-0.08,-1.365%,888153338.00,United States,,4908853,Consumer Discretionary,Containers/Packaging
OIA,Invesco Municipal Income Opportunities Trust Common Stock,$5.38,-0.11,-2.004%,256118069.00,United States,,585678,Finance,Finance Companies
OIG,Orion180 Insurance Group Inc. Class A common stock,$9.36,-0.21,-2.194%,926943751.00,United States,2026,160420,Finance,Specialty Insurers
OII,Oceaneering International Inc. Common Stock,$45.84,-0.42,-0.908%,4562438927.00,United States,,538404,Energy,Oilfield Services/Equipment
OIM,OneIM Acquisition Corp. Class A Ordinary Shares,$10.15,0.00,0.00%,0.00,United States,2026,128,,
OIMAU,OneIM Acquisition Corp. Units,$10.21,0.00,0.00%,0.00,United States,2026,186,Finance,Blank Checks
OIMAW,OneIM Acquisition Corp. Warrant,$0.655,0.00,0.00%,0.00,United States,2026,1000,,
OIS,Oil States International Inc. Common Stock,$8.31,0.03,0.362%,501280964.00,United States,2001,1250958,Consumer Discretionary,Oil and Gas Field Machinery
OKE,ONEOK Inc. Common Stock,$88.62,-0.01,-0.011%,55863359890.00,United States,,3309987,Utilities,Oil & Gas Production
OKLO,Oklo Inc. Class A common stock,$37.11,-0.93,-2.445%,6903114992.00,United States,2021,6620052,Utilities,Electric Utilities: Central
OKTA,Okta Inc. Class A Common Stock,$202.18,6.99,3.581%,35345295223.00,United States,2017,3650415,Technology,Computer Software: Prepackaged Software
OKUR,OnKure Therapeutics Inc. Class A Common Stock,$2.76,-0.14,-4.828%,111769813.00,United States,2021,442234,Health Care,Biotechnology: Pharmaceutical Preparations
OLB,The OLB Group Inc. Common Stock,$0.195,-0.0084,-4.13%,4686421.00,United States,,779269,Consumer Discretionary,Business Services
OLED,Universal Display Corporation Common Stock,$75.47,-1.92,-2.481%,3469117037.00,United States,,402827,Technology,Electrical Products
OLLI,Ollie's Bargain Outlet Holdings Inc. Common Stock,$85.53,1.28,1.519%,5080687529.00,United States,2015,1729780,Consumer Discretionary,Department/Specialty Retail Stores
OLMA,Olema Pharmaceuticals Inc. Common Stock,$8.61,-0.14,-1.60%,753354396.00,United States,2020,979261,Health Care,Biotechnology: Pharmaceutical Preparations
OLN,Olin Corporation Common Stock,$16.05,-0.35,-2.134%,1829418965.00,United States,,2447823,Industrials,Major Chemicals
OLOX,Olenox Industries Inc. Common Stock,$0.835,-0.0299,-3.457%,1385555.00,United States,2017,219209,Consumer Discretionary,RETAIL: Building Materials
OLP,One Liberty Properties Inc. Common Stock,$22.06,-0.43,-1.912%,481460029.00,United States,1986,127620,Real Estate,Real Estate Investment Trusts
OM,Outset Medical Inc. Common Stock,$2.96,-0.09,-2.951%,55639605.00,United States,2020,186344,Health Care,Biotechnology: Electromedical & Electrotherapeutic Apparatus
OMC,Omnicom Group Inc. Common Stock,$75.10,-1.05,-1.379%,20603382122.00,United States,,2772184,Consumer Discretionary,Advertising
OMCL,Omnicell Inc. Common Stock ($0.001 par value),$33.87,0.21,0.624%,1544976121.00,United States,2001,563671,Technology,Computer Manufacturing
OMDA,Omada Health Inc. Common Stock,$19.39,-0.27,-1.373%,1186991871.00,United States,2025,1762226,Health Care,Medical/Nursing Services
OMER,Omeros Corporation Common Stock,$19.43,-0.65,-3.237%,1406504980.00,United States,2009,1026430,Health Care,Biotechnology: Pharmaceutical Preparations
OMEX,Odyssey Marine Exploration Inc. Common Stock,$0.6859,-0.0176,-2.502%,40256424.00,United States,,231973,Consumer Discretionary,Marine Transportation
OMF,OneMain Holdings Inc. Common Stock,$56.23,-1.13,-1.97%,6468781802.00,United States,2013,765489,Finance,Finance: Consumer Services
ON,ON Semiconductor Corporation Common Stock,$75.65,-1.55,-2.008%,29451953073.00,United States,,10413723,Technology,Semiconductors
ONB,Old National Bancorp Common Stock,$25.21,-0.28,-1.098%,9644589700.00,United States,,4441936,Finance,Major Banks
ONBPO,Old National Bancorp Depositary Shares Each Representing a 1/40th Interest in a Share of Series C Preferred Stock,$24.75,-0.025,-0.101%,9468607500.00,United States,,6938,Finance,Major Banks
ONBPP,Old National Bancorp Depositary Shares Each Representing a 1/40th Interest in a Share of Series A Preferred Stock,$24.79,-0.07,-0.282%,9483910300.00,United States,,2880,Finance,Major Banks
ONCH,1RT Acquisition Corp. Class A Ordinary Share,$10.33,0.01,0.097%,0.00,United States,2025,4239,,
ONCO,Onconetix Inc. Common Stock,$1.11,0.08,7.767%,4862379.00,United States,2022,22570101,Health Care,Biotechnology: Pharmaceutical Preparations
ONDS,Ondas Inc. Common Stock,$7.68,0.04,0.524%,4472084728.00,United States,,53018699,Technology,Radio And Television Broadcasting And Communications Equipment
ONEN,ONE Nuclear Energy Inc. Common Stock  ,$2.15,-0.35,-14.00%,0.00,United States,2025,334693,Utilities,Electric Utilities: Central
ONEW,OneWater Marine Inc. Class A Common Stock,$9.76,-0.15,-1.514%,162656441.00,United States,2020,69178,Consumer Discretionary,Auto & Home Supply Stores
ONFO,Onfolio Holdings Inc. Common Stock,$1.06,0.15,16.484%,2649203.00,United States,2022,5900995,Technology,EDP Services
ONFOW,Onfolio Holdings Inc. Warrant,$0.0175,0.0033,23.239%,43737.00,United States,2022,121648,Technology,EDP Services
ONIT,Onity Group Inc. Common Stock,$29.48,-1.27,-4.13%,246291250.00,United States,,68656,Finance,Finance: Consumer Services
ONL,Orion Properties Inc. Common Stock,$2.51,0.00,0.00%,143182232.00,United States,2021,183291,Real Estate,Real Estate Investment Trusts
ONT,Onterris Inc. Common Stock,$14.64,0.64,4.571%,514119087.00,United States,2020,1125969,Consumer Discretionary,Professional Services
ONTO,Onto Innovation Inc. Common Stock,$288.74,1.10,0.382%,14169698079.00,United States,,395975,Industrials,Industrial Machinery/Components
OOMA,Ooma Inc. Common Stock,$21.18,-0.59,-2.71%,584568000.00,United States,2015,580563,Technology,EDP Services
OPAD,Offerpad Solutions Inc. Class A Common Stock,$3.27,-0.09,-2.679%,15803089.00,United States,,16184,Finance,Real Estate
OPAL,OPAL Fuels Inc. Class A Common Stock,$1.80,-0.05,-2.703%,314442000.00,United States,2021,343559,Utilities,Natural Gas Distribution
OPBK,OP Bancorp Common Stock,$15.21,0.03,0.198%,227125074.00,United States,2018,38627,Finance,Major Banks
OPCH,Option Care Health Inc. Common Stock,$22.90,-0.17,-0.737%,3430082065.00,United States,,1889377,Health Care,Medical/Nursing Services
OPEN,Opendoor Technologies Inc Common Stock,$2.43,-0.14,-5.447%,2359751252.00,United States,,30377719,Finance,Real Estate
OPENL,Opendoor Technologies Inc  Series A Warrants each whole warrant exercisable to purchase one share of Common Stock at an exercise price of $13.00 per warrant,$0.0751,0.0001,0.133%,72928938.00,United States,,622034,Finance,Real Estate
OPENW,Opendoor Technologies Inc  Series K Warrants each whole warrant exercisable to purchase one share of Common Stock at an exercise price of $9.00 per warrant,$0.122,-0.0065,-5.058%,118473108.00,United States,,190945,Finance,Real Estate
OPENZ,Opendoor Technologies Inc  Series Z Warrants each whole warrant exercisable to purchase one share of Common Stock at an exercise price of $17.00 per warrant,$0.087,0.0065,8.075%,84484921.00,United States,,1342747,Finance,Real Estate
OPFI,OppFi Inc. Class A Common Stock,$6.12,-0.16,-2.548%,521474472.00,United States,2020,516662,Finance,Finance: Consumer Services
OPHC,OptimumBank Holdings Inc. Common Stock,$8.85,0.00,0.00%,111708860.00,United States,,65578,Finance,Major Banks
OPI,Office Properties Income Trust Common shares of beneficial interest,$16.55,-0.05,-0.301%,363331699.00,United States,,115618,Finance,Real Estate
OPK,OPKO Health Inc. Common Stock,$1.63,-0.01,-0.61%,1216515007.00,United States,,1608952,Health Care,Biotechnology: Pharmaceutical Preparations
OPLN,OPENLANE Inc. Common Stock,$34.68,-0.14,-0.402%,4233382918.00,United States,,999873,Consumer Discretionary,Retail-Auto Dealers and Gas Stations
OPP,RiverNorth/DoubleLine Strategic Opportunity Fund Inc. Common Stock,$6.87,-0.07,-1.009%,0.00,United States,2016,72491,Finance,Finance/Investors Services
OPP^A,RiverNorth/DoubleLine Strategic Opportunity Fund Inc. 4.375% Series A Cumulative Preferred Stock,$15.05,-0.10,-0.66%,,United States,,14252,,
OPP^B,RiverNorth/DoubleLine Strategic Opportunity Fund Inc. 4.75% Series B Cumulative Preferred Stock,$16.31,-0.04,-0.245%,,United States,,8850,,
OPP^C,RiverNorth/DoubleLine Strategic Opportunity Fund Inc. 6.00% Series C Term Preferred Stock (Liquidation Preference $10.00 per share),$10.1301,-0.0175,-0.172%,,United States,,1684,,
OPRT,Oportun Financial Corporation Common Stock,$8.28,-0.27,-3.158%,380774455.00,United States,2019,642106,Finance,Finance: Consumer Services
OPRX,OptimizeRx Corporation Common Stock,$7.81,-0.23,-2.861%,147108777.00,United States,,142804,Consumer Discretionary,Business Services
OPTT,Ocean Power Technologies Inc. Common Stock,$1.67,-0.34,-16.915%,15187246.00,United States,2007,547537,Utilities,Electric Utilities: Central
OPTU,Optimum Communications Inc. Class A common stock,$1.01,0.00,0.00%,460140704.00,United States,2017,1678728,Telecommunications,Cable & Other Pay Television Services
OPTX,Syntec Optics Holdings Inc. Class A Common Stock,$7.09,-0.31,-4.189%,285584335.00,United States,2022,213030,Technology,Electronic Components
OPTXW,Syntec Optics Holdings Inc. Warrant,$1.74,0.09,5.455%,70086988.00,United States,2022,29019,Technology,Electronic Components
OPXS,Optex Systems Holdings Inc. Common Stock,$10.45,0.03,0.288%,72730673.00,United States,,7949,Technology,Electronic Components
OPY,Oppenheimer Holdings Inc. Class A Common Stock (DE),$119.80,0.02,0.017%,1282818999.00,United States,,84092,Finance,Investment Bankers/Brokers/Service
ORA,Ormat Technologies Inc. Common Stock,$90.36,-3.27,-3.492%,5556863589.00,United States,2004,831686,Utilities,Electric Utilities: Central
ORBS,Eightco Holdings Inc. Common Stock,$1.16,0.02,1.754%,498541784.00,United States,,20515006,Finance,Finance Companies
ORC,Orchid Island Capital Inc. Common Stock,$5.68,-0.03,-0.525%,1133747528.00,United States,2013,5355046,Real Estate,Real Estate Investment Trusts
ORCL,Oracle Corporation Common Stock,$132.60,-4.50,-3.282%,401977052357.00,United States,1986,36060163,Technology,Computer Software: Prepackaged Software
ORCL^D,Oracle Corporation Depositary Shares each representing a 1/2000th interest in a sh of 6.50% Series D Mandatory Convertible Preferred Stock,$42.68,-1.22,-2.779%,,United States,,377326,,
ORGO,Organogenesis Holdings Inc. Class A Common Stock,$1.38,-0.03,-2.128%,177570876.00,United States,2016,446326,Health Care,Biotechnology: Pharmaceutical Preparations
ORI,Old Republic International Corporation Common Stock,$38.02,0.28,0.742%,9179279694.00,United States,,1928013,Finance,Property-Casualty Insurers
ORIC,Oric Pharmaceuticals Inc. Common Stock,$13.27,0.11,0.836%,1375470745.00,United States,2020,1515657,Health Care,Biotechnology: Pharmaceutical Preparations
ORKA,Oruka Therapeutics Inc. Common Stock,$84.19,-0.27,-0.32%,5574194559.00,United States,,923402,Health Care,Biotechnology: In Vitro & In Vivo Diagnostic Substances
ORLY,O'Reilly Automotive Inc. Common Stock,$86.51,0.395,0.459%,69983198116.00,United States,1993,4478520,Consumer Discretionary,Auto & Home Supply Stores
ORN,Orion Group Holdings Inc. Common,$8.35,-0.23,-2.681%,338135672.00,United States,,468687,Industrials,Military/Government/Technical
ORRF,Orrstown Financial Services Inc. Common Stock,$41.48,-0.29,-0.694%,815896086.00,United States,,76386,Finance,Major Banks
OSBC,Old Second Bancorp Inc. Common Stock,$24.85,-0.10,-0.401%,1264261543.00,United States,,467674,Finance,Major Banks
OSCR,Oscar Health Inc. Class A Common Stock,$29.65,0.05,0.169%,9151324250.00,United States,2021,4007911,Health Care,Medical Specialities
OSG,Octave Specialty Group Inc. Common Stock,$4.10,-0.09,-2.148%,184711093.00,United States,,466764,Finance,Property-Casualty Insurers
OSIS,OSI Systems Inc. Common Stock (DE),$193.04,-4.20,-2.129%,3077437503.00,United States,1997,123541,Technology,Semiconductors
OSK,Oshkosh Corporation (Holding Company)Common Stock,$132.79,0.04,0.03%,8198421270.00,United States,,567840,Industrials,Auto Manufacturing
OSPN,OneSpan Inc. Common Stock,$17.88,0.07,0.393%,658916853.00,United States,,592467,Technology,EDP Services
OSPR,Osprey Acquisition Corp. III Class A Ordinary Shares,$9.82,-0.01,-0.102%,0.00,United States,2026,117742,Finance,Blank Checks
OSPRU,Osprey Acquisition Corp. III Units,$9.99,0.00,0.00%,0.00,United States,2026,16,Finance,Blank Checks
OSS,One Stop Systems Inc. Common Stock,$8.91,-0.37,-3.987%,222216558.00,United States,2018,521302,Technology,Computer Manufacturing
OSUR,OraSure Technologies Inc. Common Stock,$3.95,0.02,0.509%,272426077.00,United States,,848236,Health Care,Medical/Dental Instruments
OTF,Blue Owl Technology Finance Corp. Common Stock,$10.22,-0.09,-0.873%,4682654676.00,United States,2025,1636649,,
OTGA,OTG Acquisition Corp. I Class A Ordinary Share ,$10.26,0.00,0.00%,0.00,United States,2025,663,Finance,Blank Checks
OTGAU,OTG Acquisition Corp. I Unit,$10.36,-0.0001,-0.001%,0.00,United States,2025,1282,Finance,Blank Checks
OTIS,Otis Worldwide Corporation Common Stock ,$66.33,0.39,0.591%,25249797256.00,United States,2020,4870680,Technology,Consumer Electronics/Appliances
OTLK,Outlook Therapeutics Inc. Common Stock,$0.6211,-0.0184,-2.877%,151205276.00,United States,2016,6098442,Health Care,Biotechnology: Biological Products (No Diagnostic Substances)
OTTR,Otter Tail Corporation Common Stock,$88.51,-0.83,-0.929%,3716143686.00,United States,,209205,Utilities,Electric Utilities: Central
OUST,Ouster Inc. Common Stock,$40.90,-2.82,-6.45%,2949394420.00,United States,,3620830,Industrials,Industrial Machinery/Components
OUT,OUTFRONT Media Inc. Common Stock,$27.91,0.26,0.94%,4915934855.00,United States,2014,1856366,Real Estate,Real Estate Investment Trusts
OVBC,Ohio Valley Banc Corp. Common Stock,$44.69,0.54,1.223%,210534635.00,United States,,25659,Finance,Major Banks
OVID,Ovid Therapeutics Inc. Common Stock,$2.46,0.06,2.50%,480432728.00,United States,2017,1192543,Health Care,Biotechnology: Pharmaceutical Preparations
OVLY,Oak Valley Bancorp (CA) Common Stock,$34.28,0.11,0.322%,288387630.00,United States,,20031,Finance,Major Banks
OWL,Blue Owl Capital Inc. Class A Common Stock,$9.15,-0.17,-1.824%,14265693840.00,United States,2020,17357306,Finance,Investment Managers
OWLT,Owlet Inc. Class A Common Stock,$5.11,0.07,1.389%,149322769.00,United States,2020,62373,Industrials,Industrial Machinery/Components
OXLC,Oxford Lane Capital Corp. Common Stock,$8.91,-0.03,-0.336%,1546776000.00,United States,2011,1181699,Finance,Investment Managers
OXLCG,Oxford Lane Capital Corp. 7.95% Notes due 2032,$24.8301,-0.0749,-0.301%,0.00,United States,,2113,Finance,Investment Managers
OXLCI,Oxford Lane Capital Corp. 8.75% Notes due 2030,$25.25,-0.02,-0.079%,0.00,United States,,4472,,
OXLCL,Oxford Lane Capital Corp. 6.75% Notes due 2031,$23.885,-0.055,-0.23%,4146436000.00,United States,,837,Finance,Finance Companies
OXLCM,Oxford Lane Capital Corp. Preferred Stock Shares 8.25% Series 2031,$25.05,-0.0479,-0.191%,4348680000.00,United States,,7599,Finance,Investment Managers
OXLCN,Oxford Lane Capital Corp. 7.125% Series 2029 Term Preferred Stock,$24.50,-0.01,-0.041%,4253200000.00,United States,,214,Finance,Investment Managers
OXLCO,Oxford Lane Capital Corp. Preferred Stock Shares 6.00% Series 2029,$23.605,0.005,0.021%,4097828000.00,United States,,1000,Finance,Investment Managers
OXLCZ,Oxford Lane Capital Corp. 5.00% Notes due 2027,$24.90,-0.01,-0.04%,4322640000.00,United States,,505,Finance,Finance Companies
OXM,Oxford Industries Inc. Common Stock,$25.85,-0.10,-0.385%,387188383.00,United States,,648638,Industrials,Garments and Clothing
OXSQ,Oxford Square Capital Corp. Common Stock,$1.27,0.00,0.00%,136788874.00,United States,2003,1083758,Finance,Blank Checks
OXSQG,Oxford Square Capital Corp. 5.50% Notes due 2028,$24.30,-0.05,-0.205%,1549315998.00,United States,,842,Consumer Discretionary,Other Consumer Services
OXSQH,Oxford Square Capital Corp. 7.75% Notes due 2030,$25.04,0.07,0.28%,0.00,United States,,147,Finance,Blank Checks
OXY,Occidental Petroleum Corporation Common Stock,$56.10,-0.76,-1.337%,56079656513.00,United States,,12354627,Energy,Oil & Gas Production
OYSE,Oyster Enterprises II Acquisition Corp Class A Ordinary Shares,$10.3975,0.00,0.00%,0.00,United States,2025,7,Finance,Blank Checks
OYSER,Oyster Enterprises II Acquisition Corp Rights,$0.0921,0.00,0.00%,0.00,United States,2025,1033,Finance,Blank Checks
OYSEU,Oyster Enterprises II Acquisition Corp Units,$10.66,0.00,0.00%,0.00,United States,2025,192,Finance,Blank Checks
OZK,Bank OZK Common Stock,$46.61,-0.28,-0.597%,5273275113.00,United States,,1459863,Finance,Major Banks
OZKAP,Bank OZK 4.625% Series A Non-Cumulative Perpetual Preferred Stock,$14.89,-0.12,-0.799%,1684597005.00,United States,,66512,Finance,Major Banks
P,Everpure Inc. Class A common stock,$129.40,3.40,2.698%,43119606279.00,United States,2015,4700113,Technology,Electronic Components
PAA,Plains All American Pipeline L.P. Common Units representing Limited Partner Interests,$24.53,0.11,0.45%,17307545264.00,United States,1998,2842855,Energy,Natural Gas Distribution
PAAC,Proem Acquisition Corp I Ordinary Shares,$10.07,0.00,0.00%,145682690.00,United States,2026,108637,Finance,Investment Managers
PAACU,Proem Acquisition Corp I Units,$10.635,0.485,4.778%,0.00,United States,2026,695,Finance,Blank Checks
PAACW,Proem Acquisition Corp I Warrants,$0.50,0.00,0.00%,0.00,United States,2026,172668,Finance,Investment Managers
PAAI,Paradium.AI Inc. Common Stock,$1.44,-0.31,-17.714%,68559340.00,United States,2022,893979,Technology,EDP Services
PACB,Pacific Biosciences of California Inc. Common Stock,$1.71,0.09,5.556%,531520598.00,United States,2010,21281781,Industrials,Biotechnology: Laboratory Analytical Instruments
PACH,Pioneer Acquisition I Corp Class A Ordinary Shares,$10.33,0.00,0.00%,0.00,United States,2025,2740,,
PACHW,Pioneer Acquisition I Corp Warrants,$0.1284,0.0043,3.465%,0.00,United States,2025,552,,
PACK,Ranpak Holdings Corp Class A Common Stock,$4.35,-0.04,-0.911%,373048557.00,United States,2018,463759,Consumer Discretionary,Containers/Packaging
PACS,PACS Group Inc. Common Stock,$43.06,1.76,4.262%,6817931453.00,United States,2024,1101466,Health Care,Hospital/Nursing Management
PAG,Penske Automotive Group Inc. Common Stock,$207.22,-2.40,-1.145%,13606660543.00,United States,,459665,Consumer Discretionary,Retail-Auto Dealers and Gas Stations
PAGP,Plains GP Holdings L.P. Class A Units representing Limited Partner Interests,$26.60,0.02,0.075%,5264249698.00,United States,,2494225,Energy,Natural Gas Distribution
PAHC,Phibro Animal Health Corporation Class A Common Stock,$35.70,1.25,3.628%,1449477227.00,United States,2014,485928,Health Care,Biotechnology: Pharmaceutical Preparations
PAI,Western Asset Investment Grade Income Fund Inc.,$11.42,-0.07,-0.609%,0.00,United States,,8180,Finance,Trusts Except Educational Religious and Charitable
PAL,Proficient Auto Logistics Inc. Common Stock,$3.53,-0.15,-4.076%,99026818.00,United States,2024,1884257,Consumer Discretionary,Transportation Services
PALI,Palisade Bio Inc. Common Stock,$1.50,0.05,3.448%,261405837.00,United States,,8684952,Health Care,Biotechnology: Biological Products (No Diagnostic Substances)
PALO,Paloma Acquisition Corp I Class A Ordinary Shares,$9.97,0.00,0.00%,0.00,United States,2026,122,Finance,Blank Checks
PAMT,PAMT CORP Common Stock,$12.11,0.36,3.064%,253610732.00,United States,,21194,Industrials,Trucking Freight/Courier Services
PANL,Pangaea Logistics Solutions Ltd. Common Shares,$8.01,0.00,0.00%,524444914.00,United States,2013,303510,Consumer Discretionary,Marine Transportation
PANW,Palo Alto Networks Inc. Common Stock,$392.09,17.35,4.63%,320729620000.00,United States,,6028103,Technology,Computer peripheral equipment
PAR,PAR Technology Corporation Common Stock,$13.64,-0.42,-2.987%,564187337.00,United States,,807754,Miscellaneous,Office Equipment/Supplies/Services
PARA,Banzai International Inc. Class A Common Stock,$0.704,0.004,0.571%,,United States,2021,183370,Industrials,Broadcasting
PARAW,Banzai International Inc. Warrant,$0.0112,-0.0001,-0.885%,39771.00,United States,2021,4620,Technology,Computer Software: Prepackaged Software
PARK,Park Dental Partners Inc. Common Stock,$19.77,-0.14,-0.703%,94011925.00,United States,2025,20333,Health Care,Misc Health and Biotechnology Services
PARR,Par Pacific Holdings Inc.  Common Stock,$77.97,0.51,0.658%,3906267917.00,United States,,677076,Energy,Oil & Gas Production
PASG,Passage Bio Inc. Common Stock,$4.675,-0.125,-2.604%,15043262.00,United States,2020,18652,Health Care,Biotechnology: Biological Products (No Diagnostic Substances)
PATH,UiPath Inc. Class A Common Stock,$12.19,-0.27,-2.167%,6352884436.00,United States,2021,49586288,Technology,Computer Software: Prepackaged Software
PATK,Patrick Industries Inc. Common Stock,$69.00,0.51,0.745%,2216160216.00,United States,,542677,Consumer Discretionary,Auto Parts:O.E.M.
PAVM,PAVmed Inc. Common Stock,$3.795,-0.05,-1.30%,30344509.00,United States,2016,8560,Health Care,Medical/Dental Instruments
PAXS,PIMCO Access Income Fund Common Shares of Beneficial Interest,$13.11,-0.12,-0.907%,0.00,United States,2022,296015,Finance,Investment Managers
PAY,Paymentus Holdings Inc. Class A Common Stock,$29.92,-0.25,-0.829%,3768114238.00,United States,2021,733105,Consumer Discretionary,Business Services
PAYC,Paycom Software Inc. Common Stock,$220.58,0.12,0.054%,9941897719.00,United States,2014,497260,Technology,Computer Software: Prepackaged Software
PAYO,Payoneer Global Inc. Common Stock,$7.14,-0.03,-0.418%,2419394969.00,United States,,2600685,Consumer Discretionary,Business Services
PAYS,Paysign Inc. Common Stock,$12.72,0.05,0.395%,718198624.00,United States,,576019,Technology,EDP Services
PAYX,Paychex Inc. Common Stock,$99.30,-2.07,-2.042%,35348860969.00,United States,1983,3448407,Industrials,Diversified Commercial Services
PB,Prosperity Bancshares Inc. Common Stock,$67.32,-0.45,-0.664%,8090300224.00,United States,,1197753,Finance,Major Banks
PBAM,Private Bancorp of America Inc. Common Stock,$85.80,-0.45,-0.522%,491615810.00,United States,,81388,Finance,Major Banks
PBF,PBF Energy Inc. Class A Common Stock,$74.39,0.70,0.95%,8817955379.00,United States,2012,2466657,Energy,Integrated oil Companies
PBFS,Pioneer Bancorp Inc. Common Stock,$17.72,0.05,0.283%,440194268.00,United States,2019,11413,Finance,Banks
PBH,Prestige Consumer Healthcare Inc. Common Stock,$46.93,0.32,0.687%,2223286317.00,United States,2005,651778,Health Care,Biotechnology: Pharmaceutical Preparations
PBHC,Pathfinder Bancorp Inc. Common Stock (MD),$17.2033,-0.1467,-0.846%,84267957.00,United States,,523,Finance,Major Banks
PBI,Pitney Bowes Inc. Common Stock,$16.38,0.00,0.00%,2245537673.00,United States,,928132,Miscellaneous,Office Equipment/Supplies/Services
PBI^B,Pitney Bowes Inc 6.70% Notes Due 2043,$20.75,-0.03,-0.144%,,United States,,80369,,
PBLS,Parabilis Medicines Inc. Common Stock,$32.57,1.37,4.391%,3971977617.00,United States,2026,809634,Health Care,Biotechnology: Pharmaceutical Preparations
PBT,Permian Basin Royalty Trust Common Stock,$32.77,-0.76,-2.267%,1527370245.00,United States,,68175,Energy,Oil & Gas Production
PBYI,Puma Biotechnology Inc Common Stock,$9.82,0.05,0.512%,506909048.00,United States,,245970,Health Care,Biotechnology: Pharmaceutical Preparations
PCAP,ProCap Acquisition Corp Class A Ordinary Shares,$10.39,0.01,0.096%,0.00,United States,2025,71148,Finance,Blank Checks
PCAPU,ProCap Acquisition Corp Unit,$10.46,0.02,0.192%,0.00,United States,2025,1134,,
PCAPW,ProCap Acquisition Corp Warrant,$0.2999,0.00,0.00%,0.00,United States,2025,72,Finance,Blank Checks
PCAR,PACCAR Inc. Common Stock,$111.65,0.34,0.305%,58768647002.00,United States,,3342785,Industrials,Auto Manufacturing
PCB,PCB Bancorp Common Stock,$27.59,-0.12,-0.433%,387490569.00,United States,2018,43382,Finance,Major Banks
PCF,High Income Securities Fund Common Stock,$5.18,-0.09,-1.708%,0.00,United States,,268185,Finance,Trusts Except Educational Religious and Charitable
PCG,Pacific Gas & Electric Co. Common Stock,$11.95,-0.39,-3.16%,32027320427.00,United States,,33093785,Utilities,Power Generation
PCG^A,Pacific Gas & Electric Co. 6% Preferred Stock,$20.20,-0.01,-0.049%,,United States,,18906,,
PCG^B,Pacific Gas & Electric Co. 5 1/2% Preferred Stock,$18.50,-0.20,-1.07%,,United States,,1410,,
PCG^C,Pacific Gas & Electric Co. 5% 1st Preferred Stock,$16.8764,0.00,0.00%,,United States,,9,,
PCG^D,Pacific Gas & Electric Co. 5% 1st  Red. Preferred Stock,$16.40,-0.12,-0.726%,,United States,,6839,,
PCG^E,Pacific Gas & Electric Co. 5% 1st A Preferred Stock,$16.6955,0.2955,1.802%,,United States,,4824,,
PCG^G,Pacific Gas & Electric Co. 4.80% 1st Preferred Stock,$16.11,-0.04,-0.248%,,United States,,684,,
PCG^H,Pacific Gas & Electric Co. 4.50% 1st Preferred Stock,$15.51,0.00,0.00%,,United States,,9,,
PCG^I,Pacific Gas & Electric Co. 4.36% 1st Preferred Stock,$15.175,0.245,1.641%,,United States,,2238,,
PCG^X,PG&E Corp 6.000% Series A Mandatory Convertible Preferred Stock,$31.05,-0.67,-2.112%,,United States,,21273,,
PCM,PCM Fund Inc. Common Stock,$4.92,-0.04,-0.806%,0.00,United States,1993,33737,Finance,Trusts Except Educational Religious and Charitable
PCN,Pimco Corporate & Income Strategy Fund Common Stock,$10.60,-0.18,-1.67%,0.00,United States,2001,714460,Finance,Investment Managers
PCOR,Procore Technologies Inc. Common Stock,$49.06,-0.24,-0.487%,7454928882.00,United States,2021,2790872,Technology,Computer Software: Prepackaged Software
PCQ,PIMCO California Municipal Income Fund Common Stock,$7.68,-0.17,-2.166%,0.00,United States,2001,461022,Finance,Investment Managers
PCRX,Pacira BioSciences Inc. Common Stock,$25.39,0.27,1.075%,1012093286.00,United States,2011,483070,Health Care,Biotechnology: Pharmaceutical Preparations
PCSA,Processa Pharmaceuticals Inc. Common Stock,$1.84,0.00,0.00%,5139830.00,United States,,9409,Health Care,Biotechnology: Pharmaceutical Preparations
PCT,PureCycle Technologies Inc. Common stock,$4.66,-0.36,-7.171%,936216415.00,United States,,7584864,Industrials,Major Chemicals
PCTTW,PureCycle Technologies Inc. Warrant,$0.76,0.00,0.00%,152687656.00,United States,,5317,Industrials,Major Chemicals
PCTY,Paylocity Holding Corporation Common Stock,$142.72,-0.63,-0.439%,7572289759.00,United States,2014,797381,Technology,Computer Software: Prepackaged Software
PCVX,Vaxcyte Inc. Common Stock,$58.27,2.06,3.665%,8670883549.00,United States,2020,1849038,Health Care,Biotechnology: Biological Products (No Diagnostic Substances)
PCYO,Pure Cycle Corporation Common Stock,$10.93,0.06,0.552%,263384254.00,United States,,101172,Utilities,Water Supply
PD,PagerDuty Inc. Common Stock,$14.48,0.10,0.695%,1138850161.00,United States,2019,1362099,Technology,Computer Software: Prepackaged Software
PDEX,Pro-Dex Inc. Common Stock,$71.62,-0.15,-0.209%,229422781.00,United States,,92387,Health Care,Medical/Dental Instruments
PDFS,PDF Solutions Inc. Common Stock,$49.75,0.20,0.404%,2100803996.00,United States,2001,526271,Technology,Computer Software: Prepackaged Software
PDI,PIMCO Dynamic Income Fund Common Stock,$13.90,-0.10,-0.714%,3378951000.00,United States,2012,3273839,Finance,Trusts Except Educational Religious and Charitable
PDLB,Ponce Financial Group Inc. Common Stock,$20.21,-0.13,-0.639%,488837479.00,United States,2017,77821,Finance,Savings Institutions
PDM,Piedmont Realty Trust Inc. Class A Common Stock,$9.10,-0.07,-0.763%,1138708708.00,United States,,1219022,Real Estate,Building operators
PDO,PIMCO Dynamic Income Opportunities Fund Common Shares of Beneficial Interest,$11.67,-0.06,-0.512%,1694803408.00,United States,2021,1719991,Finance,Trusts Except Educational Religious and Charitable
PDSB,PDS Biotechnology Corporation Common Stock,$0.7659,-0.0312,-3.914%,55507996.00,United States,2015,4042398,Health Care,Biotechnology: Pharmaceutical Preparations
PDT,John Hancock Premium Dividend Fund,$11.58,-0.20,-1.698%,0.00,United States,,185826,Finance,Finance Companies
PDYN,Palladyne AI Corp. Common Stock,$5.28,-0.11,-2.041%,260507333.00,United States,,816792,Technology,Computer Software: Prepackaged Software
PEB,Pebblebrook Hotel Trust Common Shares of Beneficial Interest,$18.73,0.31,1.683%,2113544071.00,United States,2009,1920022,Real Estate,Real Estate Investment Trusts
PEB^E,Pebblebrook Hotel Trust 6.375% Series E Cumulative Redeemable Preferred Shares of Beneficial Interest,$19.64,-0.1004,-0.509%,,United States,,1597,,
PEB^F,Pebblebrook Hotel Trust 6.3% Series F Cumulative Redeemable Preferred Shares of Beneficial Interest,$19.57,-0.09,-0.458%,,United States,,4625,,
PEB^G,Pebblebrook Hotel Trust 6.375% Series G Cumulative Redeemable Preferred Shares of Beneficial Interest,$19.71,-0.22,-1.104%,,United States,,6915,,
PEB^H,Pebblebrook Hotel Trust 5.700% Series H Cumulative Redeemable Preferred Shares of Beneficial Interest,$18.25,-0.12,-0.653%,,United States,,1282,,
PEBK,Peoples Bancorp of North Carolina Inc. Common Stock,$43.15,-0.09,-0.208%,235663294.00,United States,,13090,Finance,Major Banks
PEBO,Peoples Bancorp Inc. Common Stock,$39.11,-0.11,-0.28%,1405703940.00,United States,,217167,Finance,Major Banks
PECE,Peace Acquisition Corp Ordinary Shares,$10.005,0.00,0.00%,0.00,United States,2026,6121,Finance,Blank Checks
PECO,Phillips Edison & Company Inc. Common Stock,$37.59,0.20,0.535%,4837833000.00,United States,2021,1341527,Real Estate,Real Estate Investment Trusts
PED,Pedevco Corp. Common Stock,$13.10,-0.01,-0.076%,174125370.00,United States,,17468,Energy,Oil & Gas Production
PEG,Public Service Enterprise Group Incorporated Common Stock,$66.73,-0.29,-0.433%,33259568602.00,United States,,3394614,Utilities,Power Generation
PEGA,Pegasystems Inc. Common Stock,$33.23,-0.515,-1.526%,5463176322.00,United States,1996,1411693,Technology,EDP Services
PEN,Penumbra Inc. Common Stock,$319.18,0.29,0.091%,12572315714.00,United States,2015,189499,Health Care,Medical/Dental Instruments
PENG,Penguin Solutions Inc. Common Stock,$54.98,-1.24,-2.206%,2817323591.00,United States,2017,1338829,Technology,Semiconductors
PENN,PENN Entertainment Inc. Common Stock,$15.24,-0.41,-2.62%,2043174847.00,United States,1994,2203206,Consumer Discretionary,Hotels/Resorts
PEO,Adams Natural Resources Fund Inc. Common Stock,$27.70,-0.29,-1.036%,0.00,United States,,82854,Finance,Finance/Investors Services
PEP,PepsiCo Inc. Common Stock,$128.50,-0.13,-0.101%,175388565203.00,United States,,7512730,Consumer Staples,Beverages (Production/Distribution)
PEPG,PepGen Inc. Common Stock,$2.59,0.00,0.00%,179382149.00,United States,2022,740058,Health Care,Biotechnology: Pharmaceutical Preparations
PESI,Perma-Fix Environmental Services Inc. Common Stock,$15.64,-0.01,-0.064%,331855010.00,United States,,147917,Industrials,Environmental Services
PETS,PetMed Express Inc. Common Stock,$1.405,-0.125,-8.17%,30458874.00,United States,,275258,Consumer Staples,Retail-Drug Stores and Proprietary Stores
PFBC,Preferred Bank Common Stock,$109.02,-0.46,-0.42%,1565168524.00,United States,,205217,Finance,Major Banks
PFD,Flaherty & Crumrine Preferred and Income Fund Incorporated,$10.67,-0.16,-1.477%,0.00,United States,1991,40969,Finance,Investment Managers
PFE,Pfizer Inc. Common Stock,$28.72,0.05,0.174%,163694625476.00,United States,,24950486,Health Care,Biotechnology: Pharmaceutical Preparations
PFG,Principal Financial Group Inc Common Stock,$114.64,-0.13,-0.113%,24544956044.00,United States,2001,1372342,Finance,Accident &Health Insurance
PFGC,Performance Food Group Company Common Stock,$91.97,0.42,0.459%,14488312953.00,United States,2015,1418093,Consumer Discretionary,Food Distributors
PFH,Prudential Financial Inc. 4.125% Junior Subordinated Notes due 2060,$14.88,-0.175,-1.162%,5312160000.00,United States,2020,22181,Finance,Life Insurance
PFIS,Peoples Financial Services Corp. Common Stock,$69.36,-0.44,-0.63%,694319055.00,United States,,71592,Finance,Major Banks
PFL,PIMCO Income Strategy Fund Shares of Beneficial Interest,$6.83,-0.10,-1.443%,0.00,United States,2003,412073,Finance,Finance Companies
PFLA,PennantPark Floating Rate Capital Ltd. 7.375% Notes Due 2031,$24.87,-0.13,-0.52%,0.00,United States,2026,5220,Finance,Finance: Consumer Services
PFLT,PennantPark Floating Rate Capital Ltd. Common Stock,$6.95,-0.04,-0.572%,689564377.00,United States,2022,750273,Finance,Finance: Consumer Services
PFN,PIMCO Income Strategy Fund II,$6.20,-0.05,-0.80%,0.00,United States,2004,750354,Finance,Finance/Investors Services
PFO,Flaherty & Crumrine Preferred and Income Opportunity Fund Incorporated,$8.56,-0.14,-1.609%,0.00,United States,1992,41628,Finance,Finance Companies
PFS,Provident Financial Services Inc Common Stock,$22.53,-0.31,-1.357%,2938421584.00,United States,2003,796034,Finance,Savings Institutions
PFSA,Profusa Inc. Common Stock,$1.69,-0.49,-22.477%,1023543.00,United States,,824919,Health Care,Medical/Dental Instruments
PFSI,PennyMac Financial Services Inc. Common Stock,$63.66,-1.80,-2.75%,3307237074.00,United States,2013,451116,Finance,Finance: Consumer Services
PFX,PhenixFIN Corporation Common Stock,$44.67,-0.92,-2.018%,86269965.00,United States,,7192,Finance,Finance: Consumer Services
PFXNZ,PhenixFIN Corporation  5.25% Notes due 2028,$24.04,0.00,0.00%,48173011.00,United States,,142,Finance,Finance: Consumer Services
PG,Procter & Gamble Company (The) Common Stock,$149.03,2.80,1.915%,346410258932.00,United States,,8850091,Consumer Discretionary,Package Goods/Cosmetics
PGAC,Pantages Capital Acquisition Corporation Class A Ordinary Shares,$10.78,0.07,0.654%,0.00,United States,2025,208,,
PGC,Peapack-Gladstone Financial Corporation Common Stock,$44.12,-0.91,-2.021%,782157242.00,United States,,123048,Finance,Commercial Banks
PGEN,Precigen Inc. Common Stock,$7.81,0.06,0.774%,2796255279.00,United States,,3491174,Health Care,Biotechnology: Pharmaceutical Preparations
PGNY,Progyny Inc. Common Stock,$25.52,0.08,0.314%,1958067885.00,United States,2019,1080760,Health Care,Misc Health and Biotechnology Services
PGP,Pimco Global StocksPlus & Income Fund Common Shares of Beneficial Interest,$8.12,-0.18,-2.169%,0.00,United States,2005,36526,Finance,Finance Companies
PGR,Progressive Corporation (The) Common Stock,$209.47,3.97,1.932%,121779944662.00,United States,,3568611,Finance,Property-Casualty Insurers
PGY,Pagaya Technologies Ltd. Class A Ordinary Shares,$17.00,-0.62,-3.519%,1418239331.00,United States,,2770622,Finance,Finance: Consumer Services
PGYWW,Pagaya Technologies Ltd. Warrants,$0.0167,0.00,0.00%,1393212.00,United States,,113,Finance,Finance: Consumer Services
PH,Parker-Hannifin Corporation Common Stock,$969.55,-8.78,-0.897%,122272291963.00,United States,,675031,Industrials,Metal Fabrications
PHAT,Phathom Pharmaceuticals Inc. Common Stock,$7.35,0.05,0.685%,594621865.00,United States,2019,1690923,Health Care,Biotechnology: Pharmaceutical Preparations
PHIN,PHINIA Inc. Common Stock,$60.74,-1.30,-2.095%,2225397465.00,United States,2023,335036,Consumer Discretionary,Auto Parts:O.E.M.
PHIO,Phio Pharmaceuticals Corp. Common Stock,$1.01,0.00,0.00%,11733423.00,United States,,112284,Health Care,Biotechnology: Pharmaceutical Preparations
PHK,Pimco High Income Fund,$4.07,-0.06,-1.453%,0.00,United States,2003,1961492,Finance,Finance/Investors Services
PHM,PulteGroup Inc. Common Stock,$119.13,-0.72,-0.601%,22331221090.00,United States,,1614819,Consumer Discretionary,Homebuilding
PHR,Phreesia Inc. Common Stock,$10.10,-0.05,-0.493%,626916534.00,United States,2019,645976,Consumer Discretionary,Business Services
PI,Impinj Inc. Common Stock,$176.88,-1.40,-0.785%,5404464571.00,United States,2016,371430,Technology,Industrial Machinery/Components
PII,Polaris Inc. Common Stock,$52.30,-0.73,-1.377%,2976054305.00,United States,,844292,Consumer Discretionary,Industrial Specialties
PIII,P3 Health Partners Inc. Class A Common Stock,$6.94,-0.11,-1.56%,50391215.00,United States,2021,8959,Health Care,Medical/Nursing Services
PIIIW,P3 Health Partners Inc. Warrant,$0.0063,0.00,0.00%,45744.00,United States,2021,601,Health Care,Medical/Nursing Services
PIM,Franklin Master Intermediate Income Trust Shares of Beneficial Interest,$3.01,-0.01,-0.331%,151262716.00,United States,1988,118704,Finance,Finance Companies
PINE,Alpine Income Property Trust Inc. Common Stock,$16.89,-0.18,-1.054%,302929024.00,United States,2019,149753,Real Estate,Real Estate Investment Trusts
PINE^A,Alpine Income Property Trust Inc. 8.00% Series A Cumulative Redeemable Preferred Stock,$25.31,0.1664,0.662%,,United States,,12087,,
PINS,Pinterest Inc. Class A Common Stock,$18.41,-0.49,-2.593%,10425822827.00,United States,2019,8822943,Technology,Computer Software: Programming Data Processing
PIPR,Piper Sandler Companies Common Stock,$71.69,-0.65,-0.899%,5066353162.00,United States,2026,833926,Finance,Investment Bankers/Brokers/Service
PJT,PJT Partners Inc. Class A Common Stock,$149.14,-2.63,-1.733%,6116471366.00,United States,2015,407953,Finance,Investment Managers
PK,Park Hotels & Resorts Inc. Common Stock ,$15.72,0.29,1.879%,3165038548.00,United States,2016,4941288,Consumer Discretionary,Hotels/Resorts
PKBK,Parke Bancorp Inc. Common Stock,$33.65,-0.12,-0.355%,395773466.00,United States,,43330,Finance,Major Banks
PKE,Park Aerospace Corp. Common Stock,$29.78,-0.33,-1.096%,647751064.00,United States,,252643,Industrials,Military/Government/Technical
PKG,Packaging Corporation of America Common Stock,$234.52,-2.66,-1.122%,20895333081.00,United States,2000,684581,Consumer Discretionary,Containers/Packaging
PKOH,Park-Ohio Holdings Corp. Common Stock,$47.44,-0.60,-1.249%,687406074.00,United States,,110505,Industrials,Industrial Specialties
PL,Planet Labs PBC Class A Common Stock,$16.77,-0.66,-3.787%,6101730776.00,United States,2021,8422732,Technology,Radio And Television Broadcasting And Communications Equipment
PLAB,Photronics Inc. Common Stock,$30.50,0.10,0.329%,1799413594.00,United States,1987,872222,Technology,Semiconductors
PLAY,Dave & Buster's Entertainment Inc. Common Stock,$6.41,-0.21,-3.172%,223264428.00,United States,2014,2283446,Consumer Discretionary,Restaurants
PLBC,Plumas Bancorp,$62.34,0.05,0.08%,433825057.00,United States,,40064,Finance,Finance Companies
PLBY,Playboy Inc. Common Stock,$1.03,0.00,0.00%,123401919.00,United States,2020,413472,Consumer Discretionary,Other Specialty Stores
PLCE,Children's Place Inc. (The) Common Stock,$2.11,-0.05,-2.315%,46920211.00,United States,1997,51268,Consumer Discretionary,Clothing/Shoe/Accessory Stores
PLCI,Pelican Acquisition II Corporation Ordinary Shares,$9.8901,0.00,0.00%,0.00,United States,2026,42,Finance,Blank Checks
PLD,Prologis Inc. Common Stock,$132.44,-0.61,-0.458%,125563185440.00,United States,,3045487,Real Estate,Real Estate Investment Trusts
PLMK,Plum Acquisition Corp. IV Class A Ordinary Shares,$10.72,0.00,0.00%,0.00,United States,2025,39,,
PLMKU,Plum Acquisition Corp. IV Unit,$10.76,0.00,0.00%,0.00,United States,2025,3,,
PLMR,Palomar Holdings Inc. Common stock,$123.04,-0.95,-0.766%,3238127716.00,United States,2019,239421,Finance,Property-Casualty Insurers
PLNT,Planet Fitness Inc. Common Stock,$40.50,-2.18,-5.108%,3046287083.00,United States,2015,3605690,Consumer Discretionary,Hotels/Resorts
PLOW,Douglas Dynamics Inc. Common Stock,$39.54,-0.20,-0.503%,912466399.00,United States,2010,323368,Industrials,Construction/Ag Equipment/Trucks
PLPC,Preformed Line Products Company Common Stock,$416.37,-6.96,-1.644%,2035508435.00,United States,,72983,Industrials,Water Sewer Pipeline Comm & Power Line Construction
PLRX,Pliant Therapeutics Inc. Common Stock,$1.08,0.00,0.00%,66875649.00,United States,2020,349137,Health Care,Biotechnology: Pharmaceutical Preparations
PLSE,Pulse Biosciences Inc Common Stock (DE),$52.32,0.69,1.336%,3731598798.00,United States,2016,374868,Health Care,Medical/Dental Instruments
PLTR,Palantir Technologies Inc. Class A Common Stock,$187.48,-2.19,-1.155%,450336986430.00,United States,,18464277,Technology,Computer Software: Prepackaged Software
PLUG,Plug Power Inc. Common Stock,$1.86,-0.12,-6.061%,2598783217.00,United States,1999,65340497,Energy,Industrial Machinery/Components
PLUS,ePlus inc. Common Stock,$89.41,-1.10,-1.215%,2332744273.00,United States,1996,148763,Technology,Retail: Computer Software & Peripheral Equipment
PLXS,Plexus Corp. Common Stock,$264.96,1.87,0.711%,7061740151.00,United States,,161957,Technology,Electrical Products
PLYX,Polaryx Therapeutics Inc. Common Stock,$2.04,-0.05,-2.392%,101685826.00,United States,,17274,Health Care,Biotechnology: Pharmaceutical Preparations
PM,Philip Morris International Inc Common Stock,$193.76,3.28,1.722%,301996939941.00,United States,,4094841,Health Care, Medicinal Chemicals and Botanical Products 
PMCB,PharmaCyte  Biotech Inc. Common Stock,$0.4199,-0.0211,-4.785%,4507899.00,United States,,142302,Health Care,Biotechnology: Biological Products (No Diagnostic Substances)
PML,Pimco Municipal Income Fund II Common Shares of Beneficial Interest,$6.50,-0.06,-0.915%,0.00,United States,2002,1802167,Finance,Investment Managers
PMM,Franklin Managed Municipal Income Trust Shares of Beneficial Interest,$5.51,-0.06,-1.077%,268550838.00,United States,1989,332386,Finance,Investment Managers
PMO,Franklin Municipal Opportunities Trust Shares of Beneficial Interest,$9.06,-0.23,-2.476%,307872997.00,United States,1993,203357,Finance,Finance Companies
PMT,PennyMac Mortgage Investment Trust Common Shares of Beneficial Interest,$8.07,-0.26,-3.121%,703723061.00,United States,2009,2241737,Real Estate,Real Estate Investment Trusts
PMT^A,PennyMac Mortgage Investment Trust 8.125% Series A Fixed-to-Floating Rate Cumulative Redeemable Preferred Shares of Beneficial Interest,$21.51,-0.22,-1.012%,,United States,,8567,,
PMT^B,PennyMac Mortgage Investment Trust 8.00% Series B Fixed-to-Floating Rate Cumulative Redeemable Preferred Shares of Beneficial Interest,$21.32,-0.24,-1.113%,,United States,,10898,,
PMT^C,PennyMac Mortgage Investment Trust 6.75% Series C Cumulative Redeemable Preferred Shares of Beneficial Interest,$16.79,-0.14,-0.827%,,United States,,27619,,
PMTR,Perimeter Acquisition Corp. I Class A Ordinary Shares,$10.42,0.00,0.00%,0.00,United States,2025,2036,Finance,Blank Checks
PMTS,CPI Card Group Inc. Common Stock,$24.79,0.04,0.162%,287365234.00,United States,,159997,Consumer Discretionary,Publishing
PMTU,PennyMac Mortgage Investment Trust 8.50% Senior Notes due 2028,$25.15,-0.03,-0.119%,2193139404.00,United States,2023,5235,Real Estate,Real Estate Investment Trusts
PMTV,PennyMac Mortgage Investment Trust 9.00% Senior Notes due 2030,$25.21,-0.10,-0.395%,0.00,United States,2025,16226,Real Estate,Real Estate Investment Trusts
PMTW,PennyMac Mortgage Investment Trust 9.00% Senior Notes due 2030,$25.0708,-0.1009,-0.401%,0.00,United States,2025,7043,Real Estate,Real Estate Investment Trusts
PMVP,PMV Pharmaceuticals Inc. Common Stock,$1.36,0.03,2.256%,102700988.00,United States,2020,341570,Health Care,Biotechnology: Pharmaceutical Preparations
PNBK,Patriot National Bancorp Inc. Common Stock,$1.00,0.00,0.00%,118742200.00,United States,,98383,Finance,Major Banks
PNC,PNC Financial Services Group Inc. (The) Common Stock,$223.67,-1.97,-0.873%,89231729998.00,United States,,1418203,Finance,Major Banks
PNFP,Pinnacle Financial Partners Inc. Common stock,$93.46,-1.51,-1.59%,14122987334.00,United States,,808799,Finance,Major Banks
PNFP^A,Pinnacle Financial Partners Inc. Fixed-to-Floating Rate Non-Cumulative Perpetual Preferred Stock Series A,$25.1749,-0.0751,-0.297%,,United States,,3312,,
PNFP^B,Pinnacle Financial Partners Inc. Fixed-to-Floating Rate Non-Cumulative Perpetual Preferred Stock Series B,$25.71,0.00,0.00%,,United States,,14607,,
PNFP^C,Pinnacle Financial Partners Inc. Fixed-to-Floating Rate Non-Cumulative Perpetual Preferred Stock Series C,$24.41,0.03,0.123%,,United States,,20892,,
PNI,Pimco New York Municipal Income Fund II Common Shares of Beneficial Interest,$6.19,-0.10,-1.59%,0.00,United States,2002,118719,Finance,Trusts Except Educational Religious and Charitable
PNNT,PennantPark Investment Corporation Common Stock,$3.29,-0.03,-0.904%,214824149.00,United States,2022,410816,Finance,Finance: Consumer Services
PNRG,PrimeEnergy Resources Corporation Common Stock,$206.78,-1.89,-0.906%,327250028.00,United States,,50214,Energy,Oil & Gas Production
PNTG,The Pennant Group Inc. Common Stock ,$40.90,0.13,0.319%,1428599127.00,United States,,461419,Health Care,Medical/Nursing Services
PNW,Pinnacle West Capital Corporation Common Stock,$91.32,-0.42,-0.458%,11067731409.00,United States,,943210,Utilities,Electric Utilities: Central
POCI,Precision Optics Corporation Inc. Common stock,$4.525,-0.105,-2.268%,49525532.00,United States,,522569,Health Care,Biotechnology: Electromedical & Electrotherapeutic Apparatus
PODC,PodcastOne Inc. Common Stock,$2.07,-0.13,-5.909%,62623081.00,United States,,67560,Technology,Computer Software: Programming Data Processing
PODD,Insulet Corporation Common Stock,$133.11,-3.02,-2.218%,9231737429.00,United States,2007,1725028,Health Care,Medical/Dental Instruments
POLA,Polar Power Inc. Common Stock,$1.26,-0.05,-3.817%,5429742.00,United States,2016,97466,Miscellaneous,Industrial Machinery/Components
POLE,Andretti Acquisition Corp. II Class A Ordinary Shares,$10.73,0.00,0.00%,0.00,United States,2024,635,,
POLEW,Andretti Acquisition Corp. II Warrant,$0.1101,-0.01,-8.326%,0.00,United States,2024,899,,
POOL,Pool Corporation Common Stock,$163.31,-1.60,-0.97%,5934807393.00,United States,1995,723629,Consumer Discretionary,Industrial Specialties
POR,Portland General Electric Co Common Stock,$44.18,-2.67,-5.699%,5195909953.00,United States,,4643772,Utilities,Electric Utilities: Central
POST,Post Holdings Inc. Common Stock,$74.87,1.72,2.351%,3291045990.00,United States,2012,829210,Consumer Staples,Packaged Foods
POWI,Power Integrations Inc. Common Stock,$51.84,-0.38,-0.728%,2896471768.00,United States,1997,629292,Technology,Semiconductors
POWL,Powell Industries Inc. Common Stock,$187.23,-2.30,-1.214%,6821268958.00,United States,,426626,Energy,Electrical Products
POWW,Outdoor Holding Company Common Stock,$2.27,-0.02,-0.873%,263458313.00,United States,,392179,Industrials,Ordnance And Accessories
POWWP,Outdoor Holding Company 8.75% Series A Cumulative Redeemable Perpetual Preferred Stock,$24.10,-0.2001,-0.823%,2797068437.00,United States,,9600,Industrials,Ordnance And Accessories
PPC,Pilgrim's Pride Corporation Common Stock,$28.11,0.29,1.042%,6693230610.00,United States,,1638667,Consumer Staples,Meat/Poultry/Fish
PPG,PPG Industries Inc. Common Stock,$107.01,-0.51,-0.474%,23788323000.00,United States,,1537810,Consumer Discretionary,Paints/Coatings
PPHC,Public Policy Holding Company Inc. Common Stock,$11.23,0.17,1.537%,335724095.00,United States,2026,217108,,
PPIH,Perma-Pipe International Holdings Inc. Common Stock,$31.88,0.14,0.441%,261262307.00,United States,,56974,Industrials,Pollution Control Equipment
PPL,PPL Corporation Common Stock,$32.11,0.08,0.25%,24164214845.00,United States,,7700200,Utilities,Electric Utilities: Central
PPLC,PPL Corporation Corporate Units,$44.14,0.05,0.113%,33217329282.00,United States,,5640,Utilities,Electric Utilities: Central
PPLI,People Incorporated Common Stock,$39.64,-0.36,-0.90%,2951749987.00,United States,,1621330,Technology,Computer Software: Programming Data Processing
PPSI,Pioneer Power Solutions Inc. Common Stock,$3.30,0.00,0.00%,36627578.00,United States,,123280,Miscellaneous,Industrial Machinery/Components
PPT,Franklin Premier Income Trust Shares of Beneficial Interest,$3.24,-0.01,-0.308%,322471572.00,United States,1988,229938,Finance,Finance Companies
PR,Permian Resources Corporation Class A Common Stock,$21.30,-0.06,-0.281%,17839964718.00,United States,2022,8192661,Energy,Oil & Gas Production
PRAA,PRA Group Inc. Common Stock,$20.05,-0.60,-2.906%,754842520.00,United States,2002,533479,Finance,Finance Companies
PRAX,Praxis Precision Medicines Inc. Common Stock,$285.65,4.87,1.734%,7975344572.00,United States,2020,436866,Health Care,Biotechnology: Pharmaceutical Preparations
PRCH,Porch Group Inc. Common Stock,$16.83,0.30,1.815%,2218733301.00,United States,2020,1492575,Technology,Computer Software: Prepackaged Software
PRCT,PROCEPT BioRobotics Corporation Common Stock,$17.25,0.05,0.291%,987970618.00,United States,2021,1749504,Health Care,Medical/Dental Instruments
PRDO,Perdoceo Education Corporation Common Stock,$30.01,-0.48,-1.574%,1877937421.00,United States,,531560,Real Estate,Other Consumer Services
PRG,PROG Holdings Inc. Common Stock,$31.94,-0.74,-2.264%,1272222358.00,United States,,475129,Consumer Discretionary,Diversified Commercial Services
PRGO,Perrigo Company plc Ordinary Shares,$15.10,-0.32,-2.075%,2095415600.00,United States,,2889464,Health Care,Biotechnology: Pharmaceutical Preparations
PRGS,Progress Software Corporation Common Stock (DE),$39.41,0.07,0.178%,1616320044.00,United States,1991,451218,Technology,Computer Software: Prepackaged Software
PRH,Prudential Financial Inc. 5.950% Junior Subordinated Notes due 2062,$21.225,-0.105,-0.492%,7471200000.00,United States,2022,32966,Finance,Life Insurance
PRHI,Presurance Holdings Inc. Common Stock,$6.72,-0.73,-9.799%,25173738.00,United States,2015,33932,Finance,Property-Casualty Insurers
PRI,Primerica Inc. Common Stock,$275.45,-0.14,-0.051%,8477621058.00,United States,2010,153458,Finance,Life Insurance
PRIM,Primoris Services Corporation Common Stock,$71.12,-1.53,-2.106%,3828555096.00,United States,,1186720,Industrials,Water Sewer Pipeline Comm & Power Line Construction
PRK,Park National Corporation Common Stock,$181.50,-0.18,-0.099%,3278645222.00,United States,1994,114762,Finance,Major Banks
PRKS,United Parks & Resorts Inc. Common Stock,$32.04,-1.21,-3.639%,1452735540.00,United States,2013,855718,Consumer Discretionary,Services-Misc. Amusement & Recreation
PRLB,Proto Labs Inc. Common stock,$96.90,0.65,0.675%,2318031819.00,United States,2012,297712,Industrials,Metal Fabrications
PRLD,Prelude Therapeutics Incorporated Common Stock,$3.91,0.035,0.903%,312031626.00,United States,2020,496468,Health Care,Biotechnology: Pharmaceutical Preparations
PRMB,Primo Brands Corporation Class A Common Stock,$19.49,-0.01,-0.051%,7062280337.00,United States,2024,3739624,Consumer Staples,Beverages (Production/Distribution)
PRME,Prime Medicine Inc. Common Stock,$2.875,-0.025,-0.862%,521458461.00,United States,2022,3682523,Health Care,Biotechnology: Biological Products (No Diagnostic Substances)
PROK,ProKidney Corp. Class A Ordinary Shares,$1.61,0.01,0.625%,486739475.00,United States,2021,1814573,Health Care,Biotechnology: Biological Products (No Diagnostic Substances)
PROP,Prairie Operating Co. Common Stock,$0.4066,-0.0194,-4.554%,45863671.00,United States,,418199,Energy,Oil & Gas Production
PROV,Provident Financial Holdings Inc. Common Stock,$18.27,-0.15,-0.814%,113894413.00,United States,,8923,Finance,Savings Institutions
PRPL,Purple Innovation Inc. Common Stock,$2.43,-0.04,-1.619%,10578055.00,United States,2015,15580,Consumer Discretionary,Home Furnishings
PRPO,Precipio Inc.  Common Stock,$24.11,0.46,1.945%,43161433.00,United States,,72402,Industrials,Biotechnology: Laboratory Analytical Instruments
PRS,Prudential Financial Inc. 5.625% Junior Subordinated Notes due 2058,$20.17,0.09,0.448%,7099840000.00,United States,2018,60214,Finance,Life Insurance
PRSO,Peraso Inc. Common Stock,$0.4947,-0.014,-2.752%,7452396.00,United States,,122163,Technology,Semiconductors
PRSU,Pursuit Attractions and Hospitality Inc. Common Stock,$49.65,0.37,0.751%,1353665296.00,United States,,142302,Consumer Discretionary,Services-Misc. Amusement & Recreation
PRT,PermRock Royalty Trust Units of Beneficial Interest,$1.97,-0.04,-1.99%,23966492.00,United States,2018,37641,Energy,Oil & Gas Production
PRTA,Prothena Corporation plc Ordinary Shares,$8.72,0.43,5.187%,447658413.00,United States,,488918,Health Care,Biotechnology: Pharmaceutical Preparations
PRTH,Priority Technology Holdings Inc. Common Stock,$7.77,-0.01,-0.129%,640561690.00,United States,2016,1440043,Consumer Discretionary,Business Services
PRTS,CarParts.com Inc. Common Stock,$8.15,-0.41,-4.79%,65733271.00,United States,2007,30369,Consumer Discretionary,Auto & Home Supply Stores
PRU,Prudential Financial Inc. Common Stock,$116.09,-3.36,-2.813%,40051050000.00,United States,2001,1510742,Finance,Life Insurance
PRVA,Privia Health Group Inc. Common Stock,$19.87,0.16,0.812%,2538078693.00,United States,2021,1399285,Health Care,Medical/Nursing Services
PSA,Public Storage Common Stock,$284.79,-3.18,-1.104%,50015142752.00,United States,,963834,Real Estate,Real Estate Investment Trusts
PSA^F,Public Storage Depositary Shares Each Representing 1/1000 of a 5.15% Cumulative Preferred Share of Beneficial Interest Series F par value $0.01 per share,$18.0958,-0.0842,-0.463%,,United States,,11156,,
PSA^G,Public Storage Depositary Shares Each Representing 1/1000 of a 5.05% Cumulative Preferred Share of Beneficial Interest Series G,$17.76,-0.17,-0.948%,,United States,,21974,,
PSA^H,Public Storage Depositary Shares Each Representing 1/1000 of a  5.60% Cumulative Preferred  Share of Beneficial Interest Series H,$19.73,-0.17,-0.854%,,United States,,24284,,
PSA^I,Public Storage Depositary Shares Each Representing 1/1000 of a 4.875% Cumulative Preferred Share of Beneficial Interest Series I par value $0.01 per share,$17.12,-0.24,-1.382%,,United States,,17389,,
PSA^J,Public Storage Depositary Shares Each Representing 1/1000 of a 4.700% Cumulative Preferred Share of Beneficial Interest Series J par value $0.01 per share,$16.65,-0.11,-0.656%,,United States,,23503,,
PSA^K,Public Storage Depositary Shares Each Representing 1/1000 of a 4.75% Cumulative Preferred Share of Beneficial Interest Series K,$16.64,-0.1799,-1.07%,,United States,,17543,,
PSA^L,Public Storage Depositary Shares Each Representing 1/1000 of a 4.625% Cumulative Preferred Share of Beneficial Interest Series L par value $0.01 per share,$16.16,-0.20,-1.222%,,United States,,32621,,
PSA^M,Public Storage Depositary Shares Each Representing 1/1000 of a 4.125% Cumulative Preferred Share of Beneficial Interest Series M,$14.50,-0.04,-0.275%,,United States,,15648,,
PSA^N,Public Storage Depositary Shares Each Representing 1/1000 of a 3.875% Cumulative Preferred Share of Beneficial Interest Series N,$13.61,-0.14,-1.018%,,United States,,26370,,
PSA^O,Public Storage Depositary Shares Each Representing 1/1000 of a 3.900% Cumulative Preferred Share of Beneficial Interest Series O,$13.65,-0.11,-0.799%,,United States,,27976,,
PSA^P,Public Storage Depositary Shares Each Representing 1/1000 of a 4.000% Cumulative Preferred Share of Bene cial Interest Series P,$13.98,-0.14,-0.992%,,United States,,104833,,
PSA^Q,Public Storage Depositary Shares Each Representing 1/1000 of a 3.950% Cumulative Preferred Share of Beneficial Interest Series Q par value $0.01 per share,$13.83,-0.12,-0.86%,,United States,,19649,,
PSA^R,Public Storage Depositary Shares Each Representing 1/1000 of a 4.00% Cumulative Preferred Share of Bene cial Interest Series R,$14.015,-0.105,-0.744%,,United States,,32913,,
PSA^S,Public Storage Depositary Shares Each Representing 1/1000 of a 4.100% Cumulative Preferred Share of Beneficial Interest Series S,$14.52,-0.1489,-1.015%,,United States,,8921,,
PSA^T,Public Storage 6.000% Cumulative Preferred Shares of beneficial interest Series T,$21.28,-0.30,-1.39%,,United States,,68229,,
PSA^U,Public Storage 6.000% Cumulative Preferred Shares of Beneficial Interest Series U,$21.67,0.07,0.324%,,United States,,2979,,
PSEC,Prospect Capital Corporation Common Stock,$2.13,-0.025,-1.16%,1137029888.00,United States,2004,6262695,Finance,Finance: Consumer Services
PSEC^A,Prospect Capital Corporation 5.35% Series A Fixed Rate Cumulative Perpetual Preferred Stock,$15.525,0.075,0.485%,,United States,,3845,,
PSIX,Power Solutions International Inc. Common Stock,$45.54,-1.11,-2.379%,1050400593.00,United States,,265138,Industrials,Industrial Machinery/Components
PSKY,Paramount Skydance Corporation Class B Common Stock,$10.28,0.32,3.213%,11533602608.00,United States,,24192642,Industrials,Broadcasting
PSMT,PriceSmart Inc. Common Stock,$172.97,-1.76,-1.007%,5337944836.00,United States,,230835,Consumer Discretionary,Department/Specialty Retail Stores
PSN,Parsons Corporation Common Stock,$41.60,-1.47,-3.413%,4443104390.00,United States,2019,1247737,Technology,EDP Services
PSNL,Personalis Inc. Common Stock,$16.32,-0.14,-0.851%,1742973911.00,United States,2019,1669517,Health Care,Medical Specialities
PSTL,Postal Realty Trust Inc. Class A Common Stock,$23.22,-0.43,-1.818%,702378831.00,United States,2019,439595,Real Estate,Real Estate Investment Trusts
PSX,Phillips 66 Common Stock,$253.55,-2.20,-0.86%,101171753252.00,United States,,3597160,Energy,Integrated oil Companies
PTA,Cohen & Steers Tax-Advantaged Preferred Securities and Income Fund Common Shares of Beneficial Interest,$17.09,-0.30,-1.725%,944623380.00,United States,2020,339908,Finance,Trusts Except Educational Religious and Charitable
PTAC,Patriot Acquisition Corp. Class A Ordinary Shares,$9.96,0.00,0.00%,0.00,United States,2026,6,Finance,Blank Checks
PTC,PTC Inc. Common Stock,$139.69,1.57,1.137%,15157239599.00,United States,,985800,Technology,Computer Software: Prepackaged Software
PTCT,PTC Therapeutics Inc. Common Stock,$65.95,3.28,5.234%,5504239892.00,United States,2013,1913840,Health Care,Biotechnology: Pharmaceutical Preparations
PTEN,Patterson-UTI Energy Inc. Common Stock,$10.85,-0.06,-0.55%,4138025883.00,United States,1993,6503242,Energy,Oil & Gas Production
PTGX,Protagonist Therapeutics Inc. Common Stock,$142.44,0.58,0.409%,9217048115.00,United States,2016,925682,Health Care,Biotechnology: Pharmaceutical Preparations
PTLO,Portillo's Inc. Class A Common Stock,$3.52,0.025,0.715%,267320148.00,United States,2021,2743060,Consumer Discretionary,Restaurants
PTN,Palatin Technologies Inc. Common Stock,$9.58,-0.515,-5.102%,17045455.00,United States,,39310,Health Care,Biotechnology: Pharmaceutical Preparations
PTON,Peloton Interactive Inc. Class A Common Stock,$4.80,-0.12,-2.439%,2106584645.00,United States,2019,9024613,Consumer Discretionary,Recreational Games/Products/Toys
PTOR,Praetorian Acquisition Corp. Class A Ordinary Shares,$9.95,-0.01,-0.10%,0.00,United States,2026,65064,Finance,Blank Checks
PTRN,Pattern Group Inc. Series A Common Stock,$16.77,-0.25,-1.469%,2974982723.00,United States,2025,1674571,Consumer Discretionary,Catalog/Specialty Distribution
PTY,Pimco Corporate & Income Opportunity Fund,$10.77,-0.16,-1.464%,0.00,United States,2002,1859933,Finance,Investment Managers
PUBM,PubMatic Inc. Class A Common Stock,$18.41,-0.19,-1.022%,838576623.00,United States,2020,839508,Technology,Computer Software: Programming Data Processing
PULM,Pulmatrix Inc. Common Stock,$1.59,-0.02,-1.242%,5807133.00,United States,2014,40181,Health Care,Biotechnology: Pharmaceutical Preparations
PUMP,ProPetro Holding Corp. Common Stock,$9.30,-0.29,-3.024%,1142262428.00,United States,2017,3690682,Energy,Oilfield Services/Equipment
PURR,Hyperliquid Strategies Inc Common Stock,$12.08,-0.77,-5.992%,2874064999.00,United States,,18342957,Finance,Finance: Consumer Services
PUSA,Aureus Greenway Holdings Inc. Common Stock,$3.65,-0.07,-1.882%,100899074.00,United States,2025,594766,Consumer Discretionary,Hotels/Resorts
PVH,PVH Corp. Common Stock,$75.73,-0.26,-0.342%,3494018093.00,United States,,771309,Industrials,Garments and Clothing
PVL,Permianville Royalty Trust Units of Beneficial Interest,$1.82,0.01,0.552%,60060000.00,United States,2011,105066,Energy,Oil & Gas Production
PVLA,Palvella Therapeutics Inc. Common Stock,$139.83,1.67,1.209%,2014727551.00,United States,,188637,Health Care,Biotechnology: Pharmaceutical Preparations
PW,Power REIT (MD) Common Stock,$6.90,-0.16,-2.266%,2533128.00,United States,1998,6233,Real Estate,Real Estate Investment Trusts
PW^A,Power REIT 7.75% Series A Cumulative Perpetual Preferred Stock,$8.25,-0.65,-7.303%,,United States,,374,,
PWCM,PowerCompute Inc. Common Stock,$1.01,-0.07,-6.481%,2445687.00,United States,2015,58499,Finance,Finance: Consumer Services
PWP,Perella Weinberg Partners Class A Common Stock,$14.64,0.17,1.175%,1424637813.00,United States,2020,1559780,Finance,Finance: Consumer Services
PWR,Quanta Services Inc. Common Stock,$644.36,-4.77,-0.735%,94933416396.00,United States,,848375,Industrials,Engineering & Construction
PWRL,Powerlaw Corp. Common Stock,$10.76,-0.25,-2.271%,0.00,United States,,425056,,
PXLW,Pixelworks Inc.  Common Stock,$6.98,0.05,0.722%,42224763.00,United States,2000,27375,Technology,Computer Software: Prepackaged Software
PYPL,PayPal Holdings Inc. Common Stock,$54.28,-0.76,-1.381%,46434416241.00,United States,,9902308,Industrials,Diversified Commercial Services
PYT,PPlus Tr GSC-2 Tr Ctf Fltg Rate,$23.77,0.00,0.00%,0.00,United States,,6,Finance,Finance: Consumer Services
PYXS,Pyxis Oncology Inc. Common Stock,$2.90,0.04,1.399%,241883345.00,United States,2021,368438,Health Care,Biotechnology: Pharmaceutical Preparations
PZG,Paramount Gold Nevada Corp. Common Stock,$1.25,-0.06,-4.58%,107769226.00,United States,2015,768923,Basic Materials,Metal Mining
PZZA,Papa John's International Inc. Common Stock,$20.09,0.54,2.762%,661396692.00,United States,1993,1476307,Consumer Discretionary,Restaurants
Q,Qnity Electronics Inc. Common Stock,$124.91,0.22,0.176%,26132239106.00,United States,2025,1186208,Technology,Semiconductors
QADR,QDRO Acquisition Corp. Class A Ordinary Shares,$10.00,0.01,0.10%,0.00,United States,2026,109,Finance,Blank Checks
QBTS,D-Wave Quantum Inc. Common Stock,$16.78,-0.63,-3.619%,6370134818.00,United States,,13791345,Technology,EDP Services
QCLS,Q/C Technologies Inc. Common Stock,$0.8329,-0.0349,-4.022%,6821316.00,United States,2014,439575,Health Care,Biotechnology: In Vitro & In Vivo Diagnostic Substances
QCOM,QUALCOMM Incorporated Common Stock,$187.48,-14.49,-7.174%,196897855509.00,United States,1991,16680140,Technology,Radio And Television Broadcasting And Communications Equipment
QCRH,QCR Holdings Inc. Common Stock,$99.98,-0.94,-0.931%,1637233888.00,United States,,75612,Finance,Major Banks
QDEL,QuidelOrtho Corporation Common Stock,$10.83,-0.11,-1.005%,742671874.00,United States,,760180,Health Care,Biotechnology: In Vitro & In Vivo Diagnostic Substances
QETA,Quetta Acquisition Corporation Common Stock,$11.81,-0.04,-0.338%,0.00,United States,2023,275,Finance,Blank Checks
QETAR,Quetta Acquisition Corporation Right,$0.4102,0.00,0.00%,0.00,United States,2023,2,Finance,Blank Checks
QLYS,Qualys Inc. Common Stock,$173.83,1.40,0.812%,6013649024.00,United States,2012,605130,Technology,Computer Software: Prepackaged Software
QMCO,Quantum Corporation Common Stock,$31.40,-0.28,-0.884%,1237474031.00,United States,,1616816,Technology,Electronic Components
QMLS,QumulusAI Inc. Common Stock,$7.16,0.04,0.562%,239562967.00,United States,,91072,Technology,EDP Services
QNBC,QNB Corp. Common Stock,$45.64,-0.15,-0.328%,276057602.00,United States,,23801,Finance,Major Banks
QNCX,Quince Therapeutics Inc. Common Stock,$29.00,-2.00,-6.452%,29494827.00,United States,2019,40809,Health Care,Biotechnology: Biological Products (No Diagnostic Substances)
QNME,Quanome Technologies Inc. Common Stock,$0.6499,-0.0886,-11.997%,22374471.00,United States,2024,1094569,Industrials,Integrated Freight & Logistics
QNST,QuinStreet Inc. Common Stock,$14.21,-0.20,-1.388%,813144400.00,United States,2010,781358,Consumer Discretionary,Business Services
QNT,Quantinuum Inc. Class A Common Stock,$49.11,-0.42,-0.848%,12931062854.00,United States,2026,1809251,Technology,EDP Services
QQQX,Nuveen NASDAQ 100 Dynamic Overwrite Fund Shares of Beneficial Interest,$30.33,-0.35,-1.141%,0.00,United States,,97789,Finance,Finance Companies
QRHC,Quest Resource Holding Corporation Common Stock,$1.37,0.00,0.00%,28897213.00,United States,,9890,Utilities,Environmental Services
QRVO,Qorvo Inc. Common Stock,$116.30,-1.67,-1.416%,10260175918.00,United States,,1529780,Technology,Semiconductors
QS,QuantumScape Corporation Class A Common Stock,$4.56,-0.35,-7.128%,2823157592.00,United States,,16437491,Miscellaneous,Industrial Machinery/Components
QSEA,Quartzsea Acquisition Corporation Ordinary Shares,$10.66,0.02,0.188%,0.00,United States,2025,389,Finance,Blank Checks
QSEAR,Quartzsea Acquisition Corporation Rights,$0.225,0.02,9.756%,0.00,United States,2025,315,Finance,Blank Checks
QSEAU,Quartzsea Acquisition Corporation Units,$10.98,0.00,0.00%,0.00,United States,2025,4,Finance,Blank Checks
QSI,Quantum-Si Incorporated Class A Common Stock,$0.795,-0.0393,-4.711%,174012710.00,United States,2020,1567056,Industrials,Industrial Machinery/Components
QTI,QT Imaging Holdings Inc. Common Stock,$2.45,0.00,0.00%,35859484.00,United States,,12018,Health Care,Biotechnology: Electromedical & Electrotherapeutic Apparatus
QTRX,Quanterix Corporation Common Stock,$3.52,0.25,7.645%,166471589.00,United States,2017,1044661,Industrials,Biotechnology: Laboratory Analytical Instruments
QTTB,Q32 Bio Inc. Common Stock,$9.23,0.46,5.245%,274772171.00,United States,2018,1004970,Health Care,Biotechnology: Pharmaceutical Preparations
QTWO,Q2 Holdings Inc. Common Stock,$55.10,-1.03,-1.835%,3435743695.00,United States,2014,527610,Technology,Computer Software: Prepackaged Software
QUAD,Quad Graphics Inc Class A Common Stock,$9.41,-0.02,-0.212%,484250852.00,United States,,252808,Consumer Discretionary,Publishing
QUBT,Quantum Computing Inc. Common Stock,$8.57,-0.39,-4.353%,1939792599.00,United States,,6671879,Technology,Computer Software: Prepackaged Software
QUIK,QuickLogic Corporation Common Stock,$10.91,-0.05,-0.456%,199846554.00,United States,1999,154806,Technology,Semiconductors
QUMS,Quantumsphere Acquisition Corp. Ordinary Shares,$10.34,0.00,0.00%,0.00,United States,2025,529,,
QUMSR,Quantumsphere Acquisition Corp. Rights,$0.0603,-0.0004,-0.659%,0.00,United States,2025,3444,,
QVCG,QVC Group Inc. Common Stock,$14.14,-0.07,-0.493%,706998544.00,United States,,177677,Consumer Discretionary,Catalog/Specialty Distribution
QXO,QXO Inc. Common Stock,$12.12,-0.31,-2.494%,12574387393.00,United States,,23186589,Consumer Discretionary,RETAIL: Building Materials
QXO^B,QXO Inc.  Depositary Shares each representing a 1/20th interest in a share of 5.50% Series B Mandatory Convertible Preferred Stock,$42.52,1.25,3.029%,,United States,,205737,,
R,Ryder System Inc. Common Stock,$233.93,-1.64,-0.696%,8970482831.00,United States,,285682,Consumer Discretionary,Rental/Leasing Companies
RA,Brookfield Real Assets Income Fund Inc. Common Stock,$11.54,-0.17,-1.452%,0.00,United States,2016,405662,Finance,Investment Managers
RACC,Research Alliance Corporation III Class A Ordinary Shares,$10.71,-0.21,-1.923%,0.00,United States,2026,50778,Finance,Blank Checks
RACD,Research Alliance Corporation IV Class A Ordinary Shares,$12.10,0.09,0.749%,0.00,United States,2026,3405,,
RAIL,FreightCar America Inc. Common Stock,$7.10,-0.08,-1.114%,232818088.00,United States,2005,107861,Industrials,Railroads
RAIN,Rain Enhancement Technologies Holdco Inc. Class A Common Stock,$0.9083,-0.0913,-9.134%,10630790.00,United States,,123673,Technology,Industrial Machinery/Components
RAINW,Rain Enhancement Technologies Holdco Inc. Warrants,$0.1899,-0.0001,-0.053%,2222599.00,United States,,1084,Technology,Industrial Machinery/Components
RAL,Ralliant Corporation Common Stock,$69.96,-0.07,-0.10%,7740374960.00,United States,2025,967983,Industrials,Industrial Machinery/Components
RAMP,LiveRamp Holdings Inc. Common Stock,$37.63,0.13,0.347%,2287715173.00,United States,2018,2035622,Technology,EDP Services
RAND,Rand Capital Corporation Common Stock,$10.00,0.00,0.00%,29698140.00,United States,,299,Finance,Finance: Consumer Services
RANG,Range Capital Acquisition Corp. Ordinary Shares,$10.86,0.00,0.00%,0.00,United States,2025,942,Finance,Blank Checks
RANGR,Range Capital Acquisition Corp. Rights,$0.2742,0.0042,1.556%,0.00,United States,2025,201,Finance,Blank Checks
RANI,Rani Therapeutics Holdings Inc. Class A Common Stock,$0.776,0.0168,2.213%,108170768.00,United States,2021,624810,Health Care,Biotechnology: Pharmaceutical Preparations
RAPP,Rapport Therapeutics Inc. Common Stock,$33.44,-0.47,-1.386%,1604393884.00,United States,2024,552347,Health Care,Biotechnology: Pharmaceutical Preparations
RARE,Ultragenyx Pharmaceutical Inc. Common Stock,$14.41,-0.09,-0.621%,1420665660.00,United States,2014,4940006,Health Care,Biotechnology: Pharmaceutical Preparations
RAVE,Rave Restaurant Group Inc. Common Stock,$2.35,0.06,2.62%,33397180.00,United States,,201531,Consumer Discretionary,Food Distributors
RBB,RBB Bancorp Common Stock,$26.33,-0.25,-0.941%,445397332.00,United States,2017,93122,Finance,Major Banks
RBBN,Ribbon Communications Inc. Common Stock,$1.73,-0.07,-3.889%,309364399.00,United States,,1228720,Technology,EDP Services
RBC,RBC Bearings Incorporated Common Stock,$504.20,-1.90,-0.375%,15962591329.00,United States,2022,329006,Industrials,Metal Fabrications
RBCAA,Republic Bancorp Inc. Class A Common Stock,$93.45,-1.10,-1.163%,1834811411.00,United States,1998,74815,Finance,Major Banks
RBKB,Rhinebeck Bancorp Inc. Common Stock,$12.69,-0.14,-1.091%,198420409.00,United States,2019,71358,Finance,Banks
RBLX,Roblox Corporation Class A Common Stock,$41.86,-4.58,-9.862%,29903776890.00,United States,2021,18062034,Technology,Computer Software: Prepackaged Software
RBRK,Rubrik Inc. Class A Common Stock,$113.09,3.54,3.231%,23444058328.00,United States,2024,2720733,Technology,Computer Software: Prepackaged Software
RC,Ready Capital Corporation Common Stock,$1.30,-0.03,-2.256%,214748290.00,United States,2013,1702337,Real Estate,Real Estate Investment Trusts
RC^C,Ready Capital Corporation 6.25% Series C Cumulative Convertible Preferred Stock,$10.805,-0.255,-2.306%,,United States,,598,,
RC^E,Ready Capital Corporation 6.50% Series E Cumulative Redeemable Preferred Stock,$11.715,-0.06,-0.51%,,United States,,5763,,
RCAT,Red Cat Holdings Inc. Common Stock,$6.50,-0.16,-2.402%,992643353.00,United States,,6283417,Technology,Computer Software: Prepackaged Software
RCBC,River City Bank Common stock,$50.58,-0.50,-0.979%,718221028.00,United States,,61448,Finance,Major Banks
RCD,Ready Capital Corporation 9.00% Senior Notes due 2029,$23.039,-0.061,-0.264%,0.00,United States,2024,5844,Real Estate,Real Estate Investment Trusts
RCEL,Avita Medical Inc. Common Stock,$11.67,-0.17,-1.436%,360916304.00,United States,,208157,Health Care,Medical/Dental Instruments
RCG,RENN Fund Inc Common Stock,$3.03,0.01,0.331%,0.00,United States,,5225,Finance,Investment Managers
RCKT,Rocket Pharmaceuticals Inc. Common Stock,$2.61,0.015,0.578%,286511698.00,United States,2015,2079405,Health Care,Biotechnology: Pharmaceutical Preparations
RCKY,Rocky Brands Inc. Common Stock,$45.03,-0.07,-0.155%,337360752.00,United States,1993,60260,Consumer Discretionary,Shoe Manufacturing
RCL,Royal Caribbean Cruises Ltd. Common Stock,$242.59,-0.11,-0.045%,64881201058.00,United States,1993,3372472,Consumer Discretionary,Marine Transportation
RCMT,RCM Technologies Inc. Common Stock,$40.67,0.20,0.494%,289194569.00,United States,,62006,Consumer Discretionary,Professional Services
RCS,PIMCO Strategic Income Fund Inc.,$4.93,0.00,0.00%,0.00,United States,1994,177566,Finance,Investment Managers
RCUS,Arcus Biosciences Inc. Common Stock,$25.01,0.04,0.16%,3184607734.00,United States,2018,1249307,Health Care,Biotechnology: Pharmaceutical Preparations
RDAG,Republic Digital Acquisition Company Class A Ordinary Shares,$10.44,0.01,0.096%,0.00,United States,2025,1833,Finance,Blank Checks
RDAGU,Republic Digital Acquisition Company Unit,$10.53,0.03,0.286%,0.00,United States,2025,1172,Finance,Blank Checks
RDAGW,Republic Digital Acquisition Company Warrants,$0.25,-0.0054,-2.114%,0.00,United States,2025,440,Finance,Blank Checks
RDDT,Reddit Inc. Class A Common Stock,$143.08,-6.76,-4.511%,27528092651.00,United States,2024,4339887,Technology,EDP Services
RDI,Reading International Inc Class A Common Stock,$1.97,-0.02,-1.005%,45093550.00,United States,,60326,Consumer Discretionary,Movies/Entertainment
RDIB,Reading International Inc Class B Common Stock,$16.33,-0.04,-0.244%,373795774.00,United States,,41289,Consumer Discretionary,Movies/Entertainment
RDN,Radian Group Inc. Common Stock,$33.00,-0.02,-0.061%,4365943494.00,United States,,2235589,Finance,Property-Casualty Insurers
RDNT,RadNet Inc. Common Stock,$71.81,1.02,1.441%,5651250025.00,United States,,528259,Health Care,Medical Specialities
RDNW,RideNow Group Inc. Class B Common Stock,$6.20,0.14,2.31%,241868746.00,United States,,158270,Technology,EDP Services
RDVT,Red Violet Inc. Common Stock ,$78.61,0.06,0.076%,1261452705.00,United States,,151193,Technology,Computer Software: Prepackaged Software
RDW,Redwire Corporation Common Stock,$11.20,-0.42,-3.614%,2799917221.00,United States,2021,11867406,Industrials,Military/Government/Technical
RDZN,Roadzen Inc. Ordinary Shares,$1.255,-0.145,-10.357%,106882154.00,United States,2022,215152,Finance,Specialty Insurers
RDZNW,Roadzen Inc. Warrants,$0.095,0.0125,15.152%,8090681.00,United States,2022,536,Finance,Specialty Insurers
REAL,The RealReal Inc. Common Stock,$8.81,-0.02,-0.227%,1071922523.00,United States,2019,2223459,Consumer Discretionary,Other Specialty Stores
REBN,Reborn Coffee Inc. Common Stock,$1.42,0.18,14.516%,12240573.00,United States,2022,207422,Consumer Discretionary,Restaurants
REFI,Chicago Atlantic Real Estate Finance Inc. Common Stock,$10.66,0.01,0.094%,273121416.00,United States,2021,232212,Real Estate,Real Estate Investment Trusts
REFR,Research Frontiers Incorporated Common Stock,$0.7744,-0.017,-2.148%,27001613.00,United States,,132840,Miscellaneous,Multi-Sector Companies
REG,Regency Centers Corporation Common Stock,$73.33,0.10,0.137%,13428229712.00,United States,1993,1025020,Real Estate,Real Estate Investment Trusts
REGCO,Regency Centers Corporation 5.875% Series B Cumulative Redeemable Preferred Stock,$20.70,-0.36,-1.709%,3790595323.00,United States,,2775,Real Estate,Real Estate Investment Trusts
REGCP,Regency Centers Corporation 6.25% Series A Cumulative Redeemable Preferred Stock,$21.81,-0.16,-0.728%,3993859130.00,United States,,7912,Real Estate,Real Estate Investment Trusts
REGN,Regeneron Pharmaceuticals Inc. Common Stock,$752.25,-35.79,-4.542%,77447889723.00,United States,1991,1149835,Health Care,Biotechnology: Pharmaceutical Preparations
REI,Ring Energy Inc. Common Stock,$1.31,-0.05,-3.676%,341306885.00,United States,,2701679,Energy,Oil & Gas Production
REKR,Rekor Systems Inc. Common Stock,$0.3899,-0.0141,-3.49%,53664469.00,United States,,2662224,Telecommunications,Telecommunications Equipment
RELL,Richardson Electronics Ltd. Common Stock,$17.11,-0.41,-2.34%,254326770.00,United States,1983,113680,Technology,Electronic Components
RELY,Remitly Global Inc. Common Stock,$21.89,0.53,2.481%,4633763942.00,United States,2021,3004592,Consumer Discretionary,Business Services
RENT,Rent the Runway Inc. Class A Common Stock,$1.61,-0.06,-3.593%,54376335.00,United States,2021,183331,Consumer Discretionary,Other Specialty Stores
RENX,RenX Enterprises Corp. Common Stock,$2.37,0.17,7.727%,6271515.00,United States,,247289,Utilities,Environmental Services
REPL,Replimune Group Inc. Common Stock,$12.56,0.20,1.618%,1183398603.00,United States,2018,1966840,Health Care,Biotechnology: Biological Products (No Diagnostic Substances)
REPX,Riley Exploration Permian Inc. Common Stock,$40.12,-0.43,-1.06%,888809854.00,United States,1999,146900,Energy,Oil & Gas Production
RES,RPC Inc. Common Stock,$5.73,-0.11,-1.884%,1270094679.00,United States,,1997996,Energy,Oilfield Services/Equipment
REVB,Revelation Biosciences Inc. Common Stock,$0.8593,-0.0109,-1.253%,3422949.00,United States,2020,34329,Health Care,Biotechnology: Pharmaceutical Preparations
REVBW,Revelation Biosciences Inc. Warrant,$0.0045,-0.0005,-10.00%,17925.00,United States,2020,8007,Health Care,Biotechnology: Pharmaceutical Preparations
REX,REX American Resources Corporation,$42.61,-0.23,-0.537%,1413614020.00,United States,,221373,Industrials,Major Chemicals
REXR,Rexford Industrial Realty Inc. Common Stock,$37.19,-0.28,-0.747%,8292928332.00,United States,2013,2717457,Real Estate,Real Estate Investment Trusts
REXR^B,Rexford Industrial Realty Inc. 5.875% Series B Cumulative Redeemable Preferred Stock,$20.75,-0.25,-1.19%,,United States,,12790,,
REXR^C,Rexford Industrial Realty Inc. 5.625% Series C Cumulative Redeemable Preferred Stock par value $0.01 per share,$19.6576,0.0076,0.039%,,United States,,19065,,
REYN,Reynolds Consumer Products Inc. Common Stock,$22.08,0.41,1.892%,4654264883.00,United States,2020,2170409,Consumer Discretionary,Containers/Packaging
REZI,Resideo Technologies Inc. Common Stock ,$18.22,-0.05,-0.274%,2766659227.00,United States,2018,1275242,Industrials,Wholesale Distributors
RF,Regions Financial Corporation Common Stock,$27.26,-0.36,-1.303%,23223598334.00,United States,,12401863,Finance,Major Banks
RF^C,Regions Financial Corporation Depositary Shares each Representing a 1/40th Interest in a  Share of 5.700% Fixed-to-Floating Rate Non-Cumulative  Perpetual Preferred Stock Series C,$24.09,-0.07,-0.29%,,United States,,20672,,
RF^E,Regions Financial Corporation Depositary Shares Each Representing a 1/40th Interest in a Share of 4.45% Non-Cumulative Perpetual Preferred Stock Series E,$15.46,-0.12,-0.77%,,United States,,33448,,
RF^F,Regions Financial Corporation Depositary Shares Each Representing a 1/40th Interest in a Share of Non-Cumulative Perpetual Preferred Stock Series F,$25.04,0.12,0.482%,,United States,,48647,,
RFI,Cohen & Steers Total Return Realty Fund Inc. Common Stock,$10.48,-0.08,-0.758%,514972821.00,United States,1993,97926,Finance,Investment Managers
RFIL,RF Industries Ltd. Common Stock,$7.92,-0.36,-4.348%,85914267.00,United States,,131821,Technology,Electrical Products
RFL,Rafael Holdings Inc. Class B Common Stock,$2.02,0.08,4.124%,105039992.00,United States,2018,66529,Health Care,Biotechnology: Pharmaceutical Preparations
RGA,Reinsurance Group of America Incorporated Common Stock,$252.97,4.32,1.737%,16519362195.00,United States,,499670,Finance,Life Insurance
RGCO,RGC Resources Inc. Common Stock,$21.60,0.32,1.504%,225062410.00,United States,,12332,Utilities,Oil & Gas Production
RGEN,Repligen Corporation Common Stock,$194.09,4.41,2.325%,9495529702.00,United States,1986,1567374,Health Care,Biotechnology: Biological Products (No Diagnostic Substances)
RGLD,Royal Gold Inc. Common Stock,$240.32,-12.17,-4.82%,20361798594.00,United States,,765070,Industrials,Precious Metals
RGNX,REGENXBIO Inc. Common Stock,$7.47,0.07,0.946%,493118544.00,United States,2015,1325901,Health Care,Biotechnology: Biological Products (No Diagnostic Substances)
RGP,Resources Connection Inc. Common Stock,$3.76,-0.025,-0.661%,130476896.00,United States,,374045,Consumer Discretionary,Business Services
RGR,Sturm Ruger & Company Inc. Common Stock,$42.04,-0.77,-1.799%,671725882.00,United States,,225887,Industrials,Ordnance And Accessories
RGS,Regis Corporation Common Stock,$28.05,-0.315,-1.111%,70129404.00,United States,1991,6768,Consumer Discretionary,Other Consumer Services
RGTI,Rigetti Computing Inc. Common Stock,$15.95,-0.71,-4.262%,5323611515.00,United States,,13140406,Technology,EDP Services
RGTIW,Rigetti Computing Inc. Warrants,$6.22,-0.51,-7.578%,2076041606.00,United States,,62228,Technology,EDP Services
RH,RH Common Stock,$122.08,-2.09,-1.683%,2311360051.00,United States,2012,863848,Consumer Discretionary,Other Specialty Stores
RHI,Robert Half Inc. Common Stock,$36.76,-0.13,-0.352%,3762820797.00,United States,,979301,Consumer Discretionary,Professional Services
RHLD,Resolute Holdings Management Common Stock ,$124.22,-1.16,-0.925%,971350091.00,United States,,84226,Finance,Finance: Consumer Services
RHP,Ryman Hospitality Properties Inc. (REIT),$122.09,0.63,0.519%,8422177812.00,United States,,458911,Real Estate,Real Estate Investment Trusts
RICK,RCI Hospitality Holdings Inc. Common Stock,$27.57,0.01,0.036%,210758865.00,United States,1995,39399,Consumer Discretionary,Restaurants
RIGL,Rigel Pharmaceuticals Inc. Common Stock,$49.36,1.18,2.449%,922038087.00,United States,2000,180916,Health Care,Biotechnology: Pharmaceutical Preparations
RILY,BRC Group Holdings Inc. Common Stock,$5.49,-0.22,-3.853%,220696655.00,United States,,436324,Finance,Investment Managers
RILYG,BRC Group Holdings Inc. 5.00% Senior Notes due 2026,$24.72,-0.03,-0.121%,753887472.00,United States,,14250,Finance,Investment Managers
RILYL,BRC Group Holdings Inc. Depositary Shares each representing 1/1000th in a share of 7.375% Series B Cumulative Perpetual Preferred Stock par value $0.0001,$11.5218,-0.4407,-3.684%,463173537.00,United States,,14882,Finance,Investment Managers
RILYP,BRC Group Holdings Inc. Depositary Shares each representing a 1/1000th fractional interest in a share of Series A Cumulative Perpetual Preferred Stock,$10.8811,-0.5389,-4.719%,437417554.00,United States,,14728,Finance,Investment Managers
RILYT,BRC Group Holdings Inc. 6.00% Senior Notes Due 2028,$20.50,-0.14,-0.678%,625189853.00,United States,,7398,Finance,Investment Managers
RILYZ,BRC Group Holdings Inc. 5.25% Senior Notes due 2028,$19.31,-0.23,-1.177%,588898344.00,United States,,32323,Finance,Investment Managers
RIME,Algorhythm Holdings Inc. Common Stock,$0.1599,0.0091,6.034%,3368525.00,United States,,2759818,Technology,EDP Services
RIOT,Riot Platforms Inc. Common Stock ,$21.62,-1.38,-6.00%,8113098175.00,United States,,12551258,Finance,Finance: Consumer Services
RITM,Rithm Capital Corp. Common Stock,$9.08,-0.05,-0.548%,5070335841.00,United States,,8634129,Real Estate,Real Estate Investment Trusts
RITM^A,Rithm Capital Corp. 7.50% Series A Fixed-to-Floating Rate Cumulative Redeemable Preferred Stock,$25.45,0.07,0.276%,,United States,,12043,,
RITM^B,Rithm Capital Corp. 7.125% Series B Fixed-to-Floating Rate Cumulative Redeemable Preferred Stock,$25.35,0.02,0.079%,,United States,,9140,,
RITM^C,Rithm Capital Corp. 6.375% Series C Fixed-to-Floating Rate Cumulative Redeemable Preferred Stock,$24.30,-0.06,-0.246%,,United States,,51930,,
RITM^D,Rithm Capital Corp. 7.00% Fixed-Rate Reset Series D Cumulative Redeemable Preferred Stock,$25.29,0.04,0.158%,,United States,,50459,,
RITM^E,Rithm Capital Corp. 8.75% Series E Fixed-Rate Cumulative Redeemable Preferred Stock,$23.47,-0.15,-0.635%,,United States,,43786,,
RITM^F,Rithm Capital Corp. 8.750% Series F Fixed-Rate Reset Cumulative Redeemable Preferred Stock,$24.31,0.01,0.041%,,United States,,24126,,
RIV,RiverNorth Opportunities Fund Inc. Common Stock,$10.38,-0.02,-0.192%,0.00,United States,2015,42353,Finance,Finance Companies
RIV^A,RiverNorth Opportunities Fund Inc. 6.00% Series A Perpetual Preferred Stock,$20.93,0.03,0.144%,,United States,,12085,,
RIVN,Rivian Automotive Inc. Class A Common Stock,$14.79,-0.68,-4.396%,21413858718.00,United States,2021,25153051,Industrials,Auto Manufacturing
RJET,Republic Airways Holdings Inc. Common Stock,$18.38,-0.32,-1.711%,860542410.00,United States,2018,81583,Consumer Discretionary,Air Freight/Delivery Services
RJF,Raymond James Financial Inc. Common Stock,$161.16,1.29,0.807%,31001013345.00,United States,,1236104,Finance,Investment Bankers/Brokers/Service
RKDA,Arcadia Biosciences Inc. Common Stock,$0.308,0.0004,0.13%,742037.00,United States,2015,2850805,Energy,Oil & Gas Production
RKLB,Rocket Lab Corporation Common Stock,$72.19,-1.76,-2.38%,45317975558.00,United States,2020,15012456,Industrials,Military/Government/Technical
RKT,Rocket Companies Inc. Class A Common Stock,$11.64,-0.53,-4.355%,32960317780.00,United States,2020,45497720,Finance,Finance: Consumer Services
RKTO,Rocket One Inc. Common Stock,$0.7383,-0.0295,-3.842%,18381884.00,United States,2019,205296,Health Care,Biotechnology: Pharmaceutical Preparations
RL,Ralph Lauren Corporation Common Stock,$357.16,0.06,0.017%,21280392481.00,United States,1997,564161,Industrials,Garments and Clothing
RLAY,Relay Therapeutics Inc. Common Stock,$17.69,0.22,1.259%,3876615452.00,United States,2020,1846439,Health Care,Biotechnology: Biological Products (No Diagnostic Substances)
RLGT,Radiant Logistics Inc. Common Stock,$8.75,0.17,1.981%,410324863.00,United States,,181510,Industrials,Integrated Freight & Logistics
RLI,RLI Corp. Common Stock (DE),$55.98,0.29,0.521%,5137450861.00,United States,,778724,Finance,Property-Casualty Insurers
RLJ,RLJ Lodging Trust Common Shares of Beneficial Interest $0.01 par value,$11.07,-0.13,-1.161%,1686800903.00,United States,2011,2487652,Real Estate,Real Estate Investment Trusts
RLJ^A,RLJ Lodging Trust $1.95 Series A Cumulative Convertible  Preferred Shares,$24.69,-0.18,-0.724%,,United States,,25002,,
RLMD,Relmada Therapeutics Inc. Common Stock,$3.79,-0.04,-1.044%,404278716.00,United States,,986636,Health Care,Biotechnology: Pharmaceutical Preparations
RLYB,Rallybio Corporation Common Stock,$17.05,0.43,2.587%,90544008.00,United States,2021,16077,Health Care,Biotechnology: Pharmaceutical Preparations
RM,Regional Management Corp. Common Stock,$30.43,-0.39,-1.265%,280740911.00,United States,2012,76297,Finance,Finance: Consumer Services
RMBI,Richmond Mutual Bancorporation Inc. Common Stock,$15.11,-0.15,-0.983%,253229185.00,United States,2019,53188,Finance,Major Banks
RMBS,Rambus Inc. Common Stock,$102.12,-3.04,-2.891%,11076098898.00,United States,1997,1814508,Technology,Semiconductors
RMCF,Rocky Mountain Chocolate Factory Inc. Common Stock,$0.8525,0.0025,0.294%,8047248.00,United States,,42622,Consumer Staples,Specialty Foods
RMCO,Royalty Management Holding Corporation Class A Common Stock,$2.56,-0.05,-1.916%,38842132.00,United States,2023,4593,Miscellaneous,Multi-Sector Companies
RMCOW,Royalty Management Holding Corporation Warrant,$0.15,-0.006,-3.846%,2275906.00,United States,2023,9383,Miscellaneous,Multi-Sector Companies
RMD,ResMed Inc. Common Stock,$222.10,0.10,0.045%,32038437163.00,United States,,862828,Health Care,Medical/Dental Instruments
RMIX,Suncrete Inc. Class A Common Stock,$12.61,-0.44,-3.372%,926656367.00,United States,,527906,Industrials,Building Materials
RMNI,Rimini Street Inc. (DE) Common Stock,$4.21,-0.01,-0.237%,393028760.00,United States,2015,287741,Consumer Discretionary,Business Services
RMR,The RMR Group Inc. Class A Common Stock,$18.51,-0.02,-0.108%,593804983.00,United States,,87199,Consumer Discretionary,Professional Services
RMSG,Real Messenger Corporation Ordinary Shares,$0.2949,0.0033,1.132%,4768141.00,United States,,278490,Technology,Computer Software: Programming Data Processing
RMSGW,Real Messenger Corporation Warrants,$0.0322,0.00,0.00%,520631.00,United States,,28,Technology,Computer Software: Programming Data Processing
RMT,Royce Micro-Cap Trust Inc. Common Stock,$13.39,-0.08,-0.594%,619543343.00,United States,,131284,Finance,Investment Managers
RMTI,Rockwell Medical Inc. Common Stock,$8.63,0.26,3.106%,34782913.00,United States,1998,17668,Health Care,Biotechnology: Pharmaceutical Preparations
RNA,Atrium Therapeutics Inc. Common Stock,$8.42,0.13,1.568%,144029514.00,United States,,504929,Health Care,Biotechnology: Pharmaceutical Preparations
RNAC,Cartesian Therapeutics Inc. Common Stock,$7.21,-0.20,-2.699%,218141088.00,United States,2016,109180,Health Care,Biotechnology: Pharmaceutical Preparations
RNAQ,Rainier Acquisition Corporation Class A Ordinary Shares,$10.09,0.00,0.00%,0.00,United States,2026,1896,Finance,Blank Checks
RNAQU,Rainier Acquisition Corporation Units,$10.179,-0.001,-0.01%,0.00,United States,2026,13624,Finance,Blank Checks
RNAQW,Rainier Acquisition Corporation Warrants,$0.4399,0.00,0.00%,0.00,United States,2026,3,Finance,Blank Checks
RNAZ,TransCode Therapeutics Inc. Common Stock,$1.71,0.02,1.183%,28951564.00,United States,2021,40688,Health Care,Biotechnology: Pharmaceutical Preparations
RNG,RingCentral Inc. Class A Common Stock,$76.13,-0.03,-0.039%,6357324113.00,United States,2013,1418560,Technology,EDP Services
RNGR,Ranger Energy Services Inc. Class A Common Stock,$15.26,-0.25,-1.612%,357114871.00,United States,2017,178490,Energy,Oilfield Services/Equipment
RNGT,Range Capital Acquisition Corp II Class A Ordinary Shares,$10.17,0.00,0.00%,0.00,United States,2025,16,Finance,Blank Checks
RNP,Cohen & Steers REIT and Preferred and Income Fund Inc. Common Shares,$18.75,-0.18,-0.951%,921349275.00,United States,2003,162193,Finance,Investment Managers
RNST,Renasant Corporation Common Stock,$39.86,-0.49,-1.214%,3643381975.00,United States,2023,612886,Finance,Major Banks
RNTX,Rein Therapeutics Inc. Common Stock,$0.721,-0.0274,-3.661%,62198530.00,United States,2017,162793,Health Care,Biotechnology: Pharmaceutical Preparations
RNXT,RenovoRx Inc. Common Stock,$1.55,-0.11,-6.627%,69950737.00,United States,2021,877014,Health Care,Biotechnology: Pharmaceutical Preparations
ROAD,Construction Partners Inc. Class A Common Stock,$91.47,-2.24,-2.39%,5248050546.00,United States,2018,703244,Industrials,Military/Government/Technical
ROC,Rank One Computing Corporation Common stock,$4.22,0.17,4.198%,80518136.00,United States,2026,145443,Technology,Computer Software: Prepackaged Software
ROCK,Gibraltar Industries Inc. Common Stock,$40.55,-0.01,-0.025%,1203681699.00,United States,1993,349000,Industrials,Steel/Iron Ore
ROG,Rogers Corporation Common Stock,$136.64,-1.12,-0.813%,2441529294.00,United States,1960,174013,Industrials,Major Chemicals
ROK,Rockwell Automation Inc. Common Stock,$431.22,-2.93,-0.675%,47983554013.00,United States,,598821,Industrials,Industrial Machinery/Components
ROKU,Roku Inc. Class A Common Stock,$152.67,-0.01,-0.007%,22659123997.00,United States,2017,1801882,Telecommunications,Cable & Other Pay Television Services
ROL,Rollins Inc. Common Stock,$30.59,0.56,1.865%,14718237908.00,United States,,10845744,Consumer Discretionary,Diversified Commercial Services
ROOT,Root Inc. Class A Common Stock,$46.73,-0.67,-1.414%,723999666.00,United States,2020,205567,Finance,Property-Casualty Insurers
ROP,Roper Technologies Inc. Common Stock,$354.00,-4.56,-1.272%,35010909396.00,United States,1992,927083,Industrials,Industrial Machinery/Components
ROST,Ross Stores Inc. Common Stock,$237.09,0.97,0.411%,75739137850.00,United States,1985,1971246,Consumer Discretionary,Clothing/Shoe/Accessory Stores
RPAY,Repay Holdings Corporation Class A Common Stock,$3.75,-0.04,-1.055%,336977426.00,United States,2018,444921,Consumer Discretionary,Business Services
RPC,Ridgepost Capital Inc. Class A Common Stock,$7.33,-0.21,-2.785%,808047765.00,United States,2021,518110,Finance,Investment Managers
RPD,Rapid7 Inc. Common Stock,$11.80,0.18,1.549%,795327552.00,United States,2015,980673,Technology,Computer Software: Prepackaged Software
RPID,Rapid Micro Biosystems Inc. Class A Common Stock,$1.095,-0.015,-1.351%,54924714.00,United States,2021,268318,Industrials,Biotechnology: Laboratory Analytical Instruments
RPM,RPM International Inc. Common Stock,$100.20,-0.24,-0.239%,12799689482.00,United States,,744254,Consumer Discretionary,Paints/Coatings
RPRX,Royalty Pharma plc Class A Ordinary Shares ,$58.37,0.16,0.275%,33562820277.00,United States,2020,1862915,Health Care,Biotechnology: Pharmaceutical Preparations
RPT,Rithm Property Trust Inc. Common stock,$10.78,-0.03,-0.278%,83788240.00,United States,2015,4503,Real Estate,Real Estate Investment Trusts
RPT^C,Rithm Property Trust Inc. 9.875% Series C Fixed-to-Floating Rate Cumulative Redeemable Preferred Stock,$24.90,0.10,0.403%,,United States,,1544,,
RQI,Cohen & Steers Quality Income Realty Fund Inc Common Shares,$11.00,-0.17,-1.522%,1477304488.00,United States,2002,756367,Finance,Trusts Except Educational Religious and Charitable
RR,Richtech Robotics Inc. Class B Common Stock,$1.57,-0.13,-7.647%,353410051.00,United States,2023,3571100,Industrials,Industrial Machinery/Components
RRBI,Red River Bancshares Inc. Common Stock,$99.77,-1.23,-1.218%,656896256.00,United States,2019,57612,Finance,Major Banks
RRC,Range Resources Corporation Common Stock,$37.86,-0.75,-1.943%,8847106438.00,United States,,3371936,Energy,Oil & Gas Production
RREV,RRE Ventures Acquisition Corp. Class A Ordinary Shares,$9.92,0.00,0.00%,0.00,United States,2026,67,Finance,Blank Checks
RRGB,Red Robin Gourmet Burgers Inc. Common Stock,$7.46,0.21,2.897%,141021990.00,United States,2002,158042,Consumer Discretionary,Restaurants
RRR,Red Rock Resorts Inc. Class A Common Stock,$50.45,-0.31,-0.611%,5298066735.00,United States,2016,694246,Consumer Discretionary,Hotels/Resorts
RRX,Regal Rexnord Corporation Common Stock,$156.48,0.30,0.192%,10420295348.00,United States,1976,823089,Industrials,Industrial Machinery/Components
RS,Reliance Inc. Common Stock,$391.53,4.25,1.097%,19989389919.00,United States,1994,188640,Industrials,Metal Fabrications
RSG,Republic Services Inc. Common Stock,$212.93,0.83,0.391%,65201929406.00,United States,1998,1046023,Utilities,Environmental Services
RSI,Rush Street Interactive Inc. Class A Common Stock,$19.55,-0.32,-1.61%,4531169149.00,United States,2020,2781309,Consumer Discretionary,Services-Misc. Amusement & Recreation
RSSS,Research Solutions Inc Common Stock,$2.15,0.04,1.896%,72589738.00,United States,,56701,Technology,EDP Services
RSVR,Reservoir Media Inc. Common Stock,$9.55,0.06,0.632%,629638596.00,United States,2021,28019,Consumer Discretionary,Services-Misc. Amusement & Recreation
RTAC,Renatus Tactical Acquisition Corp I Class A Ordinary Shares,$10.44,0.01,0.096%,0.00,United States,2025,20077,Finance,Blank Checks
RTACU,Renatus Tactical Acquisition Corp I Unit,$10.74,-0.01,-0.093%,0.00,United States,2025,1182,Finance,Blank Checks
RTACW,Renatus Tactical Acquisition Corp I Warrant,$0.55,-0.0449,-7.547%,0.00,United States,2025,31519,Finance,Blank Checks
RTB,RTB Digital Inc. Common Stock,$9.36,-0.91,-8.861%,140013189.00,United States,,47397,Consumer Discretionary,Professional Services
RTO,Rentokil Initial plc American Depositary Shares (each representing five (5) Ordinary Shares),$20.50,-0.14,-0.678%,10340200000.00,United States,2022,2699721,Consumer Discretionary,Other Consumer Services
RTX,RTX Corporation Common Stock,$187.66,-1.74,-0.919%,252920293303.00,United States,,3227573,Industrials,Aerospace
RUM,RUM Group Inc. Class A Common Stock,$7.93,-0.43,-5.144%,3931774838.00,United States,2021,3548839,Technology,Computer Software: Programming Data Processing
RUMBW,RUM Group Inc. Warrant,$1.81,-0.1099,-5.724%,897416451.00,United States,2021,17586,Technology,Computer Software: Programming Data Processing
RUN,Sunrun Inc. Common Stock,$7.67,-0.44,-5.425%,1847296352.00,United States,2015,6455536,Miscellaneous,Industrial Machinery/Components
RUSHA,Rush Enterprises Inc. Common Stock Cl A,$47.53,-0.44,-0.917%,5548193868.00,United States,,485549,Consumer Discretionary,Retail-Auto Dealers and Gas Stations
RUSHB,Rush Enterprises Inc. Class B,$55.09,-0.10,-0.181%,6430675367.00,United States,,106205,Consumer Discretionary,Retail-Auto Dealers and Gas Stations
RVLV,Revolve Group Inc. Class A Common Stock,$21.24,0.04,0.189%,1509854321.00,United States,2019,768758,Consumer Discretionary,Catalog/Specialty Distribution
RVMD,Revolution Medicines Inc. Common Stock,$201.74,-3.23,-1.576%,43240228967.00,United States,2020,1815118,Health Care,Biotechnology: Biological Products (No Diagnostic Substances)
RVMDW,Revolution Medicines Inc. Warrant,$11.22,-0.405,-3.484%,2404854610.00,United States,,6894,Health Care,Biotechnology: Biological Products (No Diagnostic Substances)
RVP,Retractable Technologies Inc. Common Stock,$0.687,-0.0128,-1.829%,20566828.00,United States,2001,5640,Health Care,Medical/Dental Instruments
RVSB,Riverview Bancorp Inc Common Stock,$5.94,-0.01,-0.168%,119754041.00,United States,,30379,Finance,Savings Institutions
RVT,Royce Small-Cap Trust Inc. Common Stock,$17.20,-0.07,-0.405%,1856855498.00,United States,1986,239858,Finance,Trusts Except Educational Religious and Charitable
RVTY,Revvity Inc. Common Stock,$151.02,-0.09,-0.06%,16851778279.00,United States,,1500679,Industrials,Biotechnology: Laboratory Analytical Instruments
RWAY,Runway Growth Finance Corp. Common Stock,$6.69,-0.09,-1.327%,280377258.00,United States,2021,241050,Finance,Finance: Consumer Services
RWAYI,Runway Growth Finance Corp. 7.25% Notes due 2031,$24.47,-0.08,-0.326%,0.00,United States,,3726,Finance,Finance: Consumer Services
RWAYL,Runway Growth Finance Corp. 7.50% Notes due 2027,$25.1236,-0.0014,-0.006%,909892176.00,United States,,4528,Finance,Finance: Consumer Services
RWT,Redwood Trust Inc. Common Stock,$3.69,-0.03,-0.806%,463509874.00,United States,1995,3190251,Real Estate,Real Estate Investment Trusts
RWT^A,Redwood Trust Inc. 10.00% Series A Fixed-Rate Reset Cumulative Redeemable Preferred Stock,$22.425,-0.245,-1.081%,,United States,,8973,,
RWTN,Redwood Trust Inc. 9.125% Senior Notes Due 2029,$23.78,-0.12,-0.502%,3072933974.00,United States,2024,4178,Real Estate,Real Estate Investment Trusts
RWTO,Redwood Trust Inc. 9.00% Senior Notes Due 2029,$22.45,-0.58,-2.518%,2901066767.00,United States,2024,7432,Real Estate,Real Estate Investment Trusts
RWTP,Redwood Trust Inc. 9.125% Senior Notes Due 2030,$22.55,-0.05,-0.221%,0.00,United States,2025,3195,Real Estate,Real Estate Investment Trusts
RWTQ,Redwood Trust Inc. 9.500% Senior Notes Due 2030,$20.50,-0.2716,-1.308%,0.00,United States,2025,36069,Real Estate,Real Estate Investment Trusts
RWTS,Redwood Trust Inc. 9.75% Senior Notes Due 2031,$20.9201,0.1201,0.577%,0.00,United States,2026,37286,Real Estate,Real Estate Investment Trusts
RXO,RXO Inc. Common Stock,$20.15,0.36,1.819%,3323261479.00,United States,2022,1450279,Consumer Discretionary,Transportation Services
RXRX,Recursion Pharmaceuticals Inc. Class A Common Stock,$3.70,-0.04,-1.07%,1980766029.00,United States,2021,13058979,Health Care,Biotechnology: Biological Products (No Diagnostic Substances)
RXST,RxSight Inc. Common Stock,$4.67,0.01,0.215%,194240506.00,United States,2021,1023192,Health Care,Ophthalmic Goods
RXT,Rackspace Technology Inc. Common Stock,$3.79,-0.18,-4.534%,965968102.00,United States,2020,3041444,Technology,Computer Software: Programming Data Processing
RYAM,Rayonier Advanced Materials Inc. Common Stock,$8.15,-0.42,-4.901%,551300295.00,United States,2014,885620,Basic Materials,Paper
RYAN,Ryan Specialty Holdings Inc. Class A Common Stock,$38.12,0.23,0.607%,9751659604.00,United States,2021,1777589,Finance,Specialty Insurers
RYM,RYTHM Inc. Common Stock,$21.44,-0.32,-1.471%,47168000.00,United States,2021,6198,Consumer Staples,Farming/Seeds/Milling
RYN,Rayonier Inc. REIT Common Stock,$18.79,-0.09,-0.477%,5591289398.00,United States,,3770716,Real Estate,Real Estate Investment Trusts
RYTM,Rhythm Pharmaceuticals Inc. Common Stock,$98.56,-0.10,-0.101%,6786061202.00,United States,2017,897390,Health Care,Biotechnology: Pharmaceutical Preparations
RYZ,Ryerson Holding Corporation Common Stock,$24.29,0.44,1.845%,1260618281.00,United States,2014,447615,Industrials,Metal Fabrications
RZC,Reinsurance Group of America Incorporated 7.125% Fixed-Rate Reset Subordinated Debentures due 2052,$25.33,-0.10,-0.393%,1654091174.00,United States,2022,25758,Finance,Life Insurance
RZLT,Rezolute Inc. Common Stock (NV),$4.18,0.28,7.179%,404299352.00,United States,,1587576,Health Care,Biotechnology: Pharmaceutical Preparations
S,SentinelOne Inc. Class A Common Stock,$22.74,0.36,1.609%,7914636921.00,United States,2021,6402226,Technology,Computer Software: Prepackaged Software
SAAQ,Space Asset Acquisition Corp. Class A Ordinary Shares,$10.05,-0.02,-0.199%,0.00,United States,2026,130759,Finance,Blank Checks
SAAQU,Space Asset Acquisition Corp. Units,$10.24,0.00,0.00%,0.00,United States,2026,124,Finance,Blank Checks
SAAQW,Space Asset Acquisition Corp. Warrants,$0.54,-0.0563,-9.442%,0.00,United States,2026,852,Finance,Blank Checks
SABA,Saba Capital Income & Opportunities Fund II Shares of Beneficial Interest,$7.96,-0.09,-1.118%,0.00,United States,,76030,,
SABR,Sabre Corporation Common Stock,$2.10,-0.08,-3.67%,847524749.00,United States,2014,4854636,Technology,Computer Software: Programming Data Processing
SABS,SAB Biotherapeutics Inc. Common Stock,$3.215,-0.075,-2.28%,292521173.00,United States,2021,697935,Health Care,Biotechnology: Biological Products (No Diagnostic Substances)
SABSW,SAB Biotherapeutics Inc. Warrant,$0.014,-0.0006,-4.11%,1273809.00,United States,2021,10805,Health Care,Biotechnology: Biological Products (No Diagnostic Substances)
SACH,Sachem Capital Corp. Common Shares,$0.9025,-0.0124,-1.355%,43279055.00,United States,2017,142574,Real Estate,Real Estate Investment Trusts
SACH^A,Sachem Capital Corp. 7.75% Series A Cumulative Redeemable Preferred Stock,$20.75,-0.2452,-1.168%,,United States,,3847,,
SAFE,Safehold Inc. New Common Stock ,$12.21,-0.05,-0.408%,864666779.00,United States,2023,679836,Real Estate,Real Estate Investment Trusts
SAFT,Safety Insurance Group Inc. Common Stock,$103.57,0.06,0.058%,1520457521.00,United States,2002,96949,Finance,Property-Casualty Insurers
SAFX,XCF Global Inc. Class A Common Stock,$0.3717,-0.0014,-0.375%,154365856.00,United States,,2377114,Industrials,Major Chemicals
SAH,Sonic Automotive Inc. Common Stock,$62.45,-2.50,-3.849%,1974344385.00,United States,1997,412753,Consumer Discretionary,Retail-Auto Dealers and Gas Stations
SAIA,Saia Inc. Common Stock,$330.25,6.03,1.86%,8809303163.00,United States,,392013,Industrials,Trucking Freight/Courier Services
SAIC,Science Applications International Corporation Common Stock,$130.93,-1.68,-1.267%,5485657351.00,United States,,260863,Technology,EDP Services
SAIL,SailPoint Inc. Common Stock,$20.57,-0.07,-0.339%,11743652291.00,United States,2025,3578404,Technology,Computer Software: Prepackaged Software
SAJ,Saratoga Investment Corp 8.00% Notes due 2027,$25.1748,-0.0251,-0.10%,394442064.00,United States,2022,1837,Finance,Investment Managers
SAM,Boston Beer Company Inc. (The) Common Stock,$165.36,1.59,0.971%,1701832370.00,United States,,219279,Consumer Staples,Beverages (Production/Distribution)
SAMG,Silvercrest Asset Management Group Inc. Class A Common Stock,$10.38,0.08,0.777%,122979821.00,United States,2013,70120,Finance,Investment Managers
SANA,Sana Biotechnology Inc. Common Stock,$2.93,-0.015,-0.509%,877126666.00,United States,2021,2265947,Health Care,Biotechnology: Biological Products (No Diagnostic Substances)
SANM,Sanmina Corporation Common Stock,$220.06,-4.71,-2.095%,11794634161.00,United States,1993,431334,Technology,Electrical Products
SAR,Saratoga Investment Corp New,$16.80,-0.31,-1.812%,270159389.00,United States,,95199,Finance,Investment Managers
SARO,StandardAero Inc. Common Stock,$22.22,-0.52,-2.287%,7353029757.00,United States,2024,5294849,Industrials,Aerospace
SATA,Strive Inc. Variable Rate Series A Perpetual Preferred Stock,$100.01,0.0516,0.052%,9701234926.00,United States,,699471,Finance,Finance: Consumer Services
SAV,Saratoga Investment Corp 7.50% Notes due 2031,$24.46,-0.05,-0.204%,0.00,United States,2026,1675,Finance,Investment Managers
SAX,Saratoga Investment Corp 8.00% Notes due 2031,$24.96,0.0101,0.04%,0.00,United States,2026,13853,Finance,Investment Managers
SAY,Saratoga Investment Corp 8.125% Notes due 2027,$25.13,-0.0199,-0.079%,393740132.00,United States,2022,21963,Finance,Investment Managers
SAZ,Saratoga Investment Corp 8.50% Notes due 2028,$25.315,0.1209,0.48%,396638736.00,United States,2023,8946,Finance,Investment Managers
SBAC,SBA Communications Corporation Class A Common Stock,$163.43,-2.72,-1.637%,17337979817.00,United States,1999,912023,Real Estate,Real Estate Investment Trusts
SBC,SBC Medical Group Holdings Incorporated Common Stock,$5.03,0.13,2.653%,517320123.00,United States,2022,194964,Health Care,Medical/Nursing Services
SBCF,Seacoast Banking Corporation of Florida Common Stock,$32.55,-0.48,-1.453%,3151582107.00,United States,,703949,Finance,Major Banks
SBCWW,SBC Medical Group Holdings Incorporated Warrants,$0.35,0.00,0.00%,35996430.00,United States,2022,200,Health Care,Medical/Nursing Services
SBET,Sharplink Inc. Common Stock,$9.50,-0.13,-1.35%,2063624238.00,United States,,6997981,Technology,Computer Software: Prepackaged Software
SBFG,SB Financial Group Inc. Common Stock,$29.99,0.13,0.435%,187527230.00,United States,,9136,Finance,Major Banks
SBGI,Sinclair Inc. Class A Common Stock,$12.81,0.03,0.235%,926394349.00,United States,1995,427436,Industrials,Broadcasting
SBH,Sally Beauty Holdings Inc. (Name to be changed from Sally Holdings Inc.) Common Stock,$16.92,-0.26,-1.513%,1584089181.00,United States,,1156352,Consumer Discretionary,Other Specialty Stores
SBI,Western Asset Intermediate Muni Fund Inc Common Stock,$6.91,-0.09,-1.286%,0.00,United States,1992,117808,Finance,Finance/Investors Services
SBR,Sabine Royalty Trust Common Stock,$71.10,-0.69,-0.961%,1036591430.00,United States,,51586,Energy,Oil & Gas Production
SBRA,Sabra Health Care REIT Inc. Common Stock,$19.82,-0.03,-0.151%,5063271824.00,United States,,1856561,Real Estate,Real Estate Investment Trusts
SBSI,Southside Bancshares Inc. Common Stock,$30.75,-0.34,-1.094%,916595385.00,United States,,109945,Finance,Major Banks
SBUX,Starbucks Corporation Common Stock,$95.27,0.41,0.432%,108607800000.00,United States,1992,7428088,Consumer Discretionary,Restaurants
SCATU,Southern Cross Acquisition II Corp. Units,$10.04,0.00,0.00%,0.00,United States,2026,40387,Finance,Blank Checks
SCCD,Sachem Capital Corp. 6.00% Notes due 2026,$24.76,-0.126,-0.506%,1172195051.00,United States,,1687,Real Estate,Real Estate Investment Trusts
SCCE,Sachem Capital Corp. 6.00% Notes due 2027,$24.55,0.00,0.00%,1162253170.00,United States,2022,4695,Real Estate,Real Estate Investment Trusts
SCCF,Sachem Capital Corp. 7.125% Notes due 2027,$24.68,0.06,0.244%,1168407668.00,United States,2022,483,Real Estate,Real Estate Investment Trusts
SCCG,Sachem Capital Corp. 8.00% Notes due 2027,$24.6135,-0.1365,-0.552%,1165259406.00,United States,2022,1622,Real Estate,Real Estate Investment Trusts
SCCO,Southern Copper Corporation Common Stock,$202.63,-1.29,-0.633%,169060633587.00,United States,,907580,Basic Materials,Metal Mining
SCD,LMP Capital and Income Fund Inc. Common Stock,$14.62,-0.23,-1.549%,0.00,United States,2004,70408,Finance,Trusts Except Educational Religious and Charitable
SCE^G,SCE Trust II Trust Preferred Securities,$16.37,-0.07,-0.426%,,United States,,19992,,
SCE^L,SCE TRUST VI,$16.1914,-0.2086,-1.272%,,United States,,33687,,
SCE^M,SCE Trust VII 7.50% Trust Preference Securities,$22.42,-0.26,-1.146%,,United States,,51159,,
SCE^N,SCE Trust VIII 6.95% Trust Preference Securities,$20.815,-0.255,-1.21%,,United States,,22513,,
SCHL,Scholastic Corporation Common Stock,$33.58,1.23,3.802%,618189130.00,United States,1992,772927,Consumer Discretionary,Books
SCHW,Charles Schwab Corporation (The) Common Stock,$98.30,-0.73,-0.737%,169993700686.00,United States,,6031378,Finance,Investment Bankers/Brokers/Service
SCHW^D,The Charles Schwab Corporation Depositary Shares each representing 1/40th interest in a share of 5.95% Non-Cumulative Perpetual Preferred Stock Series D,$21.49,-0.13,-0.601%,,United States,,74841,,
SCHW^J,The Charles Schwab Corporation Depositary Shares Each Representing a 1/40th Interest in a Share of 4.450% Non-Cumulative Perpetual Preferred Stock Series J,$15.95,-0.105,-0.654%,,United States,,65084,,
SCI,Service Corporation International Common Stock,$77.07,-0.77,-0.989%,10529262861.00,United States,,957576,Consumer Discretionary,Other Consumer Services
SCII,SC II Acquisition Corp. Class A ordinary share,$10.17,0.02,0.197%,0.00,United States,2026,506,,
SCIIR,SC II Acquisition Corp. Rights,$0.1503,0.00,0.00%,0.00,United States,2026,11010,,
SCIIU,SC II Acquisition Corp. Units,$10.27,0.00,0.00%,0.00,United States,2025,3,,
SCKT,Socket Mobile Inc. Common Stock,$0.4515,-0.0309,-6.405%,3743694.00,United States,,39116,Technology,Computer Manufacturing
SCL,Stepan Company Common Stock,$63.92,-0.61,-0.945%,1453063957.00,United States,,116950,Consumer Discretionary,Package Goods/Cosmetics
SCLX,Scilex Holding Company Common Stock,$4.49,-0.40,-8.18%,38133570.00,United States,2021,73244,Health Care,Biotechnology: Biological Products (No Diagnostic Substances)
SCLXW,Scilex Holding Company Warrant,$0.088,0.00,0.00%,747384.00,United States,2021,315,Health Care,Biotechnology: Biological Products (No Diagnostic Substances)
SCM,Stellus Capital Investment Corporation Common Stock,$7.51,-0.14,-1.83%,213884327.00,United States,2012,67074,Finance,Finance/Investors Services
SCNX,Scienture Holdings Inc. Common Stock,$0.2697,-0.0077,-2.776%,11075000.00,United States,,399546,Health Care,Biotechnology: Pharmaceutical Preparations
SCOR,comScore Inc. Common Stock,$4.86,-0.05,-1.018%,73795824.00,United States,2018,24550,Consumer Discretionary,Business Services
SCPQ,Social Commerce Partners Corporation Class A Ordinary Shares,$10.05,0.00,0.00%,0.00,United States,2026,11,,
SCPQU,Social Commerce Partners Corporation Unit,$10.28,0.00,0.00%,0.00,United States,2025,100,,
SCSC,ScanSource Inc. Common Stock,$57.78,-0.52,-0.892%,1163851677.00,United States,,122693,Technology,Retail: Computer Software & Peripheral Equipment
SCTX,Scribe Therapeutics Inc. Common Stock,$21.77,0.49,2.303%,412142674.00,United States,2026,307567,Health Care,Biotechnology: Biological Products (No Diagnostic Substances)
SCWO,374Water Inc. Common Stock,$2.94,-0.07,-2.326%,52091393.00,United States,,15475,Consumer Discretionary,Metal Fabrications
SCYX,SCYNEXIS Inc. Common Stock,$4.62,0.23,5.239%,45967194.00,United States,2014,7784337,Health Care,Biotechnology: Pharmaceutical Preparations
SD,SandRidge Energy Inc. Common Stock,$13.60,-0.27,-1.947%,504224026.00,United States,2016,419759,Energy,Oil & Gas Production
SDEV,Stablecoin Development Corporation Common Stock,$1.57,0.08,5.369%,79466236.00,United States,,14831244,Health Care,Biotechnology: Pharmaceutical Preparations
SDGR,Schrodinger Inc. Common Stock,$29.50,0.65,2.253%,2206766026.00,United States,2020,2130904,Health Care,Biotechnology: Pharmaceutical Preparations
SDHC,Smith Douglas Homes Corp. Class A Common Stock,$10.28,0.00,0.00%,522515757.00,United States,2024,20013,Consumer Discretionary,Homebuilding
SDHI,Siddhi Acquisition Corp Class A Common stock,$10.55,0.02,0.19%,0.00,United States,2025,5316,Finance,Blank Checks
SDHIR,Siddhi Acquisition Corp Right,$0.14,-0.01,-6.667%,0.00,United States,2025,413,,
SDOT,Sadot Group Inc. Common Stock,$10.53,-0.48,-4.36%,15319339.00,United States,2020,41669,Consumer Discretionary,Restaurants
SDST,Stardust Power Inc. Common Stock,$0.1079,-0.0019,-1.73%,4378261.00,United States,2021,10912615,Industrials,Major Chemicals
SDSTW,Stardust Power Inc. Warrant,$0.0677,0.00,0.00%,2747064.00,United States,2021,200,Industrials,Major Chemicals
SE,Sea Limited American Depositary Shares each representing one Class A Ordinary Share,$98.91,-0.64,-0.643%,60580844071.00,United States,2017,3323419,Consumer Discretionary,Other Consumer Services
SEAT,Vivid Seats Inc. Class A Common Stock,$3.78,0.08,2.162%,44271953.00,United States,,69895,Consumer Discretionary,Services-Misc. Amusement & Recreation
SEB,Seaboard Corporation Common Stock,$4110.76,141.58,3.567%,3937261263.00,United States,1996,15759,Industrials,Farming/Seeds/Milling
SEER,Seer Inc. Class A Common Stock,$2.03,0.12,6.283%,112405190.00,United States,2020,699083,Industrials,Biotechnology: Laboratory Analytical Instruments
SEG,Seaport Entertainment Group Inc. Common Stock,$23.09,-0.31,-1.325%,295772186.00,United States,2024,99042,Consumer Discretionary,Services-Misc. Amusement & Recreation
SEGG,Sports Entertainment Gaming Global Corporation Common Stock,$2.42,-0.45,-15.679%,7887959.00,United States,2023,63933,Technology,Computer Software: Prepackaged Software
SEI,Solaris Energy Infrastructure Inc. Class A Common Stock,$69.15,-1.82,-2.564%,5294566007.00,United States,2017,2881764,Consumer Discretionary,Oil and Gas Field Machinery
SEIC,SEI Investments Company Common Stock,$104.82,-0.83,-0.786%,12580410657.00,United States,1981,681742,Finance,Investment Bankers/Brokers/Service
SELF,Global Self Storage Inc. Common Stock,$4.82,-0.23,-4.554%,55051244.00,United States,,76113,Real Estate,Real Estate Investment Trusts
SENEA,Seneca Foods Corp. Class A Common Stock,$182.53,-0.13,-0.071%,1235676444.00,United States,,82832,Consumer Staples,Packaged Foods
SENEB,Seneca Foods Corp. Class B Common Stock,$187.42,0.00,0.00%,1268780360.00,United States,,38,Consumer Staples,Packaged Foods
SENS,Senseonics Holdings Inc. Common Stock,$9.84,-0.16,-1.60%,520280682.00,United States,,566691,Health Care,Medical/Dental Instruments
SEPN,Septerna Inc. Common Stock,$39.74,1.97,5.216%,1854941874.00,United States,2024,338354,Health Care,Biotechnology: Pharmaceutical Preparations
SER,Serina Therapeutics Inc. Common Stock,$2.01,-0.08,-3.828%,51054951.00,United States,2018,1018115,Health Care,Biotechnology: Pharmaceutical Preparations
SERA,Sera Prognostics Inc. Class A Common Stock,$2.02,-0.02,-0.98%,79687921.00,United States,2021,6916,Health Care,Medical Specialities
SERV,Serve Robotics Inc. Common Stock,$4.43,-0.02,-0.449%,384114256.00,United States,,1746359,Industrials,Industrial Machinery/Components
SES,SES AI Corporation Class A Common Stock,$0.5322,-0.0023,-0.43%,197599154.00,United States,2021,22988824,Miscellaneous,Industrial Machinery/Components
SEV,Aptera Motors Corp. Class B Common Stock,$1.98,0.01,0.508%,80275388.00,United States,,114944,Industrials,Auto Manufacturing
SEVN,Seven Hills Realty Trust Common Stock,$7.22,-0.10,-1.366%,163580695.00,United States,,124867,Real Estate,Real Estate Investment Trusts
SEZL,Sezzle Inc. Common Stock,$108.30,-3.08,-2.765%,3647004016.00,United States,,392635,Finance,Finance: Consumer Services
SF,Stifel Financial Corporation Common Stock,$70.41,0.06,0.085%,10632032091.00,United States,,2156334,Finance,Investment Bankers/Brokers/Service
SF^B,Stifel Financial Corporation Depositary Shares Each Representing 1/1000th  Interest in a Share of 6.25% Non-Cumulative  Preferred Stock Series B,$23.56,0.03,0.127%,,United States,,10578,,
SF^C,Stifel Financial Corporation Depositary Shares Each Representing 1/1000th Interest in a Share of 6.125% Non Cumulative Preferred Stock Series C,$21.44,-0.22,-1.016%,,United States,,16491,,
SF^D,Stifel Financial Corporation Depositary Shares Each Representing 1/1000th Interest in a Share of 4.50% Non-Cumulative Preferred Stock Series D,$15.6024,-0.0676,-0.431%,,United States,,34848,,
SFB,Stifel Financial Corporation 5.20% Senior Notes due 2047,$19.06,-0.10,-0.522%,1947425118.00,United States,2017,16131,Finance,Investment Bankers/Brokers/Service
SFBC,Sound Financial Bancorp Inc. Common Stock,$46.36,3.64,8.521%,119054473.00,United States,,4289,Finance,Savings Institutions
SFBS,ServisFirst Bancshares Inc. Common Stock,$41.02,-0.29,-0.702%,4485332720.00,United States,,580104,Finance,Major Banks
SFD,Smithfield Foods Inc. Common Stock,$19.14,0.10,0.525%,7536708629.00,United States,2025,1980860,Consumer Staples,Meat/Poultry/Fish
SFIX,Stitch Fix Inc. Class A Common Stock,$2.47,0.315,14.617%,330001107.00,United States,2017,7432547,Consumer Discretionary,Catalog/Specialty Distribution
SFM,Sprouts Farmers Market Inc. Common Stock,$63.45,0.96,1.536%,5916561806.00,United States,2013,3060176,Consumer Staples,Food Chains
SFNC,Simmons First National Corporation Class A Common Stock,$22.83,-0.40,-1.722%,3299249803.00,United States,,1793061,Finance,Major Banks
SFST,Southern First Bancshares Inc. Common Stock,$59.93,-0.69,-1.138%,567642277.00,United States,,63035,Finance,Major Banks
SG,Sweetgreen Inc. Class A Common Stock,$8.24,0.00,0.00%,980900436.00,United States,2021,7947508,Consumer Discretionary,Restaurants
SGA,Saga Communications Inc. Class A Common Stock (FL),$8.31,-0.29,-3.372%,52834880.00,United States,,26566,Consumer Discretionary,Broadcasting
SGC,Superior Group of Companies Inc. Common Stock,$12.55,-0.33,-2.562%,200112273.00,United States,,45086,Consumer Discretionary,Apparel
SGHT,Sight Sciences Inc. Common Stock,$9.27,0.34,3.807%,510665667.00,United States,2021,468542,Health Care,Medical/Dental Instruments
SGI,Somnigroup International Inc. Common Stock,$62.28,-1.67,-2.611%,14339296753.00,United States,,3097068,Consumer Discretionary,Home Furnishings
SGLY,Singularity Future Technology Ltd. Common Stock,$0.8356,-0.0336,-3.866%,4515405.00,United States,2008,57069,Industrials,Integrated Freight & Logistics
SGMT,Sagimet Biosciences Inc. Series A Common Stock,$9.94,0.70,7.576%,612216120.00,United States,2023,1345998,Health Care,Biotechnology: Pharmaceutical Preparations
SGP,SpyGlass Pharma Inc. Common Stock,$25.98,-1.09,-4.027%,868978494.00,United States,2026,120006,Health Care,Medical/Dental Instruments
SGRX,SANGRIX INC. Class A Ordinary Shares,$1.56,0.12,8.333%,2968646.00,United States,2019,122248,Finance,Finance: Consumer Services
SGRY,Surgery Partners Inc. Common Stock,$14.69,0.29,2.014%,1923189239.00,United States,2015,1103807,Health Care,Hospital/Nursing Management
SGU,Star Group L.P. Common Stock,$12.78,-0.05,-0.39%,419327340.00,United States,,22747,Consumer Discretionary,Other Specialty Stores
SHAK,Shake Shack Inc. Class A Common Stock,$57.52,1.97,3.546%,2461794914.00,United States,2015,1753180,Consumer Discretionary,Restaurants
SHAZ,SharonAI Holdings Inc. Class A Common Stock,$52.91,-1.77,-3.237%,1894363450.00,United States,,1483447,Technology,EDP Services
SHBI,Shore Bancshares Inc Common Stock,$22.80,-0.21,-0.913%,760887893.00,United States,,199272,Finance,Major Banks
SHC,Sotera Health Company Common Stock,$18.45,0.11,0.60%,5265164968.00,United States,2020,1391409,Health Care,Misc Health and Biotechnology Services
SHEN,Shenandoah Telecommunications Co Common Stock,$11.35,-0.41,-3.486%,605689118.00,United States,,746102,Telecommunications,Telecommunications Equipment
SHFS,SHF Holdings Inc. Class A Common Stock,$0.1091,-0.0481,-30.598%,1345525.00,United States,2021,3888460,Finance,Finance: Consumer Services
SHFSW,SHF Holdings Inc. Warrants,$0.0124,0.0031,33.333%,152929.00,United States,2021,30470,Finance,Finance: Consumer Services
SHIM,Shimmick Corporation Common Stock,$3.09,-0.065,-2.06%,127727693.00,United States,2023,219736,Industrials,Military/Government/Technical
SHLS,Shoals Technologies Group Inc. Class A Common Stock,$7.42,-0.05,-0.669%,1248785629.00,United States,2021,2746199,Technology,Semiconductors
SHO,Sunstone Hotel Investors Inc. Sunstone Hotel Investors Inc. Common Shares,$11.30,0.11,0.983%,2101166533.00,United States,2004,1850260,Consumer Discretionary,Hotels/Resorts
SHO^H,Sunstone Hotel Investors Inc. 6.125% Series H Cumulative Redeemable Preferred Stock,$22.355,-0.045,-0.201%,,United States,,11909,,
SHO^I,Sunstone Hotel Investors Inc. 5.70% Series I Cumulative Redeemable Preferred Stock,$21.77,0.02,0.092%,,United States,,8704,,
SHOE,Shoe Station Group Inc. Common Stock,$13.21,0.21,1.615%,359098196.00,United States,,979895,Consumer Discretionary,Clothing/Shoe/Accessory Stores
SHOO,Steven Madden Ltd. Common Stock,$44.90,-0.16,-0.355%,3285651566.00,United States,1993,1228317,Consumer Discretionary,Shoe Manufacturing
SHOT,RMG ML Sports Holdings Class A Ordinary Shares,$9.855,0.00,0.00%,0.00,United States,2026,18,,
SHOTU,RMG ML Sports Holdings Unit,$9.965,-0.005,-0.05%,0.00,United States,2026,734,,
SHPH,Shuttle Pharmaceuticals Holdings Inc. Common Stock,$4.11,0.10,2.494%,19582901.00,United States,2022,32559,Health Care,Biotechnology: Pharmaceutical Preparations
SHW,Sherwin-Williams Company (The) Common Stock,$332.79,3.69,1.121%,80787485071.00,United States,,1470522,Consumer Discretionary,RETAIL: Building Materials
SI,Shoulder Innovations Inc. Common Stock,$17.95,0.96,5.65%,373700278.00,United States,2025,155223,Health Care,Medical/Dental Instruments
SIBN,SI-BONE Inc. Common Stock,$18.76,0.17,0.914%,840796467.00,United States,2018,461566,Health Care,Medical/Dental Instruments
SIDU,Sidus Space Inc. Class A Common Stock,$2.01,-0.11,-5.189%,203462905.00,United States,2021,5058021,Telecommunications,Telecommunications Equipment
SIEB,Siebert Financial Corp. Common Stock,$2.23,0.03,1.364%,91655087.00,United States,,39516,Finance,Investment Bankers/Brokers/Service
SIF,SIFCO Industries Inc. Common Stock,$22.42,0.36,1.632%,140217550.00,United States,1969,33980,Industrials,Aerospace
SIGA,SIGA Technologies Inc. Common Stock,$3.46,0.01,0.29%,248600017.00,United States,,645567,Health Care,Biotechnology: Pharmaceutical Preparations
SIGI,Selective Insurance Group Inc. Common Stock,$85.08,-1.04,-1.208%,5068140645.00,United States,,645550,Finance,Property-Casualty Insurers
SIGIP,Selective Insurance Group Inc. Depositary Shares each representing a 1/1000th interest in a share of 4.60% Non-Cumulative Preferred Stock Series B,$14.98,-0.16,-1.057%,892345403.00,United States,,14902,Finance,Property-Casualty Insurers
SILO,Silo Pharma Inc. Common Stock,$1.65,-0.10,-5.714%,2892863.00,United States,,22725,Health Care,Biotechnology: Pharmaceutical Preparations
SIMA,SIM Acquisition Corp. I Class A Ordinary Shares,$10.93,0.00,0.00%,0.00,United States,2024,52,Miscellaneous,Industrial Machinery/Components
SIMAW,SIM Acquisition Corp. I Warrant,$0.20,0.0401,25.078%,0.00,United States,2024,6001,Finance,Blank Checks
SINT,SiNtx Technologies Inc. Common Stock,$1.99,0.11,5.851%,13262423.00,United States,2014,107544,Health Care,Medical/Dental Instruments
SION,Sionna Therapeutics Inc. Common Stock,$5.12,-0.11,-2.103%,231487483.00,United States,2025,775834,Health Care,Biotechnology: Pharmaceutical Preparations
SIRI,SiriusXM Holdings Inc. Common Stock,$25.94,0.085,0.329%,8743515153.00,United States,,4206067,Consumer Discretionary,Broadcasting
SITC,SITE Centers Corp. Common Stock,$3.05,-0.01,-0.327%,160049784.00,United States,,643030,Real Estate,Real Estate Investment Trusts
SITE,SiteOne Landscape Supply Inc. Common Stock,$90.93,-0.38,-0.416%,3969584613.00,United States,2016,1059082,Consumer Discretionary,Professional and commerical equipment
SITM,SiTime Corporation Common Stock,$656.65,-5.62,-0.849%,19746145789.00,United States,2019,335757,Technology,Semiconductors
SJM,The J.M. Smucker Company Common Stock,$120.63,-0.37,-0.306%,12886080565.00,United States,,987165,Consumer Staples,Packaged Foods
SJT,San Juan Basin Royalty Trust Common Stock,$3.72,0.30,8.772%,173384721.00,United States,,1199544,Energy,Oil & Gas Production
SKIL,Skillsoft Corp. Class A Common Stock,$6.01,0.06,1.008%,54693668.00,United States,2019,51986,Technology,Computer Software: Prepackaged Software
SKIN,SkinHealth Systems Inc. Class A Common Stock,$0.65,-0.0148,-2.226%,84591496.00,United States,2020,211144,Health Care,Medical/Dental Instruments
SKT,Tanger Inc. Common Stock,$34.77,0.04,0.115%,3994342448.00,United States,1993,795397,Real Estate,Real Estate Investment Trusts
SKWD,Skyward Specialty Insurance Group Inc. Common Stock,$53.59,-1.19,-2.172%,2379208060.00,United States,2023,285560,Finance,Property-Casualty Insurers
SKY,Champion Homes Inc. Common Stock,$86.82,-0.90,-1.026%,4712601234.00,United States,,449803,Consumer Discretionary,Homebuilding
SKYA,SkyAI Inc. Common Stock,$1.77,-0.11,-5.851%,76548086.00,United States,2022,270659,Health Care,Medical/Dental Instruments
SKYAW,SkyAI Inc. Warrant,$0.0281,0.00,0.00%,1215255.00,United States,2022,109,Technology,EDP Services
SKYE,Skye Bioscience Inc. Common Stock,$1.61,-0.06,-3.593%,7128560.00,United States,,51000,Health Care,Biotechnology: Pharmaceutical Preparations
SKYH,Sky Harbour Group Corporation Class A Common Stock,$9.95,-0.06,-0.599%,812213605.00,United States,2022,173275,Finance,Real Estate
SKYQ,Sky Quarry Inc. Common Stock,$2.60,-0.07,-2.622%,22966814.00,United States,2024,1089482,Industrials,Environmental Services
SKYW,SkyWest Inc. Common Stock,$100.72,-1.57,-1.535%,3910788894.00,United States,1986,394458,Consumer Discretionary,Air Freight/Delivery Services
SKYX,SKYX Platforms Corp. Common Stock,$1.17,-0.06,-4.878%,158454263.00,United States,2022,704117,Consumer Discretionary,Building Products
SLAB,Silicon Laboratories Inc. Common Stock,$221.03,-0.21,-0.095%,7375055184.00,United States,2000,140397,Technology,Semiconductors
SLDB,Solid Biosciences Inc. Common Stock,$7.28,-0.01,-0.137%,780599733.00,United States,2018,1413533,Health Care,Biotechnology: Biological Products (No Diagnostic Substances)
SLDE,Slide Insurance Holdings Inc. Common Stock,$22.86,-0.24,-1.039%,2670315896.00,United States,2025,690182,Finance,Property-Casualty Insurers
SLDP,Solid Power Inc. Class A Common Stock,$2.26,-0.13,-5.439%,515689539.00,United States,2021,2893802,Miscellaneous,Industrial Machinery/Components
SLDPW,Solid Power Inc. Warrant,$0.0211,-0.0009,-4.091%,4814624.00,United States,2021,220,Miscellaneous,Industrial Machinery/Components
SLE,Super League Enterprise Inc. Common Stock,$4.51,-0.52,-10.338%,11154001.00,United States,2019,260601,Technology,EDP Services
SLG,SL Green Realty Corp Common Stock,$49.32,-1.69,-3.313%,3494317413.00,United States,1997,577648,Real Estate,Real Estate Investment Trusts
SLG^I,SL Green Realty Corporation Preferred Series I,$21.35,0.01,0.047%,,United States,,13146,,
SLGN,Silgan Holdings Inc. Common Stock,$35.95,0.04,0.111%,3799268619.00,United States,2022,1761776,Industrials,Containers/Packaging
SLM,SLM Corporation Common Stock,$22.90,-0.76,-3.212%,4303985338.00,United States,,2048577,Finance,Finance: Consumer Services
SLMBP,SLM Corporation Floating Rate Non-Cumulative Preferred Stock Series B,$74.00,0.10,0.135%,13908074892.00,United States,,631,Finance,Finance: Consumer Services
SLND,Southland Holdings Inc. Common Stock,$0.61,-0.0492,-7.464%,33205507.00,United States,,81314,Industrials,Military/Government/Technical
SLNG,Stabilis Solutions Inc. Common Stock,$5.15,-0.10,-1.905%,95770950.00,United States,,13870,Utilities,Oil/Gas Transmission
SLNH,Soluna Holdings Inc. Common Stock,$1.18,-0.04,-3.279%,291108415.00,United States,,5034564,Technology,EDP Services
SLNHP,Soluna Holdings Inc 9.0% Series A Cumulative Perpetual Preferred Stock ,$12.82,0.00,0.00%,3162720243.00,United States,,276,Technology,EDP Services
SLP,Simulations Plus Inc. Common Stock,$18.48,0.02,0.108%,373755006.00,United States,,138513,Technology,EDP Services
SLQT,SelectQuote Inc. Common Stock,$0.4306,0.0306,7.65%,77190132.00,United States,2020,1403101,Finance,Specialty Insurers
SLRC,SLR Investment Corp. Common Stock,$11.64,-0.10,-0.852%,635015940.00,United States,2010,407388,Finance,Finance/Investors Services
SLS,SELLAS Life Sciences Group Inc. Common Stock,$11.59,-0.02,-0.172%,2340550767.00,United States,,3762041,Health Care,Biotechnology: Pharmaceutical Preparations
SLSN,Solesence Inc. Common Stock,$0.832,0.0066,0.80%,58778341.00,United States,,7719,Consumer Discretionary,Package Goods/Cosmetics
SLVM,Sylvamo Corporation Common Stock,$34.98,-0.98,-2.725%,1390813300.00,United States,2021,278536,Basic Materials,Paper
SM,SM Energy Company Common Stock,$33.55,-0.36,-1.062%,7980003981.00,United States,,3683325,Energy,Oil & Gas Production
SMA,SmartStop Self Storage REIT Inc. Common Stock,$31.20,-0.53,-1.67%,1727509774.00,United States,2025,773287,Real Estate,Real Estate Investment Trusts
SMBC,Southern Missouri Bancorp Inc. Common Stock,$71.50,-0.76,-1.052%,787449449.00,United States,,54606,Finance,Banks
SMBK,SmartFinancial Inc. Common Stock,$49.76,-0.56,-1.113%,850820016.00,United States,,131580,Finance,Major Banks
SMC,Summit Midstream Corporation Common Stock,$30.66,-0.14,-0.455%,622645886.00,United States,2012,67378,Utilities,Natural Gas Distribution
SMCI,Super Micro Computer Inc. Common Stock,$41.78,-1.48,-3.421%,27448013744.00,United States,2020,29494533,Technology,Computer Manufacturing
SMCIP,Super Micro Computer Inc. Depositary Shares representing a 1/20th Interest in a Share of 7% Series A Mandatory Convertible Preferred Stock,$69.93,-2.27,-3.144%,45941589303.00,United States,,113209,Technology,Computer Manufacturing
SMG,Scotts Miracle-Gro Company (The) Common Stock,$48.44,-2.45,-4.814%,2820190073.00,United States,1992,1733792,Industrials,Agricultural Chemicals
SMHI,SEACOR Marine Holdings Inc. Common Stock ,$8.47,-0.26,-2.978%,229815036.00,United States,2017,97033,Consumer Discretionary,Marine Transportation
SMID,Smith-Midland Corporation Common Stock,$24.11,-0.17,-0.70%,127894051.00,United States,,6516,Industrials,Building Materials
SMMT,Summit Therapeutics Inc. Common Stock ,$15.48,-0.13,-0.833%,12349163839.00,United States,2015,6151246,Health Care,Biotechnology: Pharmaceutical Preparations
SMP,Standard Motor Products Inc. Common Stock,$37.84,0.15,0.398%,845356687.00,United States,,119323,Consumer Discretionary,Auto Parts:O.E.M.
SMPL,The Simply Good Foods Company Common Stock,$9.60,0.00,0.00%,849221232.00,United States,,2027851,Consumer Staples,Packaged Foods
SMR,NuScale Power Corporation Class A Common Stock,$7.91,-0.51,-6.057%,3399111082.00,United States,2022,32945550,Industrials,Metal Fabrications
SMRT,SmartRent Inc. Class A Common Stock,$1.19,0.00,0.00%,228018041.00,United States,,646960,Technology,EDP Services
SMSI,Smith Micro Software Inc. Common Stock,$2.65,-0.06,-2.214%,14813182.00,United States,1995,4712,Technology,Computer Software: Prepackaged Software
SMTC,Semtech Corporation Common Stock,$174.78,-7.52,-4.125%,16311452912.00,United States,,2750040,Technology,Semiconductors
SMTI,Sanara MedTech Inc. Common Stock,$35.10,0.04,0.114%,322500029.00,United States,,95098,Health Care,Industrial Specialties
SMTK,SmartKem Inc. Common Stock,$1.75,-0.07,-3.846%,1812648.00,United States,,86482,Technology,Semiconductors
SMXT,Solarmax Technology Inc. Common Stock,$2.28,-0.04,-1.724%,10812250.00,United States,2024,8665,Consumer Discretionary,Engineering & Construction
SN,SharkNinja Inc. Ordinary Shares,$181.99,4.25,2.391%,25637213748.00,United States,2023,1576746,Consumer Discretionary,Consumer Electronics/Appliances
SNA,Snap-On Incorporated Common Stock,$369.21,0.01,0.003%,19098171452.00,United States,,317517,Consumer Discretionary,Industrial Machinery/Components
SNAL,Snail Inc. Class A Common Stock,$2.42,-0.08,-3.20%,21673063.00,United States,2022,16581,Technology,Computer Software: Prepackaged Software
SNAP,Snap Inc. Class A Common Stock,$5.22,-0.20,-3.69%,8828052057.00,United States,2017,28220178,Technology,Computer Software: Programming Data Processing
SND,Smart Sand Inc. Common Stock,$5.255,0.025,0.478%,222807066.00,United States,2016,199571,Industrials,Mining & Quarrying of Nonmetallic Minerals (No Fuels)
SNDA,Sonida Senior Living Inc. Common Stock,$37.61,-0.10,-0.265%,1807084904.00,United States,,271543,Health Care,Hospital/Nursing Management
SNDK,Sandisk Corporation Common Stock,$1712.89,-64.91,-3.651%,250799642623.00,United States,,6662455,Technology,Electronic Components
SNDR,Schneider National Inc. Common Stock,$31.58,0.33,1.056%,5536002390.00,United States,2017,923070,Industrials,Trucking Freight/Courier Services
SNDX,Syndax Pharmaceuticals Inc. Common Stock,$17.86,-0.34,-1.868%,1594845956.00,United States,2016,1554251,Health Care,Biotechnology: Pharmaceutical Preparations
SNES,SenesTech Inc. Common Stock,$0.6321,-0.0819,-11.471%,3428221.00,United States,2016,79717,Industrials,Agricultural Chemicals
SNEX,StoneX Group Inc. Common Stock,$65.90,-0.91,-1.362%,7948642837.00,United States,,916646,Finance,Investment Bankers/Brokers/Service
SNFCA,Security National Financial Corporation Class A Common Stock,$8.80,0.06,0.686%,240920143.00,United States,,27349,Finance,Finance: Consumer Services
SNGX,Soligenix Inc. Common Stock,$0.3774,-0.0069,-1.795%,8214292.00,United States,,134986,Health Care,Biotechnology: Pharmaceutical Preparations
SNOA,Sonoma Pharmaceuticals Inc. Common Stock,$1.26,-0.01,-0.787%,6033416.00,United States,2007,30453,Health Care,Medical/Dental Instruments
SNOW,Snowflake Inc. Common Stock,$328.12,-7.82,-2.328%,115760736000.00,United States,2020,4525126,Technology,Computer Software: Prepackaged Software
SNPS,Synopsys Inc. Common Stock,$417.61,-8.15,-1.914%,80029379736.00,United States,1992,1547104,Technology,Computer Software: Prepackaged Software
SNTI,Senti Biosciences Holdings Inc. Common Stock,$0.31,-0.0193,-5.861%,9654874.00,United States,2021,549044,Health Care,Biotechnology: Biological Products (No Diagnostic Substances)
SNWV,SANUWAVE Health Inc. Common Stock,$4.65,-0.39,-7.738%,40000737.00,United States,,68888,Health Care,Medical/Dental Instruments
SNX,TD SYNNEX Corporation Common Stock,$256.75,-6.28,-2.388%,20529409576.00,United States,2003,1159892,Technology,Retail: Computer Software & Peripheral Equipment
SO,Southern Company (The) Common Stock,$82.35,-0.53,-0.639%,94732390250.00,United States,,5048943,Utilities,Electric Utilities: Central
SOC,Sable Offshore Corp. Common Stock,$3.57,-0.31,-7.99%,684974372.00,United States,2021,9351262,Energy,Oil & Gas Production
SOCA,Solarius Capital Acquisition Corp. Class A Ordinary Share,$10.34,0.00,0.00%,0.00,United States,2025,9,,
SOCAW,Solarius Capital Acquisition Corp. Warrant,$0.1753,0.00,0.00%,0.00,United States,2025,172,,
SOFI,SoFi Technologies Inc. Common Stock  ,$15.93,-0.65,-3.92%,20574715261.00,United States,,58726512,Finance,Finance: Consumer Services
SOJC,Southern Company (The) Series 2017B 5.25% Junior Subordinated Notes due December 1 2077,$18.63,-0.02,-0.107%,20493883192.00,United States,2017,49180,Utilities,Electric Utilities: Central
SOJD,Southern Company (The) Series 2020A 4.95% Junior Subordinated Notes due January 30 2080,$17.55,-0.17,-0.959%,19305831993.00,United States,2020,96729,Utilities,Electric Utilities: Central
SOJE,Southern Company (The) Series 2020C 4.20% Junior Subordinated Notes due October 15 2060,$15.65,-0.17,-1.075%,17129953784.00,United States,2020,52446,Utilities,Electric Utilities: Central
SOJF,Southern Company (The) Series 2025A 6.50% Junior Subordinated Notes due March 15 2085,$23.16,-0.32,-1.363%,0.00,United States,2025,90700,Utilities,Electric Utilities: Central
SOLS,Solstice Advanced Materials Inc. Common Stock ,$56.93,0.28,0.494%,9043180717.00,United States,,2919343,Industrials,Major Chemicals
SOLV,Solventum Corporation Common Stock,$89.54,0.04,0.045%,15241832695.00,United States,2024,649158,Health Care,Medical/Dental Instruments
SOMN,Southern Company (The) 2025 Series A Corporate Units,$44.64,-0.10,-0.224%,51352202802.00,United States,,14251,Utilities,Electric Utilities: Central
SON,Sonoco Products Company Common Stock,$49.97,-0.09,-0.18%,4940783900.00,United States,,913542,Consumer Discretionary,Containers/Packaging
SONM,DNA X Inc. Common Stock,$4.35,0.435,11.111%,6473966.00,United States,2019,44518,Utilities,Telecommunications Equipment
SONO,Sonos Inc. Common Stock,$17.97,-0.205,-1.128%,2125742803.00,United States,2018,2542111,Consumer Staples,Consumer Electronics/Appliances
SOR,Source Capital Inc. Cmn Shs of BI,$45.25,-0.15,-0.33%,377587856.00,United States,,1911,Finance,Investment Managers
SORN,Soren Acquisition Corp. Class A Ordinary Shares,$10.02,0.00,0.00%,0.00,United States,2026,9,Finance,Blank Checks
SOTK,Sono-Tek Corporation Common Stock,$5.10,0.09,1.796%,80155287.00,United States,,65078,Technology,Industrial Machinery/Components
SOUN,SoundHound AI Inc Class A Common Stock,$5.83,-0.22,-3.636%,2804257302.00,United States,,15055753,Technology,Computer Software: Prepackaged Software
SOUNW,SoundHound AI Inc. Warrant,$0.57,0.00,0.00%,274172669.00,United States,2021,11056,Technology,Computer Software: Prepackaged Software
SOWG,Sow Good Inc. Common Stock,$2.20,-0.06,-2.655%,44219765.00,United States,,7375,Consumer Staples,Packaged Foods
SPAI,Safe Pro Group Inc. Common Stock,$4.02,-0.15,-3.597%,81858705.00,United States,2024,122955,Technology,Computer Software: Prepackaged Software
SPB,Spectrum Brands Holdings Inc. Common Stock,$82.84,-2.07,-2.438%,1904955173.00,United States,,290266,Miscellaneous,Industrial Machinery/Components
SPCE,Virgin Galactic Holdings Inc. Common Stock,$3.14,-0.05,-1.567%,476011135.00,United States,2017,3235751,Consumer Discretionary,Transportation Services
SPCX,Space Exploration Technologies Corp. Class A Common Stock,$145.47,-3.21,-2.159%,1974438361789.00,United States,2026,83516942,Technology,Computer Software: Programming Data Processing
SPE,Special Opportunities Fund Inc Common Stock,$12.81,-0.12,-0.928%,0.00,United States,,19398,Finance,Finance/Investors Services
SPE^C,Special Opportunities Fund Inc. 2.75% Convertible Preferred Stock Series C,$24.7501,0.0901,0.365%,,United States,,4603,,
SPEG,Silver Pegasus Acquisition Corp Class A Ordinary Shares,$10.38,0.00,0.00%,0.00,United States,2025,129,,
SPEGR,Silver Pegasus Acquisition Corp Rights.,$0.1699,0.00,0.00%,0.00,United States,2025,1018,,
SPFI,South Plains Financial Inc. Common Stock,$42.32,-0.68,-1.581%,797270924.00,United States,2019,80017,Finance,Major Banks
SPG,Simon Property Group Inc. Common Stock,$204.53,-0.29,-0.142%,66175991363.00,United States,,926295,Real Estate,Real Estate Investment Trusts
SPG^J,Simon Property Group Inc. Simon Property Group 8 3/8% Series J Cumulative Redeemable Preferred Stock,$54.334,-0.586,-1.067%,,United States,,1206,,
SPGI,S&P Global Inc. Common Stock,$395.92,-7.38,-1.83%,116717216000.00,United States,,1926528,Finance,Finance: Consumer Services
SPH,Suburban Propane Partners L.P. Common Stock,$16.47,-0.15,-0.903%,1098753014.00,United States,1996,187528,Consumer Discretionary,Other Specialty Stores
SPHR,Sphere Entertainment Co. Class A Common Stock,$138.72,-2.41,-1.708%,4981935563.00,United States,2020,405510,Consumer Discretionary,Services-Misc. Amusement & Recreation
SPIR,Spire Global Inc. Class A Common Stock,$11.74,-0.34,-2.815%,476906636.00,United States,2020,469991,Consumer Discretionary,Telecommunications Equipment
SPKL,Spark I Acquisition Corp. Class A Ordinary Share,$11.56,-0.025,-0.216%,0.00,United States,2023,17124,,
SPOK,Spok Holdings Inc. Common Stock,$10.37,-0.09,-0.86%,216921081.00,United States,,107187,Telecommunications,Telecommunications Equipment
SPRB,Spruce Biosciences Inc. Common Stock,$47.51,-1.21,-2.484%,136544358.00,United States,2020,42381,Health Care,Biotechnology: Pharmaceutical Preparations
SPRO,Spero Therapeutics Inc. Common Stock,$1.19,-0.04,-3.252%,69299444.00,United States,2017,393261,Health Care,Biotechnology: Pharmaceutical Preparations
SPRU,Spruce Power Holding Corporation Class A Common Stock,$1.81,-0.13,-6.701%,34846457.00,United States,2019,105896,Utilities,Electric Utilities: Central
SPRY,ARS Pharmaceuticals Inc. Common Stock,$4.13,0.05,1.225%,410717527.00,United States,2020,949906,Health Care,Biotechnology: Pharmaceutical Preparations
SPSC,SPS Commerce Inc. Common Stock,$81.01,-0.29,-0.357%,2916374096.00,United States,2010,301658,Technology,Computer Software: Prepackaged Software
SPT,Sprout Social Inc Class A Common Stock,$9.47,-0.07,-0.734%,573808248.00,United States,2019,895562,Technology,Computer Software: Prepackaged Software
SPTX,Seaport Therapeutics Inc. Common Stock,$19.64,-1.88,-8.736%,1051340002.00,United States,2026,284491,Health Care,Biotechnology: Pharmaceutical Preparations
SPWH,Sportsman's Warehouse Holdings Inc. Common Stock,$1.165,-0.015,-1.271%,45599807.00,United States,2014,109667,Consumer Discretionary,Other Specialty Stores
SPWR,SunPower Inc. Common Stock,$0.3005,-0.0136,-4.33%,96250254.00,United States,,2136551,Technology,Semiconductors
SPWRW,SunPower Inc. Warrants,$0.025,-0.0025,-9.091%,8007509.00,United States,,60539,Technology,Semiconductors
SPXC,SPX Technologies Inc. Common Stock,$170.11,-2.68,-1.551%,8520105645.00,United States,,663754,Industrials,Industrial Machinery/Components
SPXX,Nuveen S&P 500 Dynamic Overwrite Fund,$18.40,-0.26,-1.393%,0.00,United States,,222642,Finance,Trusts Except Educational Religious and Charitable
SQFT,Presidio Property Trust Inc. Class A Common Stock,$1.34,-0.16,-10.667%,1922139.00,United States,2020,42941,Real Estate,Real Estate Investment Trusts
SQFTP,Presidio Property Trust Inc. 9.375% Series D Cumulative Redeemable Perpetual Preferred Stock $0.01 par value per share,$6.64,-0.225,-3.277%,9524628.00,United States,,4410,Real Estate,Real Estate Investment Trusts
SQFTW,Presidio Property Trust Inc. Series A Common Stock Purchase Warrants,$0.0101,-0.0021,-17.213%,14488.00,United States,,9167,Real Estate,Real Estate Investment Trusts
SR,Spire Inc. Common Stock,$76.84,-0.37,-0.479%,4542228090.00,United States,,393557,Utilities,Oil/Gas Transmission
SRBK,SR Bancorp Inc. Common stock,$19.08,-0.12,-0.625%,151331036.00,United States,2023,18009,Finance,Banks
SRCE,1st Source Corporation Common Stock,$85.53,-0.56,-0.65%,2059718578.00,United States,,93697,Finance,Major Banks
SRE,DBA Sempra Common Stock,$76.89,-1.04,-1.335%,50278397758.00,United States,,4933018,Utilities,Natural Gas Distribution
SREA,DBA Sempra 5.750% Junior Subordinated Notes due 2079,$18.93,-0.21,-1.097%,11985451414.00,United States,2019,82644,Utilities,Natural Gas Distribution
SRFM,Surf Air Mobility Inc. Common Stock,$1.19,0.08,7.207%,147136649.00,United States,2023,10072240,Consumer Discretionary,Transportation Services
SRG,Seritage Growth Properties Class A Common Stock,$1.75,-0.07,-3.846%,98568062.00,United States,2015,174792,Finance,Real Estate
SRG^A,Seritage Growth Properties 7.00% Series A Cumulative Redeemable Preferred Shares of Beneficial Interest,$21.155,-0.095,-0.447%,,United States,,5535,,
SRI,Stoneridge Inc. Common Stock,$6.67,-0.26,-3.752%,190247570.00,United States,1997,120547,Consumer Discretionary,Auto Parts:O.E.M.
SRJN,Spire Inc. 6.375% Junior Subordinated Notes due 2086,$21.48,-0.05,-0.232%,0.00,United States,,80129,Utilities,Oil/Gas Transmission
SRPT,Sarepta Therapeutics Inc. Common Stock (DE),$18.80,0.13,0.696%,1985787995.00,United States,,2268513,Health Care,Biotechnology: Pharmaceutical Preparations
SRRK,Scholar Rock Holding Corporation Common Stock,$49.13,0.50,1.028%,5983310905.00,United States,2018,1569523,Health Care,Biotechnology: Biological Products (No Diagnostic Substances)
SRTA,Strata Critical Medical Inc. Class A Common Stock,$5.23,-0.10,-1.876%,462681395.00,United States,2019,654372,Health Care,Medical/Nursing Services
SRTS,Sensus Healthcare Inc. Common Stock,$2.995,0.055,1.871%,49303867.00,United States,2016,39940,Health Care,Medical/Dental Instruments
SRV,NXG Cushing Midstream Energy Fund Common Shares of Beneficial Interest,$41.65,-0.73,-1.723%,0.00,United States,,85127,Finance,Finance Companies
SRZN,Surrozen Inc. Common Stock,$29.64,0.10,0.339%,348375459.00,United States,,409842,Health Care,Biotechnology: Biological Products (No Diagnostic Substances)
SSAC,SPACSphere Acquisition Corp. Class A Ordinary Shares,$10.12,0.00,0.00%,0.00,United States,2026,62,Finance,Blank Checks
SSACU,SPACSphere Acquisition Corp. Unit,$10.31,0.0099,0.096%,0.00,United States,2026,264,Finance,Blank Checks
SSACW,SPACSphere Acquisition Corp. Warrant,$0.0765,0.0079,11.516%,0.00,United States,2026,1214,Finance,Blank Checks
SSB,SouthState Bank Corporation Common Stock,$101.69,-0.77,-0.752%,9861340362.00,United States,,550820,Finance,Major Banks
SSBI,Summit State Bank Common Stock,$12.442,0.007,0.056%,83027083.00,United States,2006,1690,Finance,Major Banks
SSD,Simpson Manufacturing Company Inc. Common Stock,$174.79,-1.76,-0.997%,7163712567.00,United States,,205196,Consumer Discretionary,Industrial Machinery/Components
SSEA,Starry Sea Acquisition Corp	Ordinary Shares,$10.35,0.00,0.00%,0.00,United States,2025,510,Finance,Blank Checks
SSEAR,Starry Sea Acquisition Corp Rights,$0.10,-0.0001,-0.10%,0.00,United States,2025,3295,Finance,Blank Checks
SSNC,SS&C Technologies Holdings Inc. Common Stock,$78.00,-0.61,-0.776%,18303089688.00,United States,2010,1444710,Technology,Computer Software: Prepackaged Software
SSP,E.W. Scripps Company (The) Class A Common Stock,$2.69,-0.07,-2.536%,249279586.00,United States,,424100,Industrials,Broadcasting
SST,System1 Inc. Class A Common Stock,$2.71,-0.11,-3.901%,28424239.00,United States,2020,121604,Technology,Computer Software: Programming Data Processing
SSTI,SoundThinking Inc. Common Stock,$5.47,-0.17,-3.014%,72005931.00,United States,2017,41928,Technology,Computer Software: Prepackaged Software
SSTK,Shutterstock Inc. Common Stock,$4.06,-0.12,-2.871%,150007597.00,United States,2012,1009296,Technology,EDP Services
SSYS,Stratasys Ltd. Ordinary Shares (Israel),$8.40,0.14,1.695%,723849328.00,United States,1994,727051,Technology,Computer peripheral equipment
STAA,STAAR Surgical Company Common Stock,$20.87,0.36,1.755%,1046504946.00,United States,,540785,Health Care,Ophthalmic Goods
STAG,Stag Industrial Inc. Common Stock,$37.01,0.22,0.598%,7135836256.00,United States,2011,3075549,Real Estate,Real Estate Investment Trusts
STBA,S&T Bancorp Inc. Common Stock,$49.11,-0.71,-1.425%,1731888312.00,United States,,311062,Finance,Major Banks
STC,Stewart Information Services Corporation Common Stock,$57.54,-1.65,-2.788%,1756247330.00,United States,,281943,Finance,Specialty Insurers
STE,STERIS plc (Ireland) Ordinary Shares,$211.00,2.07,0.991%,20572523210.00,United States,,493824,Health Care,Industrial Specialties
STEM,Stem Inc. Class A Common Stock,$4.55,0.07,1.563%,43801685.00,United States,1992,229523,Technology,EDP Services
STEP,StepStone Group Inc. Class A Common Stock,$43.11,-1.25,-2.818%,5202371157.00,United States,2020,964415,Finance,Investment Managers
STEW,SRH Total Return Fund Inc. Common Stock,$17.57,-0.15,-0.847%,0.00,United States,,28619,Finance,Investment Managers
STEX,Streamex Corp. Common Stock,$0.7048,0.0048,0.686%,82084826.00,United States,,1148331,Finance,Finance: Consumer Services
STHO,Star Holdings Shares of Beneficial Interest,$8.47,0.24,2.916%,102328891.00,United States,,32383,Real Estate,Real Estate
STI,Solidion Technology Inc. Common Stock,$6.68,0.16,2.454%,58295077.00,United States,2022,126186,Miscellaneous,Industrial Machinery/Components
STIM,Neuronetics Inc. Common Stock,$2.555,-0.185,-6.752%,194683902.00,United States,2018,958947,Health Care,Medical/Dental Instruments
STK,Columbia Seligman Premium Technology Growth Fund Inc,$51.99,-1.18,-2.219%,0.00,United States,2009,69427,Finance,Investment Managers
STKS,The ONE Group Hospitality Inc. Common Stock,$1.67,0.03,1.829%,52920670.00,United States,,17809,Consumer Discretionary,Restaurants
STLD,Steel Dynamics Inc.,$230.39,-3.27,-1.399%,33021358194.00,United States,1996,1011093,Industrials,Steel/Iron Ore
STLN,Starling Oncology Inc. Common Stock,$6.64,-0.02,-0.30%,676723004.00,United States,2020,919208,Health Care,Medical/Nursing Services
STLNW,Starling Oncology Inc. Warrant,$0.0328,-0.0069,-17.38%,3342849.00,United States,2020,13690,Health Care,Medical/Nursing Services
STOK,Stoke Therapeutics Inc. Common Stock,$25.50,0.70,2.823%,1645419171.00,United States,2019,1660331,Health Care,Biotechnology: Pharmaceutical Preparations
STRA,Strategic Education Inc. Common Stock,$75.91,-0.92,-1.197%,1685775804.00,United States,1996,266153,Real Estate,Other Consumer Services
STRC,Strategy Inc Variable Rate Series A Perpetual Stretch Preferred Stock,$99.10,0.56,0.568%,41671252997.00,United States,,1914919,Technology,Computer Software: Prepackaged Software
STRD,Strategy Inc 10.00% Series A Perpetual Stride Preferred Stock,$72.55,-1.17,-1.587%,30507057568.00,United States,,124700,Technology,Computer Software: Prepackaged Software
STRF,Strategy Inc 10.00% Series A Perpetual Strife Preferred Stock,$103.55,-0.11,-0.106%,43542464661.00,United States,,37539,Technology,Computer Software: Prepackaged Software
STRK,Strategy Inc 8.00% Series A Perpetual Strike Preferred Stock,$75.15,0.26,0.347%,31600349775.00,United States,,165461,Technology,Computer Software: Prepackaged Software
STRL,Sterling Infrastructure Inc. Common Stock,$498.36,-13.93,-2.719%,15244093830.00,United States,,368185,Industrials,Military/Government/Technical
STRO,Sutro Biopharma Inc. Common Stock,$16.03,0.05,0.313%,265796171.00,United States,2018,165791,Health Care,Biotechnology: Biological Products (No Diagnostic Substances)
STRR,Star Equity Holdings Inc. Common Stock,$9.85,-0.32,-3.147%,36340620.00,United States,,1467,Consumer Discretionary,Professional Services
STRRP,Star Equity Holdings Inc. 10% Series A Cumulative Perpetual Preferred Stock,$9.26,-0.02,-0.216%,34163872.00,United States,,360,Consumer Discretionary,Professional Services
STRT,STRATTEC SECURITY CORPORATION Common Stock,$66.59,-0.33,-0.493%,265362016.00,United States,,67699,Consumer Discretionary,Auto Parts:O.E.M.
STRW,Strawberry Fields REIT Inc. Common Stock,$13.10,-0.30,-2.239%,185461102.00,United States,2023,29061,Real Estate,Real Estate Investment Trusts
STRZ,Starz Entertainment Corp. Common Shares,$21.50,0.43,2.041%,368169677.00,United States,,390240,Consumer Discretionary,Movies/Entertainment
STT,State Street Corporation Common Stock,$179.73,-1.61,-0.888%,49372148223.00,United States,,1875687,Finance,Major Banks
STT^G,State Street Corporation Depositary shares each representing a 1/4000th ownership interest in a share of Fixed-to-Floating Rate Non-Cumulative,$19.71,-0.16,-0.805%,,United States,,58384,,
STTK,Shattuck Labs Inc. Common Stock,$6.43,0.36,5.931%,645335717.00,United States,2020,976900,Health Care,Biotechnology: Pharmaceutical Preparations
STUB,StubHub Holdings Inc. Class A Common Stock,$5.30,-0.14,-2.574%,2025076820.00,United States,2025,6941171,Consumer Discretionary,Services-Misc. Amusement & Recreation
STWD,STARWOOD PROPERTY TRUST INC. Starwood Property Trust Inc.,$14.32,-0.04,-0.279%,5300819364.00,United States,2009,5930853,Real Estate,Real Estate Investment Trusts
STXS,Stereotaxis Inc. Common Stock,$1.26,-0.04,-3.077%,126254744.00,United States,,493091,Health Care,Biotechnology: Electromedical & Electrotherapeutic Apparatus
STZ,Constellation Brands Inc. Common Stock,$112.92,-0.71,-0.625%,19284300767.00,United States,,1437361,Consumer Staples,Beverages (Production/Distribution)
SUI,Sun Communities Inc. Common Stock,$112.28,0.02,0.018%,13675811452.00,United States,1993,1550291,Real Estate,Real Estate Investment Trusts
SUIG,Sui Group Holdings Limited Common Stock,$1.60,0.01,0.629%,122884595.00,United States,,1197851,Finance,Finance: Consumer Services
SUJA,Suja Life Inc. Class A Common Stock,$8.94,0.33,3.833%,345307607.00,United States,2026,226641,Consumer Staples,Beverages (Production/Distribution)
SUN,Sunoco LP Common Units representing limited partner interests,$74.62,-0.14,-0.187%,15284013816.00,United States,2012,309542,Energy,Integrated oil Companies
SUNE,SUNation Energy Inc. Common Stock,$2.37,-0.03,-1.25%,15436066.00,United States,,76043,Consumer Discretionary,Engineering & Construction
SUNS,Sunrise Realty Trust Inc. Common Stock,$7.06,-0.13,-1.808%,95421908.00,United States,,95925,Real Estate,Real Estate Investment Trusts
SUPN,Supernus Pharmaceuticals Inc. Common Stock,$44.60,1.94,4.548%,2592464780.00,United States,2012,731267,Health Care,Biotechnology: Pharmaceutical Preparations
SURG,SurgePays Inc. Common Stock,$0.1363,-0.0101,-6.899%,7211418.00,United States,,4347794,Consumer Discretionary,Advertising
SVAQ,Silicon Valley Acquisition Corp. Class A Ordinary Shares,$10.11,0.00,0.00%,0.00,United States,2026,700,Finance,Blank Checks
SVAQU,Silicon Valley Acquisition Corp. Units,$10.48,0.00,0.00%,0.00,United States,2025,1,Finance,Blank Checks
SVAQW,Silicon Valley Acquisition Corp. Warrants,$0.385,0.005,1.316%,0.00,United States,2026,3775,Finance,Blank Checks
SVC,Service Properties Trust Common Shares of Beneficial Interest,$6.57,-0.02,-0.303%,850877336.00,United States,,959655,Real Estate,Real Estate Investment Trusts
SVCC,Stellar V Capital Corp. Class A Ordinary Shares,$10.72,0.00,0.00%,0.00,United States,2025,46,,
SVCO,Silvaco Group Inc. Common Stock,$8.15,-0.21,-2.512%,276168928.00,United States,2024,322517,Technology,Computer Software: Prepackaged Software
SVIA,Silvia Inc. Common Stock,$3.90,-0.02,-0.51%,328810716.00,United States,2025,967178,Finance,Finance: Consumer Services
SVIAW,Silvia Inc. Warrant,$0.4234,-0.0559,-11.663%,35697040.00,United States,2025,2064,Finance,Finance: Consumer Services
SVIV,Spring Valley Acquisition Corp. IV Class A Ordinary Shares,$10.08,-0.03,-0.297%,0.00,United States,2026,77983,Finance,Blank Checks
SVIVU,Spring Valley Acquisition Corp. IV Units,$10.55,0.00,0.00%,0.00,United States,2026,3402,Finance,Blank Checks
SVIVW,Spring Valley Acquisition Corp. IV Warrants,$0.61,0.00,0.00%,0.00,United States,2026,854,Finance,Blank Checks
SVRA,Savara Inc. Common Stock,$5.07,0.07,1.40%,1041682276.00,United States,,4371621,Health Care,Biotechnology: Pharmaceutical Preparations
SVV,Savers Value Village Inc. Common Stock,$9.35,0.01,0.107%,1442294862.00,United States,2023,928728,Consumer Discretionary,Other Specialty Stores
SWAG,Stran & Company Inc. Common Stock,$1.40,-0.16,-10.256%,26095425.00,United States,2021,104556,Consumer Discretionary,Advertising
SWAGW,Stran & Company Inc. Warrant,$0.0032,-0.0012,-27.273%,59647.00,United States,2021,3300,Consumer Discretionary,Advertising
SWBI,Smith & Wesson Brands Inc. Common Stock,$14.03,-0.23,-1.613%,629100710.00,United States,,408425,Industrials,Ordnance And Accessories
SWIM,Latham Group Inc. Common Stock,$6.21,-0.035,-0.56%,730582194.00,United States,2021,600920,Industrials,Plastic Products
SWK,Stanley Black & Decker Inc. Common Stock,$88.73,-2.67,-2.921%,13399706556.00,United States,,1772674,Consumer Discretionary,Industrial Machinery/Components
SWKHL,SWK Holdings Corporation 9.00% Senior Notes due 2027,$25.01,-0.04,-0.16%,303806249.00,United States,,7670,,
SWKS,Skyworks Solutions Inc. Common Stock,$87.59,-1.75,-1.959%,13179910975.00,United States,,3369807,Technology,Semiconductors
SWMR,Swarmer Inc Common Stock,$18.18,-2.55,-12.301%,289734315.00,United States,2026,1374347,Technology,Computer Software: Prepackaged Software
SWRD,Stewards Inc Common Stock,$2.38,-0.23,-8.812%,502536912.00,United States,,140610,Finance,Finance Companies
SWX,Southwest Gas Holdings Inc. Common Stock (DE),$81.87,-0.57,-0.691%,5931141985.00,United States,,949251,Utilities,Oil & Gas Production
SWZ,Total Return Securities Fund Common Stock,$5.78,-0.04,-0.687%,0.00,United States,,72279,Finance,Finance Companies
SXC,SunCoke Energy Inc. Common Stock,$9.64,0.07,0.731%,818193554.00,United States,2011,1349616,Industrials,Steel/Iron Ore
SXI,Standex International Corporation Common Stock,$278.47,-1.70,-0.607%,3420019559.00,United States,,152875,Industrials,Industrial Machinery/Components
SXT,Sensient Technologies Corporation Common Stock,$128.88,-0.34,-0.263%,5485495082.00,United States,,303813,Industrials,Major Chemicals
SXTP,60 Degrees Pharmaceuticals Inc. Common Stock,$1.25,0.08,6.838%,4396235.00,United States,2023,80266,Health Care,Biotechnology: Pharmaceutical Preparations
SYBT,Stock Yards Bancorp Inc. Common Stock,$78.02,-0.55,-0.70%,2423819487.00,United States,,146689,Finance,Major Banks
SYF,Synchrony Financial Common Stock,$71.52,-1.42,-1.947%,26609555833.00,United States,2014,2600134,Finance,Finance: Consumer Services
SYF^A,Synchrony Financial Depositary Shares each Representing a 1/40th Interest in a Share of 5.625% Fixed Rate Non-Cumulative Perpetual Preferred Stock Series A,$18.04,-0.11,-0.606%,,United States,,131445,,
SYF^B,Synchrony Financial Depositary Shares Each Representing a 1/40th Interest in a Share of 8.250% Fixed Rate Reset Non-Cumulative Perpetual Preferred Stock Series B,$25.35,-0.16,-0.627%,,United States,,20062,,
SYK,Stryker Corporation Common Stock,$275.31,2.95,1.083%,105601495294.00,United States,,2492112,Health Care,Medical/Dental Instruments
SYM,Symbotic Inc. Class A Common Stock,$42.00,-1.47,-3.382%,25401671736.00,United States,2021,900372,Industrials,Industrial Machinery/Components
SYNA,Synaptics Incorporated Common Stock $0.001 Par Value,$100.36,-2.36,-2.298%,3983530569.00,United States,2002,488120,Technology,Semiconductors
SYPR,Sypris Solutions Inc. Common Stock,$1.70,-0.04,-2.299%,39144936.00,United States,,7234,Industrials,Industrial Machinery/Components
SYRE,Spyre Therapeutics Inc. Common Stock,$85.79,0.10,0.117%,7564427042.00,United States,2016,1045593,Health Care,Biotechnology: Pharmaceutical Preparations
SYY,Sysco Corporation Common Stock,$78.57,0.11,0.14%,38649679837.00,United States,,4151491,Consumer Discretionary,Food Distributors
SZZL,Sizzle Acquisition Corp. II Class A ordinary shares,$10.49,0.00,0.00%,0.00,United States,2025,207,Finance,Blank Checks
T,AT&T Inc.,$24.90,-0.48,-1.891%,170624402685.00,United States,,30491008,Telecommunications,Telecommunications Equipment
T^A,AT&T Inc. Depositary Shares each representing a 1/1000th interest in a share of 5.000% Perpetual Preferred Stock Series A,$17.50,-0.12,-0.681%,,United States,,147090,,
T^C,AT&T Inc. Depositary Shares each representing a 1/1000th interest in a share of 4.750% Perpetual Preferred Stock Series C,$16.45,-0.10,-0.604%,,United States,,275329,,
TACH,Titan Acquisition Corp. Class A Ordinary Shares,$10.525,0.015,0.143%,0.00,United States,2025,41052,Finance,Blank Checks
TACHU,Titan Acquisition Corp. Units,$10.75,0.00,0.00%,0.00,United States,2025,8,Finance,Blank Checks
TACHW,Titan Acquisition Corp. Warrants,$0.5584,-0.0001,-0.018%,0.00,United States,2025,1,Finance,Blank Checks
TACO,Berto Acquisition Corp. Ordinary Shares,$10.455,0.00,0.00%,381003536.00,United States,2025,157303,Finance,Blank Checks
TACOW,Berto Acquisition Corp. Warrant,$0.65,-0.02,-2.985%,0.00,United States,2025,6302,Finance,Blank Checks
TACT,TransAct Technologies Incorporated Common Stock,$4.71,-0.16,-3.285%,48628258.00,United States,1996,41323,Technology,Computer peripheral equipment
TALO,Talos Energy Inc. Common Stock,$16.46,-0.01,-0.061%,2748251603.00,United States,2018,2152281,Energy,Oil & Gas Production
TAOX,Tao Synergies Inc. Common Stock,$4.35,-0.08,-1.806%,32552103.00,United States,,147410,Finance,Finance: Consumer Services
TARA,Protara Therapeutics Inc.  Common Stock,$3.25,-0.03,-0.915%,192060336.00,United States,2014,431143,Health Care,Biotechnology: Biological Products (No Diagnostic Substances)
TARS,Tarsus Pharmaceuticals Inc. Common Stock,$76.81,1.12,1.48%,3594069555.00,United States,2020,1309618,Health Care,Biotechnology: Biological Products (No Diagnostic Substances)
TASK,TaskUs Inc. Class A Common Stock,$8.10,-0.10,-1.22%,742664870.00,United States,2021,354194,Technology,EDP Services
TAVI,Tavia Acquisition Corp. Ordinary Shares,$10.77,0.005,0.046%,0.00,United States,2024,1947,Finance,Blank Checks
TAVIU,Tavia Acquisition Corp. Unit,$10.80,0.00,0.00%,0.00,United States,2024,5,Finance,Blank Checks
TAYD,Taylor Devices Inc. Common Stock,$65.14,1.91,3.021%,210100276.00,United States,,34598,Industrials,Industrial Machinery/Components
TBB,AT&T Inc. 5.350% Global Notes due 2066,$19.13,-0.08,-0.416%,136786874232.00,United States,2017,112013,Telecommunications,Telecommunications Equipment
TBBK,The Bancorp Inc Common Stock,$49.16,-1.42,-2.807%,2005079530.00,United States,2004,394498,Finance,Major Banks
TBCH,Turtle Beach Corporation Common Stock,$12.69,-0.05,-0.392%,227274233.00,United States,,323501,Telecommunications,Telecommunications Equipment
TBCVU,Thunder Bridge Capital Partners V Ltd. Units,$9.92,0.00,0.00%,0.00,United States,2026,511,Finance,Blank Checks
TBI,TrueBlue Inc. Common Stock,$9.63,0.19,2.013%,293179033.00,United States,,160539,Consumer Discretionary,Professional Services
TBLD,Thornburg Income Builder Opportunities Trust Common Stock,$20.31,-0.165,-0.806%,651583044.00,United States,2021,45483,Finance,Investment Managers
TCBI,Texas Capital Bancshares Inc. Common Stock,$94.70,-1.12,-1.169%,4117022744.00,United States,2003,610184,Finance,Major Banks
TCBIO,Texas Capital Bancshares Inc. Depositary Shares 5.75% Fixed Rate Non-Cumulative Perpetual Preferred Stock Series B,$18.35,-0.29,-1.556%,797754671.00,United States,,35594,Finance,Major Banks
TCBK,TriCo Bancshares Common Stock,$51.89,-0.49,-0.935%,1658748431.00,United States,,203780,Finance,Major Banks
TCBS,Texas Community Bancshares Inc. Common Stock,$17.03,0.03,0.176%,48922541.00,United States,2021,326,Finance,Banks
TCBX,Third Coast Bancshares Inc. Common Stock,$43.18,-0.07,-0.162%,719161605.00,United States,,91173,Finance,Banks
TCGX,TCGX Acquisition Corp. Class A Ordinary Shares,$13.65,-0.45,-3.191%,0.00,United States,2026,9016,,
TCI,Transcontinental Realty Investors Inc. Common Stock,$43.12,0.24,0.56%,378333371.00,United States,,6248,Real Estate,Real Estate Investment Trusts
TCMD,Tactile Systems Technology Inc. Common Stock,$22.82,0.09,0.396%,516925167.00,United States,2016,151456,Health Care,Medical/Dental Instruments
TCPC,BlackRock TCP Capital Corp. Common Stock,$3.98,-0.03,-0.748%,333933045.00,United States,2012,1233008,Finance,Finance/Investors Services
TCRT,Alaunos Therapeutics Inc. Common Stock,$1.02,-0.07,-6.422%,2597599.00,United States,,149263,Health Care,Biotechnology: Pharmaceutical Preparations
TCRX,TScan Therapeutics Inc. Common Stock,$0.34,0.00,0.00%,21590907.00,United States,2021,359207,Health Care,Biotechnology: Biological Products (No Diagnostic Substances)
TDAC,Translational Development Acquisition Corp. Ordinary Shares,$10.85,-0.02,-0.184%,0.00,United States,2025,2998,,
TDACW,Translational Development Acquisition Corp. Warrants,$1.50,-0.0268,-1.755%,0.00,United States,2025,1800,,
TDAY,USA TODAY Co. Inc. Common Stock,$6.37,-0.05,-0.779%,935230284.00,United States,2014,2280773,Consumer Discretionary,Newspapers/Magazines
TDC,Teradata Corporation Common Stock,$28.55,-0.39,-1.348%,2655150000.00,United States,,1191482,Technology,Computer Software: Prepackaged Software
TDF,Templeton Dragon Fund Inc. Common Stock,$9.69,-0.10,-1.021%,0.00,United States,,57494,Finance,Finance/Investors Services
TDG,Transdigm Group Incorporated Common Stock,$1109.22,-6.98,-0.625%,61313827061.00,United States,2006,330722,Industrials,Military/Government/Technical
TDOC,Teladoc Health Inc. Common Stock,$5.89,-0.20,-3.284%,1070118884.00,United States,2015,4150923,Health Care,Medical/Nursing Services
TDS,Telephone and Data Systems Inc. Common Shares,$34.75,-1.10,-3.068%,3999725000.00,United States,,1760546,Telecommunications,Telecommunications Equipment
TDS^U,Telephone and Data Systems Inc. Depositary Shares Each Representing a 1/1000th Interest in a 6.625% Series UU Cumulative Redeemable Perpetual Preferred Stock,$19.79,-0.07,-0.352%,,United States,,17586,,
TDS^V,Telephone and Data Systems Inc. Depositary Shares Each Representing a 1/1000th Interest in a 6.000% Series VV Cumulative Redeemable Perpetual Preferred Stock,$17.965,0.015,0.084%,,United States,,29255,,
TDUP,ThredUp Inc. Class A Common Stock,$2.20,-0.05,-2.222%,288934030.00,United States,2021,1495480,Consumer Discretionary,Catalog/Specialty Distribution
TDW,Tidewater Inc. Common Stock,$83.27,-1.47,-1.735%,4143201355.00,United States,2017,411815,Consumer Discretionary,Marine Transportation
TDWD,Tailwind 2.0 Acquisition Corp. Class A Ordinary Shares,$10.13,0.00,0.00%,0.00,United States,2025,10,Finance,Blank Checks
TDWDR,Tailwind 2.0 Acquisition Corp. Rights,$0.1101,0.00,0.00%,0.00,United States,2025,37,Finance,Blank Checks
TDY,Teledyne Technologies Incorporated Common Stock,$610.83,-3.32,-0.541%,28315435739.00,United States,,298391,Industrials,Industrial Machinery/Components
TEAD,Teads Holding Co. Common Stock,$0.4301,-0.0129,-2.912%,42177826.00,United States,2021,98404,Technology,Computer Software: Programming Data Processing
TECH,Bio-Techne Corp Common Stock,$72.51,-0.10,-0.138%,11370890437.00,United States,,3820260,Health Care,Biotechnology: Biological Products (No Diagnostic Substances)
TECX,Tectonic Therapeutic Inc. Common Stock,$23.51,-0.16,-0.676%,459605595.00,United States,2018,234847,Health Care,Biotechnology: Biological Products (No Diagnostic Substances)
TEI,Templeton Emerging Markets Income Fund Inc. Common Stock,$6.15,-0.15,-2.381%,0.00,United States,1993,222020,Finance,Finance Companies
TELA,TELA Bio Inc. Common Stock,$1.23,-0.03,-2.381%,55526394.00,United States,2019,171814,Health Care,Medical/Dental Instruments
TELO,Telomir Pharmaceuticals Inc. Common Stock,$1.20,-0.03,-2.439%,82529947.00,United States,2024,73389,Health Care,Biotechnology: Pharmaceutical Preparations
TEM,Tempus AI Inc. Class A Common Stock,$85.08,0.07,0.082%,15446797667.00,United States,2024,6288777,Technology,Computer Software: Programming Data Processing
TENB,Tenable Holdings Inc. Common Stock,$34.47,0.98,2.926%,3796525214.00,United States,2018,3488691,Technology,Computer Software: Prepackaged Software
TENX,Tenax Therapeutics Inc. Common Stock,$1.85,0.04,2.21%,69234246.00,United States,,2209357,Health Care,Biotechnology: Pharmaceutical Preparations
TER,Teradyne Inc. Common Stock,$401.30,2.92,0.733%,62739542975.00,United States,,2027707,Industrials,Electrical Products
TEX,Terex Corporation Common Stock,$55.50,-1.83,-3.192%,6343650000.00,United States,,1307799,Industrials,Construction/Ag Equipment/Trucks
TFC,Truist Financial Corporation Common Stock,$47.09,-0.57,-1.196%,57526377193.00,United States,,6435064,Finance,Major Banks
TFC^I,Truist Financial Corporation Depositary Shares,$18.22,0.10,0.552%,,United States,,19599,,
TFC^O,Truist Financial Corporation Depositary Shares Each Representing a 1/1000th Interest in a Share of Series O Non-Cumulative Perpetual Preferred Stock,$18.70,-0.04,-0.213%,,United States,,61964,,
TFC^R,Truist Financial Corporation Depositary Shares each representing 1/1000th interest in a share of Series R Non-Cumulative Perpetual Preferred Stock,$16.71,-0.23,-1.358%,,United States,,127812,,
TFIN,Triumph Financial Inc. Common Stock,$60.63,-0.82,-1.334%,1448725778.00,United States,,208876,Finance,Major Banks
TFIN^,Triumph Financial Inc. Depositary Shares Each Representing a 1/40th Interest in a Share of 7.125% Series C Fixed-Rate Non-Cumulative Perpetual Preferred Stock,$21.8499,-0.0501,-0.229%,,United States,,8479,,
TFSL,TFS Financial Corporation Common Stock,$16.45,-0.27,-1.615%,4613283320.00,United States,2007,593705,Finance,Savings Institutions
TFX,Teleflex Incorporated Common Stock,$127.38,5.31,4.35%,5397395930.00,United States,,1578281,Health Care,Medical/Dental Instruments
TG,Tredegar Corporation Common Stock,$7.03,-0.02,-0.284%,245657473.00,United States,,166842,Industrials,Metal Fabrications
TGEN,Tecogen Inc. Common Stock,$3.16,0.11,3.607%,95393518.00,United States,2025,124187,Industrials,Industrial Machinery/Components
TGL,Treasure Global Inc. Common Stock,$1.49,-0.64,-30.047%,2912700.00,United States,2022,1165930,Consumer Discretionary,Business Services
TGT,Target Corporation Common Stock,$158.43,0.98,0.622%,71974231884.00,United States,,3402570,Consumer Discretionary,Department/Specialty Retail Stores
TGTX,TG Therapeutics Inc. Common Stock,$56.19,-1.24,-2.159%,8600950088.00,United States,,1442498,Health Care,Biotechnology: Pharmaceutical Preparations
TH,Target Hospitality Corp. Common Stock,$19.30,-1.28,-6.22%,1922732064.00,United States,2018,1732207,Consumer Discretionary,Hotels/Resorts
THC,Tenet Healthcare Corporation Common Stock,$257.93,-1.78,-0.685%,20768265670.00,United States,,544924,Health Care,Hospital/Nursing Management
THEO,BOA Acquisition Corp. II Class A Ordinary Shares,$9.89,0.00,0.00%,0.00,United States,2026,16,Finance,Blank Checks
THEOR,BOA Acquisition Corp. II Rights,$0.29,0.00,0.00%,0.00,United States,2026,113258,Finance,Blank Checks
THFF,First Financial Corporation Common Stock,$74.94,-0.62,-0.821%,891178686.00,United States,,95544,Finance,Major Banks
THG,Hanover Insurance Group Inc,$217.57,0.13,0.06%,7575835483.00,United States,,278446,Finance,Property-Casualty Insurers
THO,Thor Industries Inc. Common Stock,$71.38,-0.77,-1.067%,3684233088.00,United States,,918831,Industrials,Homebuilding
THQ,abrdn Healthcare Opportunities Fund Shares of Beneficial Interest,$18.49,-0.18,-0.964%,0.00,United States,2014,179500,Finance,Finance Companies
THRM,Gentherm Inc Common Stock,$33.61,-1.60,-4.544%,1032005704.00,United States,,778264,Consumer Discretionary,Auto Parts:O.E.M.
THRY,Thryv Holdings Inc. Common Stock,$1.605,-0.185,-10.335%,71324773.00,United States,,944764,Consumer Discretionary,Advertising
THW,abrdn World Healthcare Fund Shares of Beneficial Interest,$13.19,-0.04,-0.302%,0.00,United States,2015,85953,Finance,Finance Companies
TIC,TIC Solutions Inc. Common Stock,$8.73,-0.16,-1.80%,1905063708.00,United States,2025,1659006,Consumer Discretionary,Business Services
TIL,Instil Bio Inc. Common Stock,$7.04,-0.13,-1.813%,47745111.00,United States,2021,11575,Health Care,Biotechnology: Biological Products (No Diagnostic Substances)
TILE,Interface Inc. Common Stock,$35.17,-0.03,-0.085%,2032842178.00,United States,,303661,Consumer Discretionary,Home Furnishings
TIPT,Tiptree Inc. Common Stock,$17.23,0.08,0.466%,641639893.00,United States,,210829,Finance,Property-Casualty Insurers
TISI,Team Inc. Common Stock,$28.47,-0.59,-2.03%,130483960.00,United States,,29975,Consumer Discretionary,Other Consumer Services
TITN,Titan Machinery Inc. Common Stock,$23.47,-0.02,-0.085%,552317093.00,United States,2007,122673,Consumer Discretionary,Other Specialty Stores
TJX,TJX Companies Inc. (The) Common Stock,$130.25,0.19,0.146%,143271621445.00,United States,,5886867,Consumer Discretionary,Clothing/Shoe/Accessory Stores
TKNO,Alpha Teknova Inc. Common Stock,$9.20,-0.13,-1.393%,493931863.00,United States,2021,222494,Health Care,Biotechnology: In Vitro & In Vivo Diagnostic Substances
TKO,TKO Group Holdings Inc. Class A Common Stock,$181.58,-1.09,-0.597%,34367594487.00,United States,2023,944633,Consumer Discretionary,Services-Misc. Amusement & Recreation
TKR,Timken Company (The) Common Stock,$116.75,-0.70,-0.596%,8090405953.00,United States,,914149,Industrials,Metal Fabrications
TLAC,Three Lions Acquisition Corp. Ordinary Shares,$9.84,-0.01,-0.102%,0.00,United States,2026,5684,,
TLACU,Three Lions Acquisition Corp. Units,$10.16,0.03,0.296%,0.00,United States,2026,1532,,
TLF,Tandy Leather Factory Inc. Common Stock,$2.59,-0.04,-1.521%,21217474.00,United States,,5680,Consumer Discretionary,Apparel
TLN,Talen Energy Corporation Common Stock,$303.50,-0.92,-0.302%,14541977607.00,United States,,616898,Utilities,Electric Utilities: Central
TLNC,Talon Capital Corp. Class A Ordinary Shares,$10.24,0.00,0.00%,0.00,United States,2025,92,Finance,Blank Checks
TLPH,Talphera Inc. Common Stock,$1.19,0.01,0.847%,61767897.00,United States,2011,188299,Health Care,Biotechnology: Pharmaceutical Preparations
TLRY,Tilray Brands Inc. Common Stock ,$4.02,-0.11,-2.663%,594084207.00,United States,2018,3795036,Health Care, Medicinal Chemicals and Botanical Products 
TLS,Telos Corporation Common Stock,$4.06,0.02,0.495%,303431363.00,United States,2020,696812,Technology,EDP Services
TLSI,TriSalus Life Sciences Inc. Common Stock,$4.39,0.05,1.152%,270312494.00,United States,2021,253788,Health Care,Medical Specialities
TLSIW,TriSalus Life Sciences Inc. Warrant,$0.8099,0.00,0.00%,49869269.00,United States,2021,4,Health Care,Medical Specialities
TLYS,Tilly's Inc. Common Stock,$4.47,0.20,4.684%,136725075.00,United States,2012,362790,Consumer Discretionary,Clothing/Shoe/Accessory Stores
TMCI,Treace Medical Concepts Inc. Common Stock,$4.48,-0.02,-0.444%,291354793.00,United States,2021,169567,Health Care,Medical/Dental Instruments
TMDX,TransMedics Group Inc. Common Stock,$82.73,-2.56,-3.002%,2868674746.00,United States,2019,422562,Health Care,Biotechnology: Electromedical & Electrotherapeutic Apparatus
TME,Tencent Music Entertainment Group American Depositary Shares each representing two Class A Ordinary Shares,$8.37,-0.02,-0.238%,13173580665.00,United States,2018,6285798,Consumer Discretionary,Broadcasting
TMO,Thermo Fisher Scientific Inc Common Stock,$678.60,3.60,0.533%,250910508280.00,United States,,1905731,Industrials,Industrial Machinery/Components
TMP,Tompkins Financial Corporation Common Stock,$97.71,-1.86,-1.868%,1405353648.00,United States,1997,106723,Finance,Major Banks
TMS,Teamshares Inc. Common Stock,$7.73,-0.27,-3.375%,569395789.00,United States,2025,30491,,
TMSWW,Teamshares Inc. Warrants,$0.92,-0.05,-5.155%,67767675.00,United States,2025,19009,,
TMTS,Spartacus Acquisition Corp. II Class A Ordinary Shares,$10.025,0.00,0.00%,0.00,United States,2026,649,,
TMUS,T-Mobile US Inc. Common Stock,$166.45,1.02,0.617%,178546189984.00,United States,,4799984,Telecommunications,Telecommunications Equipment
TMUSI,T-Mobile US Inc. 5.500% Senior Notes due June 2070,$18.98,-0.03,-0.158%,0.00,United States,,12889,Telecommunications,Telecommunications Equipment
TMUSL,T-Mobile US Inc. 6.250% Senior Notes due 2069,$21.175,-0.215,-1.005%,0.00,United States,,18931,Telecommunications,Telecommunications Equipment
TMUSZ,T-Mobile US Inc. 5.500% Senior Notes due March 2070,$18.96,-0.12,-0.629%,0.00,United States,,21970,Telecommunications,Telecommunications Equipment
TNC,Tennant Company Common Stock,$68.21,0.47,0.694%,1162932958.00,United States,,142759,Industrials,Industrial Machinery/Components
TNDM,Tandem Diabetes Care Inc. Common Stock,$16.42,0.70,4.453%,1142482369.00,United States,2013,2852619,Health Care,Medical/Dental Instruments
TNET,TriNet Group Inc. Common Stock,$63.39,-1.72,-2.642%,2909901342.00,United States,2014,311543,Consumer Discretionary,Business Services
TNGX,Tango Therapeutics Inc.,$24.30,-0.62,-2.488%,4097231918.00,United States,2020,2413612,Health Care,Biotechnology: Pharmaceutical Preparations
TNL,Travel   Leisure Co. Common  Stock,$63.87,0.21,0.33%,3909114298.00,United States,,708086,Consumer Discretionary,Hotels/Resorts
TNON,Tenon Medical Inc. Common Stock,$2.86,-0.27,-8.626%,2953173.00,United States,2022,198404,Health Care,Medical/Dental Instruments
TNONW,Tenon Medical Inc. Warrant,$0.0059,-0.0001,-1.667%,6092.00,United States,,77478,Health Care,Medical/Dental Instruments
TNXP,Tonix Pharmaceuticals Holding Corp. Common Stock,$9.90,0.04,0.406%,169795138.00,United States,,342739,Health Care,Biotechnology: Pharmaceutical Preparations
TNYA,Tenaya Therapeutics Inc. Common Stock,$0.5898,-0.0198,-3.248%,132250861.00,United States,2021,6083992,Health Care,Biotechnology: Biological Products (No Diagnostic Substances)
TOL,Toll Brothers Inc. Common Stock,$136.51,-0.83,-0.604%,12578986970.00,United States,,1361556,Consumer Discretionary,Homebuilding
TOMZ,TOMI Environmental Solutions Inc. Common Stock,$1.36,-0.12,-8.108%,13317890.00,United States,,26473,Industrials,Major Chemicals
TONX,TON Strategy Company Common Stock,$3.98,0.405,11.329%,219186516.00,United States,,533910,Finance,Finance: Consumer Services
TOON,Kartoon Studios Inc. Common Stock,$0.5732,-0.0053,-0.916%,35655393.00,United States,,221375,Consumer Discretionary,Movies/Entertainment
TOST,Toast Inc. Class A Common Stock,$30.38,-0.22,-0.719%,17559640000.00,United States,2021,8455927,Technology,EDP Services
TOVX,Theriva Biologics Inc. Common Stock,$0.2165,-0.0041,-1.859%,9935763.00,United States,,759355,Health Care,Biotechnology: Pharmaceutical Preparations
TOWN,TowneBank Common Stock,$36.09,-0.27,-0.743%,2692939440.00,United States,,541748,Finance,Major Banks
TPB,Turning Point Brands Inc. Common Stock,$60.38,-1.69,-2.723%,1210553910.00,United States,2016,364308,Consumer Discretionary,Tobacco
TPC,Tutor Perini Corporation Common Stock,$83.98,0.01,0.012%,4414754446.00,United States,1970,396237,Consumer Discretionary,General Bldg Contractors - Nonresidential Bldgs
TPCS,TechPrecision Corporation Common stock,$5.22,-0.04,-0.76%,52895622.00,United States,,10688,Industrials,Metal Fabrications
TPG,TPG Inc. Class A Common Stock,$43.49,-0.90,-2.027%,16435687133.00,United States,2022,1899919,Finance,Investment Managers
TPGXL,TPG Operating Group II L.P. 6.950% Fixed-Rate Junior Subordinated Notes due 2064,$20.52,-0.285,-1.37%,7486224903.00,United States,,26295,,
TPL,Texas Pacific Land Corporation Common Stock,$338.15,-2.92,-0.856%,23323789056.00,United States,,254200,Energy,Oil & Gas Production
TPR,Tapestry Inc. Common Stock,$113.45,-0.43,-0.378%,22661685376.00,United States,,2500528,Consumer Discretionary,Apparel
TPST,Tempest Therapeutics Inc. Common Stock,$0.8316,0.0026,0.314%,13754470.00,United States,,259053,Health Care,Biotechnology: Pharmaceutical Preparations
TPVG,TriplePoint Venture Growth BDC Corp. Common Stock,$4.78,-0.05,-1.035%,194592476.00,United States,2014,177010,Consumer Discretionary,Other Consumer Services
TR,Tootsie Roll Industries Inc. Common Stock,$37.78,-0.26,-0.683%,2836206861.00,United States,,224475,Consumer Staples,Specialty Foods
TRAK,ReposiTrak Inc. Common Stock,$8.20,-0.03,-0.365%,149023233.00,United States,,72199,Technology,EDP Services
TRAW,Traws Pharma Inc. Common Stock,$0.579,0.0158,2.805%,8898232.00,United States,2013,175575,Health Care,Biotechnology: Pharmaceutical Preparations
TRAX,First Tracks Biotherapeutics Inc. Ordinary Shares ,$36.645,2.225,6.464%,1309356742.00,United States,,674528,Health Care,Biotechnology: Pharmaceutical Preparations
TRC,Tejon Ranch Co Common Stock,$16.41,-0.04,-0.243%,443421896.00,United States,2000,83108,Finance,Real Estate
TRDA,Entrada Therapeutics Inc. Common Stock,$6.22,0.06,0.974%,242186081.00,United States,2021,442589,Health Care,Biotechnology: Pharmaceutical Preparations
TREE,LendingTree Inc. Common Stock,$24.21,-0.41,-1.665%,339897772.00,United States,,251789,Finance,Finance: Consumer Services
TREX,Trex Company Inc. Common Stock,$44.44,-0.35,-0.781%,4526889044.00,United States,,2048412,Basic Materials,Forest Products
TRGP,Targa Resources Inc. Common Stock,$277.43,-0.41,-0.148%,59489598156.00,United States,2010,1030627,Utilities,Natural Gas Distribution
TRGS,TRG Latin America Acquisitions Corp. Class A Ordinary Shares,$9.96,0.00,0.00%,0.00,United States,2026,9,Finance,Blank Checks
TRI,Thomson Reuters Corporation Common Shares,$97.33,-1.66,-1.677%,42163356000.00,United States,,1138250,Consumer Discretionary,Publishing
TRIN,Trinity Capital Inc. Common Stock,$17.50,-0.16,-0.906%,1657137545.00,United States,,676558,Finance,Finance: Consumer Services
TRIP,TripAdvisor Inc. Common Stock,$8.41,0.00,0.00%,985646466.00,United States,,4348784,Technology,Computer Software: Programming Data Processing
TRMB,Trimble Inc. Common Stock,$57.51,-0.34,-0.588%,13410173058.00,United States,1990,2541714,Industrials,Industrial Machinery/Components
TRMK,Trustmark Corporation Common Stock,$45.62,-0.42,-0.912%,2649179723.00,United States,,328562,Finance,Major Banks
TRN,Trinity Industries Inc. Common Stock,$27.60,-0.31,-1.111%,2198877814.00,United States,,1363695,Industrials,Railroads
TRNI,Trinity Capital Inc. 7.875% Notes Due 2029,$24.95,-0.07,-0.28%,1754338292.00,United States,,39282,Finance,Finance: Consumer Services
TRNO,Terreno Realty Corporation Common Stock,$66.57,0.50,0.757%,7254153537.00,United States,2010,922956,Finance,Real Estate
TRNR,Interactive Strength Inc. Common Stock,$2.41,-0.0001,-0.004%,3903482.00,United States,2023,3858,Technology,Consumer Electronics/Appliances
TRNS,Transcat Inc. Common Stock,$85.95,-1.78,-2.029%,806923869.00,United States,,208393,Industrials,Electrical Products
TRNZ,Trinity Capital Inc. 7.875% Notes due 2029,$25.0225,-0.0225,-0.09%,1759436069.00,United States,,20582,Finance,Finance: Consumer Services
TRON,Tron Inc. Common Stock,$1.415,-0.025,-1.736%,671250621.00,United States,2023,434877,Finance,Finance: Consumer Services
TROW,T. Rowe Price Group Inc. Common Stock,$103.81,-1.70,-1.611%,22144318389.00,United States,1986,1392650,Finance,Investment Managers
TROX,Tronox Holdings plc Ordinary Shares (UK),$3.97,-0.06,-1.489%,634009115.00,United States,,1690403,Basic Materials,Major Chemicals
TRS,TriMas Corporation Common Stock,$39.41,0.26,0.664%,1413789335.00,United States,2007,392073,Industrials,Industrial Specialties
TRST,TrustCo Bank Corp NY Common Stock,$55.35,-0.85,-1.512%,942485409.00,United States,,105268,Finance,Major Banks
TRTN^A,Triton International Limited 8.50% Series A Cumulative Redeemable Perpetual  Preference Shares,$25.39,-0.14,-0.548%,,United States,,3110,,
TRTN^B,Triton International Limited 8.00% Series B Cumulative Redeemable Perpetual Preference Shares,$24.51,-0.26,-1.05%,,United States,,24777,,
TRTN^C,Triton International Limited 7.375% Series C Cumulative Redeemable Perpetual Preference Shares,$22.78,-0.33,-1.428%,,United States,,12877,,
TRTN^D,Triton International Limited 6.875% Series D Cumulative Redeemable Perpetual Preference Shares,$21.50,-0.1898,-0.875%,,United States,,7195,,
TRTN^E,Triton International Limited 5.75% Series E Cumulative Redeemable Perpetual Preference Shares,$18.00,-0.05,-0.277%,,United States,,8979,,
TRTN^F,Triton International Limited 7.625% Series F Cumulative Redeemable Perpetual Preference Shares,$23.2901,-0.27,-1.146%,,United States,,11607,,
TRTN^G,Triton International Limited 7.500% Series G Cumulative Redeemable Perpetual Preference Shares,$23.14,-0.34,-1.448%,,United States,,56739,,
TRTX,TPG RE Finance Trust Inc. Common Stock,$6.33,-0.23,-3.506%,485947827.00,United States,2017,1856588,Real Estate,Real Estate Investment Trusts
TRTX^C,TPG RE Finance Trust Inc. 6.25% Series C Cumulative Redeemable Preferred Stock $0.001 par value per share,$16.49,-0.09,-0.543%,,United States,,5820,,
TRU,TransUnion Common Stock,$66.19,-2.98,-4.308%,12682004000.00,United States,2015,3205999,Finance,Finance: Consumer Services
TRUG,TruGolf Holdings Inc. Class A Common Stock,$0.2658,-0.0185,-6.507%,3212223.00,United States,2021,3079886,Consumer Discretionary,Recreational Games/Products/Toys
TRUP,Trupanion Inc. Common Stock,$23.27,0.11,0.475%,1020915658.00,United States,,451890,Health Care,Medical Specialities
TRV,The Travelers Companies Inc. Common Stock,$363.16,0.12,0.033%,75746104990.00,United States,,835497,Finance,Property-Casualty Insurers
TRVI,Trevi Therapeutics Inc. Common Stock,$14.40,-0.01,-0.069%,2051652110.00,United States,2019,1613740,Health Care,Biotechnology: Pharmaceutical Preparations
TSBK,Timberland Bancorp Inc. Common Stock,$45.02,-0.39,-0.859%,350060573.00,United States,,23336,Finance,Banks
TSCO,Tractor Supply Company Common Stock,$32.07,-0.20,-0.62%,16709757194.00,United States,1994,11124331,Consumer Discretionary,RETAIL: Building Materials
TSHA,Taysha Gene Therapies Inc. Common Stock,$4.99,0.32,6.852%,1625909390.00,United States,2020,6262482,Health Care,Biotechnology: Biological Products (No Diagnostic Substances)
TSI,TCW Strategic Income Fund Inc. Common Stock,$4.27,0.03,0.708%,0.00,United States,,336971,Finance,Investment Managers
TSLA,Tesla Inc. Common Stock,$357.45,-14.66,-3.94%,1411765715985.00,United States,2010,39454004,Industrials,Auto Manufacturing
TSN,Tyson Foods Inc. Common Stock,$50.95,0.03,0.059%,17924287036.00,United States,,2537298,Consumer Staples,Meat/Poultry/Fish
TSQ,Townsquare Media Inc. Class A Common Stock,$4.61,-0.37,-7.43%,84047856.00,United States,2014,158221,Consumer Discretionary,Broadcasting
TSSI,TSS Inc. Common Stock,$9.72,-0.15,-1.52%,274289360.00,United States,,1027807,Consumer Discretionary,Professional Services
TTAM,Titan America SA Common Shares,$13.76,-0.09,-0.65%,2536827518.00,United States,2025,176930,Industrials,Mining & Quarrying of Nonmetallic Minerals (No Fuels)
TTAN,ServiceTitan Inc. Class A Common Stock,$59.92,1.87,3.221%,5780356748.00,United States,2024,2091078,Technology,Computer Software: Prepackaged Software
TTC,Toro Company (The) Common Stock,$97.07,-0.08,-0.082%,9188974102.00,United States,,592393,Consumer Discretionary,Tools/Hardware
TTD,The Trade Desk Inc. Class A Common Stock,$12.34,-0.26,-2.063%,5834291583.00,United States,2016,23073504,Technology,Computer Software: Programming Data Processing
TTEC,TTEC Holdings Inc. Common Stock,$1.23,0.00,0.00%,60634006.00,United States,1996,500638,Consumer Discretionary,Professional Services
TTEK,Tetra Tech Inc. Common Stock,$33.89,-0.02,-0.059%,8677345665.00,United States,1991,1932649,Consumer Discretionary,Military/Government/Technical
TTGT,TechTarget Inc. Common Stock,$3.78,-0.05,-1.305%,273417455.00,United States,,345532,Telecommunications,Telecommunications Equipment
TTI,Tetra Technologies Inc. Common Stock,$5.91,-0.17,-2.796%,875110124.00,United States,,1492935,Energy,Oil & Gas Production
TTMI,TTM Technologies Inc. Common Stock,$124.19,-4.98,-3.855%,13083275420.00,United States,2000,1831545,Technology,Electrical Products
TTRX,Turn Therapeutics Inc. Common Stock,$13.04,0.55,4.404%,388436042.00,United States,,76739,Health Care,Biotechnology: Pharmaceutical Preparations
TTWO,Take-Two Interactive Software Inc. Common Stock,$202.35,0.91,0.452%,37835492641.00,United States,1997,2074695,Technology,Computer Software: Prepackaged Software
TULP,Bloomia Holdings Inc. Common Stock,$2.90,-0.10,-3.333%,14009799.00,United States,,3105,Consumer Staples,Farming/Seeds/Milling
TUSK,Mammoth Energy Services Inc. Common Stock,$2.91,-0.07,-2.349%,140051272.00,United States,2016,41838,Energy,Oilfield Services/Equipment
TVA,Texas Ventures Acquisition III Corp Class A Ordinary Share,$10.57,0.00,0.00%,0.00,United States,2025,17306,,
TVACW,Texas Ventures Acquisition III Corp Warrants,$0.21,-0.01,-4.545%,0.00,United States,2025,11714,,
TVAI,Thayer Ventures Acquisition Corporation II Class A Ordinary Shares,$10.40,0.00,0.00%,0.00,United States,2025,59,,
TVC,Tennessee Valley Authority Common Stock,$23.70,-0.10,-0.42%,0.00,United States,,14763,Utilities,Electric Utilities: Central
TVE,Tennessee Valley Authority,$23.12,-0.10,-0.431%,0.00,United States,,1823,Utilities,Electric Utilities: Central
TVGN,Tevogen Inc. Common Stock,$6.76,-0.49,-6.759%,44018010.00,United States,2022,15637,Health Care,Biotechnology: Biological Products (No Diagnostic Substances)
TVGNW,Tevogen Inc. Warrant,$0.0601,-0.0049,-7.538%,391344.00,United States,2022,306416,Health Care,Biotechnology: Biological Products (No Diagnostic Substances)
TVIV,Texas Ventures Acquisition IV Corp Class A Ordinary Shares,$9.95,0.00,0.00%,0.00,United States,2026,876,,
TVIVU,Texas Ventures Acquisition IV Corp Units,$10.05,0.00,0.00%,0.00,United States,2026,482,,
TVRD,Tvardi Therapeutics Inc. Common Stock,$1.33,0.06,4.724%,17740794.00,United States,2014,351452,Health Care,Biotechnology: Pharmaceutical Preparations
TVTX,Travere Therapeutics Inc. Common Stock,$61.57,2.13,3.583%,5803654819.00,United States,,1235104,Health Care,Biotechnology: Pharmaceutical Preparations
TW,Tradeweb Markets Inc. Class A Common Stock,$100.77,-0.42,-0.415%,23583027962.00,United States,2019,1368767,Finance,Investment Bankers/Brokers/Service
TWAV,TaoWeave Inc. Common Stock,$1.58,0.01,0.637%,6126006.00,United States,,100311,Technology,Computer Software: Programming Data Processing
TWFG,TWFG Inc. Class A Common Stock,$24.16,0.01,0.041%,1305891343.00,United States,2024,69107,Finance,Specialty Insurers
TWI,Titan International Inc. (DE) Common Stock,$7.00,-0.07,-0.99%,451796464.00,United States,,867457,Industrials,Steel/Iron Ore
TWIN,Twin Disc Incorporated Common Stock,$26.46,0.33,1.263%,384699717.00,United States,,84624,Industrials,Industrial Machinery/Components
TWLO,Twilio Inc. Class A Common Stock,$286.98,11.18,4.054%,44073016636.00,United States,2016,2730694,Technology,Computer Software: Prepackaged Software
TWLV,Twelve Seas Investment Company III Class A Ordinary Shares,$10.06,0.00,0.00%,0.00,United States,2026,609,Finance,Blank Checks
TWLVR,Twelve Seas Investment Company III Rights,$0.1196,-0.0104,-8.00%,0.00,United States,2026,266,Finance,Blank Checks
TWN,Taiwan Fund Inc. (The) Common Stock,$102.10,-1.06,-1.028%,0.00,United States,1986,38426,Finance,Trusts Except Educational Religious and Charitable
TWOD,Two Harbors Investments Corp 9.375% Senior Notes due 2030,$26.30,0.01,0.038%,0.00,United States,2025,19180,Real Estate,Real Estate Investment Trusts
TWST,Twist Bioscience Corporation Common Stock,$179.60,-3.23,-1.767%,11907690850.00,United States,2018,2197856,Health Care,Biotechnology: Biological Products (No Diagnostic Substances)
TXG,10x Genomics Inc. Class A Common Stock,$88.50,2.79,3.255%,11530768368.00,United States,2019,3371472,Industrials,Biotechnology: Laboratory Analytical Instruments
TXMD,TherapeuticsMD Inc. Common Stock,$2.09,0.04,1.951%,24190417.00,United States,,12129,Health Care,Biotechnology: Pharmaceutical Preparations
TXN,Texas Instruments Incorporated Common Stock,$278.31,0.24,0.086%,254165963491.00,United States,,4933166,Technology,Semiconductors
TXNM,TXNM Energy Inc. Common Stock,$58.27,-0.25,-0.427%,6417027860.00,United States,,1994736,Utilities,Electric Utilities: Central
TXO,TXO Partners L.P. Common Units Representing Limited Partner Interests,$14.27,-0.06,-0.419%,791220228.00,United States,2023,117120,Energy,Oil & Gas Production
TXRH,Texas Roadhouse Inc. Common Stock,$158.45,-1.30,-0.814%,10400804725.00,United States,2004,1668736,Consumer Discretionary,Restaurants
TXT,Textron Inc. Common Stock,$77.37,0.78,1.018%,13306627768.00,United States,,1979625,Industrials,Aerospace
TY,Tri Continental Corporation Common Stock,$34.38,-0.24,-0.693%,1868585145.00,United States,,40423,Finance,Finance Companies
TY^,Tri Continental Corporation Preferred Stock,$39.50,-0.16,-0.403%,,United States,,3017,,
TYG,Tortoise Energy Infrastructure Corporation Common Stock,$38.42,-1.60,-3.998%,458270033.00,United States,2004,252880,Finance,Investment Managers
TYGO,Tigo Energy Inc. Common Stock,$0.82,-0.0398,-4.629%,62954443.00,United States,2021,1235300,Technology,Semiconductors
TYL,Tyler Technologies Inc. Common Stock,$324.02,-1.55,-0.476%,13269355821.00,United States,,603961,Technology,Computer Software: Prepackaged Software
TYRA,Tyra Biosciences Inc. Common Stock,$21.45,-0.31,-1.425%,1474814892.00,United States,2021,824599,Health Care,Biotechnology: Pharmaceutical Preparations
TZOO,Travelzoo Common Stock,$5.51,-0.07,-1.254%,56214877.00,United States,,38428,Consumer Discretionary,Advertising
U,Unity Software Inc. Common Stock,$39.86,-1.69,-4.067%,17541944869.00,United States,2020,10282545,Technology,Computer Software: Prepackaged Software
UA,Under Armour Inc. Class C Common Stock,$4.24,-0.13,-2.975%,1821273094.00,United States,2016,3872211,Consumer Discretionary,Apparel
UAA,Under Armour Inc. Class A Common Stock,$4.28,-0.15,-3.386%,1838454915.00,United States,,12694809,Consumer Discretionary,Apparel
UAL,United Airlines Holdings Inc. Common Stock,$111.51,-2.48,-2.176%,36194336416.00,United States,,3999195,Consumer Discretionary,Air Freight/Delivery Services
UAMY,United States Antimony Corporation Common Stock,$4.26,-0.24,-5.333%,637591576.00,United States,,4648121,Industrials,Metal Fabrications
UAN,CVR Partners LP Common Units representing Limited Partner Interests,$123.58,0.88,0.717%,1306195740.00,United States,2011,19441,Industrials,Agricultural Chemicals
UAVS,AgEagle Aerial Systems Inc. Common Stock,$0.968,-0.0246,-2.478%,60892723.00,United States,,468698,Industrials,Aerospace
UBCP,United Bancorp Inc. Common Stock,$14.75,-0.065,-0.439%,84598891.00,United States,,6192,Finance,Major Banks
UBER,Uber Technologies Inc. Common Stock,$68.16,-1.46,-2.097%,139220897847.00,United States,2019,16746686,Consumer Discretionary,Business Services
UBSI,United Bankshares Inc. Common Stock,$46.72,-0.14,-0.299%,6363851317.00,United States,,953015,Finance,Major Banks
UCB,United Community Banks Inc. Common Stock,$33.99,-0.24,-0.701%,4098361347.00,United States,2024,1085176,Finance,Major Banks
UCTT,Ultra Clean Holdings Inc. Common Stock,$78.07,0.38,0.489%,3534777654.00,United States,2004,606856,Technology,Semiconductors
UDR,UDR Inc. Common Stock,$33.83,-0.01,-0.03%,10868368630.00,United States,,3989317,Real Estate,Real Estate Investment Trusts
UE,Urban Edge Properties Common Shares of Beneficial Interest,$19.91,0.01,0.05%,2513527318.00,United States,2015,873639,Finance,Real Estate
UEIC,Universal Electronics Inc. Common Stock,$5.27,0.15,2.93%,67904277.00,United States,1993,40024,Consumer Staples,Consumer Electronics/Appliances
UFCS,United Fire Group Inc. Common Stock,$53.34,0.01,0.019%,1371128116.00,United States,,113899,Finance,Property-Casualty Insurers
UFI,Unifi Inc. New Common Stock,$6.67,0.07,1.061%,123987543.00,United States,,111593,Consumer Discretionary,Textiles
UFPI,UFP Industries Inc. Common Stock,$79.42,-0.07,-0.088%,4380925615.00,United States,1993,415652,Basic Materials,Forest Products
UFPT,UFP Technologies Inc. Common Stock,$299.22,3.57,1.208%,2317695284.00,United States,1993,104974,Health Care,Medical/Dental Instruments
UG,United-Guardian Inc. Common Stock,$7.1004,0.0204,0.288%,32621503.00,United States,,5347,Consumer Discretionary,Package Goods/Cosmetics
UGI,UGI Corporation Common Stock,$36.24,-0.27,-0.74%,7773297604.00,United States,,1396305,Utilities,Natural Gas Distribution
UHAL,U-Haul Holding Company Common Stock,$60.72,-0.25,-0.41%,11803573016.00,United States,2022,131720,Consumer Discretionary,Rental/Leasing Companies
UHS,Universal Health Services Inc. Common Stock,$177.48,-1.38,-0.772%,10460052682.00,United States,,765319,Health Care,Hospital/Nursing Management
UHT,Universal Health Realty Income Trust Common Stock,$38.79,0.14,0.362%,539129952.00,United States,,106113,Real Estate,Real Estate Investment Trusts
UI,Ubiquiti Inc. Common Stock,$553.37,-7.30,-1.302%,33494590194.00,United States,,94930,Technology,Radio And Television Broadcasting And Communications Equipment
UIS,Unisys Corporation New Common Stock,$2.24,-0.08,-3.448%,163331739.00,United States,,822405,Technology,EDP Services
UK,Ucommune International Ltd Class A Ordinary Shares,$2.03,-0.07,-3.333%,1376241.00,United States,2019,32909,Consumer Discretionary,Business Services
ULBI,Ultralife Corporation Common Stock,$6.05,-0.11,-1.786%,100812777.00,United States,1992,17794,Miscellaneous,Industrial Machinery/Components
ULCC,Frontier Group Holdings Inc. Common Stock,$6.08,-0.11,-1.777%,1399711888.00,United States,2021,2717812,Consumer Discretionary,Air Freight/Delivery Services
ULH,Universal Logistics Holdings Inc. Common Stock,$17.40,0.71,4.254%,458799807.00,United States,2005,76522,Industrials,Trucking Freight/Courier Services
ULS,UL Solutions Inc. Class A Common Stock,$64.80,-1.25,-1.893%,13083001610.00,United States,2024,1071456,Health Care,Precision Instruments
ULTA,Ulta Beauty Inc. Common Stock,$549.13,3.93,0.721%,23479410050.00,United States,2007,416364,Consumer Discretionary,Other Specialty Stores
UMAC,Unusual Machines Inc. Common Stock,$23.96,-0.09,-0.374%,1196957860.00,United States,2024,1971736,Technology,Radio And Television Broadcasting And Communications Equipment
UMBF,UMB Financial Corporation Common Stock,$133.42,-2.40,-1.767%,10133253003.00,United States,,590139,Finance,Major Banks
UMBFO,UMB Financial Corporation Depositary Shares Each Representing a 1/400th Interest in a Share of 7.750% Fixed-Rate Reset Non-Cumulative Perpetual Preferred Stock Series B,$25.91,-0.01,-0.039%,1967865277.00,United States,,12344,Finance,Major Banks
UMH,UMH Properties Inc. Common Stock,$15.55,0.15,0.974%,1327746080.00,United States,1994,792694,Real Estate,Real Estate Investment Trusts
UMH^D,UMH Properties Inc. 6.375% Series D Cumulative Redeemable Preferred Stock Liquidation Preference $25 per share,$20.65,-0.05,-0.242%,,United States,,17601,,
UNB,Union Bankshares Inc. Common Stock,$23.14,-0.46,-1.949%,114447386.00,United States,,5366,Finance,Major Banks
UNCY,Unicycive Therapeutics Inc. Common Stock,$4.64,-0.055,-1.171%,129248392.00,United States,2021,601487,Health Care,Biotechnology: Pharmaceutical Preparations
UNF,Unifirst Corporation Common Stock,$259.44,0.35,0.135%,4691757843.00,United States,,395650,Consumer Discretionary,Other Consumer Services
UNFI,United Natural Foods Inc. Common Stock,$45.75,-0.10,-0.218%,2759506593.00,United States,2019,832194,Consumer Discretionary,Food Distributors
UNH,UnitedHealth Group Incorporated Common Stock (DE),$377.83,1.24,0.329%,339138261042.00,United States,,4677136,Health Care,Medical Specialities
UNIT,Uniti Group Inc. Common Stock,$8.65,-0.26,-2.918%,2099572418.00,United States,,4202322,Real Estate,Real Estate Investment Trusts
UNM,Unum Group Common Stock,$91.12,-0.97,-1.053%,14424915434.00,United States,,1347290,Finance,Accident &Health Insurance
UNMA,Unum Group 6.250% Junior Subordinated Notes due 2058,$21.47,-0.12,-0.556%,3656625263.00,United States,2018,23861,Finance,Accident &Health Insurance
UNP,Union Pacific Corporation Common Stock,$274.10,0.31,0.113%,162836094002.00,United States,,2435707,Industrials,Railroads
UNTY,Unity Bancorp Inc. Common Stock,$55.93,-0.12,-0.214%,561681388.00,United States,,40155,Finance,Major Banks
UONE,Urban One Inc. Class A Common Stock,$4.21,-0.02,-0.473%,19428998.00,United States,,8481,Consumer Discretionary,Broadcasting
UONEK,Urban One Inc. Class D Common Stock,$3.49,-0.21,-5.676%,16106224.00,United States,,12362,Consumer Discretionary,Broadcasting
UPB,Upstream Bio Inc. Common Stock,$5.30,-0.06,-1.119%,290286517.00,United States,2024,615413,Health Care,Biotechnology: Pharmaceutical Preparations
UPBD,Upbound Group Inc. Common Stock,$15.79,-0.30,-1.865%,920547605.00,United States,,1132752,Consumer Discretionary,Diversified Commercial Services
UPLD,Upland Software Inc. Common Stock,$3.29,-0.08,-2.374%,9729158.00,United States,2014,50034,Technology,Computer Software: Prepackaged Software
UPS,United Parcel Service Inc. Common Stock,$94.25,0.29,0.309%,80186164104.00,United States,1999,4796854,Industrials,Trucking Freight/Courier Services
UPST,Upstart Holdings Inc. Common stock,$23.03,-0.78,-3.276%,2241119449.00,United States,2020,5010205,Finance,Finance: Consumer Services
UPWK,Upwork Inc. Common Stock,$8.07,-0.08,-0.982%,1007970156.00,United States,2018,3471811,Technology,EDP Services
UPXI,Upexi Inc. Common Stock,$1.19,-0.04,-3.252%,97701944.00,United States,2021,3696159,Finance,Finance: Consumer Services
URBN,Urban Outfitters Inc. Common Stock,$75.44,0.09,0.119%,6462204055.00,United States,1993,916262,Consumer Discretionary,Clothing/Shoe/Accessory Stores
URI,United Rentals Inc. Common Stock,$1043.92,-3.14,-0.30%,64976179117.00,United States,1997,451924,Consumer Discretionary,Diversified Commercial Services
USA,Liberty All-Star Equity Fund Common Stock,$5.83,-0.04,-0.681%,0.00,United States,1986,1147316,Finance,Finance Companies
USAC,USA Compression Partners LP Common Units Representing Limited Partner Interests,$25.33,-0.21,-0.822%,3671414929.00,United States,2013,309903,Utilities,Natural Gas Distribution
USAR,USA Rare Earth Inc. Class A Common Stock,$14.415,-0.765,-5.04%,5406728713.00,United States,2023,13698899,Basic Materials,Metal Mining
USAU,U.S. Gold Corp. Common Stock,$14.80,-0.79,-5.067%,244624212.00,United States,,175606,Basic Materials,Metal Mining
USB,U.S. Bancorp Common Stock,$58.78,-0.55,-0.927%,91582263996.00,United States,,5759849,Finance,Major Banks
USB^A,U.S. Bancorp Depositary Shares Each representing a 1/100th interest in a share of Series A Non-CumulativePerpetual Pfd Stock,$775.00,2.02,0.261%,,United States,,528,,
USB^H,U.S. Bancorp Depositary Shares repstg 1/1000th Pfd Ser B,$18.65,0.00,0.00%,,United States,,50560,,
USB^P,U.S. Bancorp Depositary Shares each representing a 1/1000th interest in a share of Series K Non-Cumulative Perpetual Preferred Stock,$20.52,-0.04,-0.195%,,United States,,87151,,
USB^Q,U.S. Bancorp Depositary Shares Each Representing a 1/1000th Interest in a Share of Series L Non-Cumulative Perpetual Preferred Stock,$13.96,-0.14,-0.993%,,United States,,52543,,
USB^R,U.S. Bancorp Depositary Shares Each Representing a 1/1000th Interest in a Share of Series M Non-Cumulative Perpetual Preferred Stock,$14.79,-0.10,-0.672%,,United States,,147665,,
USB^S,U.S. Bancorp Depositary Shares each representing a 1/1000th interest in a share of Series O Non-Cumulative Perpetual Preferred Stock,$16.48,-0.19,-1.14%,,United States,,61911,,
USBC,USBC Inc. Common Stock,$0.527,0.0149,2.91%,204552114.00,United States,,214946,Finance,Finance: Consumer Services
USCB,USCB Financial Holdings Inc. Class A Common Stock,$22.65,0.02,0.088%,418446746.00,United States,2021,61364,Finance,Major Banks
USDE,StablecoinX Inc. Class A Common Stock,$15.56,-1.69,-9.797%,423031727.00,United States,,4080010,Finance,Finance: Consumer Services
USDEW,StablecoinX Inc. Warrants,$4.84,-1.175,-19.534%,131585704.00,United States,,356558,Finance,Finance: Consumer Services
USFD,US Foods Holding Corp. Common Stock,$93.72,0.39,0.418%,20274515360.00,United States,2016,2600144,Consumer Discretionary,Food Distributors
USGO,U.S. GoldMining Inc. Common stock,$6.92,-0.27,-3.755%,97127293.00,United States,2023,112256,Basic Materials,Precious Metals
USIO,Usio Inc. Common Stock,$2.35,0.02,0.858%,66964223.00,United States,,123606,Finance,Investment Bankers/Brokers/Service
USLM,United States Lime & Minerals Inc. Common Stock,$111.32,-0.08,-0.072%,3193588569.00,United States,,97609,Industrials,Mining & Quarrying of Nonmetallic Minerals (No Fuels)
USNA,USANA Health Sciences Inc. Common Stock,$14.82,0.32,2.207%,273822234.00,United States,,157411,Health Care, Medicinal Chemicals and Botanical Products 
USPH,U.S. Physical Therapy Inc. Common Stock,$86.09,1.25,1.473%,1284695071.00,United States,1992,196545,Health Care,Medical/Nursing Services
UTF,Cohen & Steers Infrastructure Fund Inc Common Stock,$23.90,-0.28,-1.158%,0.00,United States,2004,548689,Finance,Finance Companies
UTG,Reaves Utility Income Fund Common Shares of Beneficial Interest,$33.90,-0.92,-2.642%,0.00,United States,2004,883104,Finance,Investment Managers
UTHR,United Therapeutics Corporation Common Stock,$485.54,10.09,2.122%,20825146594.00,United States,1999,628643,Health Care,Biotechnology: Pharmaceutical Preparations
UTI,Universal Technical Institute Inc Common Stock,$18.47,-1.83,-9.015%,1017608917.00,United States,2003,2569668,Real Estate,Other Consumer Services
UTL,UNITIL Corporation Common Stock,$50.35,-0.63,-1.236%,918216536.00,United States,1985,116596,Utilities,Power Generation
UTMD,Utah Medical Products Inc. Common Stock,$74.49,0.31,0.418%,237162603.00,United States,,31387,Health Care,Medical/Dental Instruments
UTZ,Utz Brands Inc Class A Common Stock ,$14.25,0.01,0.07%,2051461535.00,United States,2018,791082,Consumer Staples,Packaged Foods
UUU,Universal Safety Products Inc. Common Stock,$4.88,-0.23,-4.501%,14778899.00,United States,2003,5491,Technology,Electronic Components
UVE,UNIVERSAL INSURANCE HOLDINGS INC Common Stock,$42.30,0.16,0.38%,1177224017.00,United States,,110374,Finance,Property-Casualty Insurers
UVSP,Univest Financial Corporation Common Stock,$41.60,-0.56,-1.328%,1147359949.00,United States,,184492,Finance,Major Banks
UVV,Universal Corporation Common Stock,$41.87,-0.60,-1.413%,1042531891.00,United States,,423876,Industrials,Farming/Seeds/Milling
UWMC,UWM Holdings Corporation Class A Common Stock,$1.25,0.03,2.459%,2008144569.00,United States,,11337521,Finance,Finance: Consumer Services
UYSC,UY Scuti Acquisition Corp. Ordinary Shares,$11.00,0.00,0.00%,0.00,United States,2025,9,Finance,Blank Checks
UYSCR,UY Scuti Acquisition Corp. Rights,$0.1099,0.0299,37.375%,0.00,United States,2025,600,Finance,Blank Checks
UZD,Array Digital Infrastructure Inc. 6.250% Senior Notes due 2069,$17.9299,-0.0701,-0.389%,1541971400.00,United States,2020,11973,Telecommunications,Telecommunications Equipment
UZE,Array Digital Infrastructure Inc. 5.500% Senior Notes due 2070,$15.96,-0.22,-1.36%,1372560000.00,United States,2020,14570,Telecommunications,Telecommunications Equipment
UZF,Array Digital Infrastructure Inc. 5.500% Senior Notes due 2070,$16.1301,-0.1399,-0.86%,1387188600.00,United States,2021,4436,Telecommunications,Telecommunications Equipment
V,Visa Inc.,$367.74,0.36,0.098%,657061366442.00,United States,,6381170,Consumer Discretionary,Business Services
VABK,Virginia National Bankshares Corporation Common Stock,$48.91,0.58,1.20%,265350543.00,United States,,11323,Finance,Major Banks
VAC,Marriott Vacations Worldwide Corporation Common Stock,$104.56,1.74,1.692%,3596374659.00,United States,,333688,Finance,Real Estate
VAL,Valaris Limited Common Shares,$79.62,-1.37,-1.692%,5528478953.00,United States,2021,1317360,Energy,Oil & Gas Production
VALU,Value Line Inc. Common Stock,$39.785,-0.375,-0.934%,373266769.00,United States,1983,1592,Finance,Investment Managers
VANI,Vivani Medical Inc. Common Stock (DE),$1.25,0.01,0.806%,112754195.00,United States,2014,107110,Health Care,Biotechnology: Electromedical & Electrotherapeutic Apparatus
VATE,INNOVATE Corp. Common Stock,$7.40,-0.37,-4.762%,100949808.00,United States,,105095,Industrials,Metal Fabrications
VBF,Invesco Bond Fund Common Stock,$14.20,0.02,0.141%,0.00,United States,,38483,Finance,Trusts Except Educational Religious and Charitable
VBIO,Valion Bio Inc. Common Stock,$2.70,-0.33,-10.891%,3471188.00,United States,2021,220662,Health Care,Biotechnology: Electromedical & Electrotherapeutic Apparatus
VC,Visteon Corporation Common Stock,$86.95,-3.51,-3.88%,2321167552.00,United States,,756697,Consumer Discretionary,Auto Parts:O.E.M.
VCEL,Vericel Corporation Common Stock,$40.24,0.53,1.335%,2060554147.00,United States,,643129,Health Care,Biotechnology: Biological Products (No Diagnostic Substances)
VCTR,Victory Capital Holdings Inc. Class A Common Stock,$109.60,0.85,0.782%,6741449091.00,United States,2018,376087,Finance,Investment Managers
VCV,Invesco California Value Municipal Income Trust Common Stock,$8.93,-0.21,-2.298%,427662388.00,United States,,463477,Finance,Trusts Except Educational Religious and Charitable
VCYT,Veracyte Inc. Common Stock,$45.23,-0.20,-0.44%,3636072763.00,United States,2013,1696672,Health Care,Medical Specialities
VECO,Veeco Instruments Inc. Common Stock,$49.07,-0.60,-1.208%,2999631435.00,United States,1994,1297102,Technology,Industrial Machinery/Components
VEEA,Veea Inc. Common Stock,$2.86,-0.22,-7.143%,8896625.00,United States,2021,172077,Technology,EDP Services
VEEAW,Veea Inc. Warrant,$0.0235,-0.0065,-21.667%,73102.00,United States,2021,10126,Technology,EDP Services
VEEE,Twin Vee PowerCats Co. Common Stock,$13.69,-0.26,-1.864%,7999354.00,United States,2021,27087,Industrials,Marine Transportation
VEEV,Veeva Systems Inc. Class A Common Stock,$279.96,-0.72,-0.257%,45328001646.00,United States,2013,1377022,Technology,Computer Software: Prepackaged Software
VEL,Velocity Financial Inc. Common Stock,$15.20,-0.15,-0.977%,600118146.00,United States,2020,200770,Finance,Finance: Consumer Services
VELO,Velo3D Inc. Common stock,$10.97,-0.32,-2.834%,352675824.00,United States,,786606,Technology,Industrial Machinery/Components
VENU,Venu Holding Corporation Common Stock,$1.43,-0.05,-3.378%,84183155.00,United States,2024,352199,Consumer Discretionary,Services-Misc. Amusement & Recreation
VERA,Vera Therapeutics Inc. Class A Common Stock,$32.50,-0.04,-0.123%,2342058388.00,United States,2021,1464671,Health Care,Biotechnology: Pharmaceutical Preparations
VERI,Veritone Inc. Common Stock,$1.28,-0.03,-2.29%,128585047.00,United States,2017,1868081,Technology,EDP Services
VERU,Veru Inc. Common Stock,$2.525,-0.015,-0.591%,43052058.00,United States,,101395,Health Care,Biotechnology: Pharmaceutical Preparations
VERX,Vertex Inc. Class A Common Stock,$11.06,-0.31,-2.726%,1794130859.00,United States,2020,1529278,Technology,Computer Software: Prepackaged Software
VFC,V.F. Corporation Common Stock,$14.42,0.27,1.908%,5669000499.00,United States,,12662293,Industrials,Garments and Clothing
VG,Venture Global Inc. Class A common stock,$12.89,0.27,2.139%,32226196849.00,United States,2025,13306841,Utilities,Oil/Gas Transmission
VGAS,Verde Clean Fuels Inc. Class A Common Stock,$1.14,-0.02,-1.724%,50786568.00,United States,2021,12220,Industrials,Major Chemicals
VGASW,Verde Clean Fuels Inc. Warrant,$0.022,0.0042,23.596%,980092.00,United States,2021,3589,Industrials,Major Chemicals
VGI,Virtus Global Multi-Sector Income Fund Common Shares of Beneficial Interest,$6.67,-0.11,-1.622%,0.00,United States,2012,94882,Finance,Investment Managers
VGM,Invesco Trust for Investment Grade Municipals Common Stock (DE),$8.72,-0.40,-4.386%,472902761.00,United States,,1044316,Finance,Trusts Except Educational Religious and Charitable
VGZ,Vista Gold Corp Common Stock,$2.69,-0.06,-2.182%,392662921.00,United States,1986,1836766,Basic Materials,Precious Metals
VHC,VirnetX Holding Corp Common Stock,$10.23,-0.13,-1.255%,43136156.00,United States,,18666,Miscellaneous,Multi-Sector Companies
VHCP,Vine Hill Capital Investment Corp. II Class A Ordinary Shares,$10.06,0.00,0.00%,0.00,United States,2026,29,,
VHI,Valhi Inc. Common Stock,$15.51,-0.48,-3.002%,439261703.00,United States,,15659,Basic Materials,Major Chemicals
VHUB,VenHub Global Inc. Common Stock,$0.56,0.0216,4.012%,54559600.00,United States,,101783,Technology,Industrial Machinery/Components
VIA,Via Transportation Inc. Class A Common Stock,$29.10,-0.31,-1.054%,2371813338.00,United States,2025,641016,Technology,Computer Software: Prepackaged Software
VIAV,Viavi Solutions Inc. Common Stock,$40.87,0.19,0.467%,10084665470.00,United States,,6717609,Technology,Semiconductors
VICI,VICI Properties Inc. Common Stock,$23.19,-0.32,-1.361%,25533988663.00,United States,2018,10689837,Real Estate,Real Estate Investment Trusts
VICR,Vicor Corporation Common Stock,$285.10,3.14,1.114%,13145029293.00,United States,,700411,Technology,Industrial Machinery/Components
VIK,Viking Holdings Ltd Ordinary Shares,$79.30,-1.00,-1.245%,35350832893.00,United States,2024,5454076,Consumer Discretionary,Marine Transportation
VIP,Vulcan Infrastructure and Power Inc. Class A Common Stock,$1.61,-0.02,-1.227%,29672142.00,United States,,123285,Finance,Finance: Consumer Services
VIR,Vir Biotechnology Inc. Common Stock,$10.51,-0.15,-1.407%,1778459719.00,United States,2019,1369997,Health Care,Biotechnology: Biological Products (No Diagnostic Substances)
VIRC,Virco Manufacturing Corporation Common Stock,$6.50,0.00,0.00%,102464798.00,United States,,15233,Consumer Discretionary,Industrial Specialties
VIRT,Virtu Financial Inc. Class A Common Stock,$51.97,-1.43,-2.678%,8065755797.00,United States,,1209191,Finance,Investment Bankers/Brokers/Service
VISN,Vistance Networks Inc. Common Stock,$6.09,-0.13,-2.09%,1404514849.00,United States,2013,6635476,Technology,Radio And Television Broadcasting And Communications Equipment
VITL,Vital Farms Inc. Common Stock,$9.67,-0.28,-2.814%,415147818.00,United States,2020,1257773,Consumer Staples,Packaged Foods
VIVK,Vivakor Inc. Common Stock,$0.5298,-0.0053,-0.99%,4335685.00,United States,,344401,Utilities,Environmental Services
VIVS,VivoSim Labs Inc. Common Stock,$0.2202,-0.0038,-1.696%,3652346.00,United States,,430636,Health Care,Biotechnology: Biological Products (No Diagnostic Substances)
VKI,Invesco Advantage Municipal Income Trust II Common Shares of Beneficial Interest (DE),$7.63,-0.33,-4.146%,338817933.00,United States,1993,668044,Finance,Finance Companies
VKQ,Invesco Municipal Trust Common Stock,$8.55,-0.16,-1.837%,473118653.00,United States,,392396,Finance,Trusts Except Educational Religious and Charitable
VKTX,Viking Therapeutics Inc. Common Stock,$33.03,-2.53,-7.115%,3853046509.00,United States,2015,8575449,Health Care,Biotechnology: Pharmaceutical Preparations
VLGEA,Village Super Market Inc. Class A Common Stock,$46.11,0.74,1.631%,682865630.00,United States,,38277,Consumer Staples,Food Chains
VLO,Valero Energy Corporation Common Stock,$389.57,2.39,0.617%,112167900982.00,United States,,3560802,Energy,Integrated oil Companies
VLOS,Velos Acquisition I Corp. Class A Ordinary shares,$10.68,0.00,0.00%,0.00,United States,2024,12,,
VLOSU,Velos Acquisition I Corp. Units,$10.81,-0.09,-0.826%,0.00,United States,2024,453,Finance,Blank Checks
VLT,Invesco High Income Trust II,$9.07,-0.07,-0.766%,0.00,United States,1989,44091,Finance,Trusts Except Educational Religious and Charitable
VLTO,Veralto Corp Common Stock ,$96.20,-0.94,-0.968%,23452919693.00,United States,2023,1239347,Industrials,Electrical Products
VLY,Valley National Bancorp Common Stock,$12.78,-0.30,-2.294%,7062294788.00,United States,,11951116,Finance,Major Banks
VLYPN,Valley National Bancorp 8.250% Fixed-Rate Reset Non-Cumulative Perpetual Preferred Stock Series C,$25.37,-0.01,-0.039%,14019594584.00,United States,,9417,Finance,Major Banks
VLYPO,Valley National Bancorp 5.50% Fixed-to-Floating Rate Non-Cumulative Perpetual Preferred Stock Series B,$24.77,0.10,0.405%,13688031448.00,United States,,3076,Finance,Major Banks
VLYPP,Valley National Bancorp 6.25% Fixed-to-Floating Rate Non-Cumulative Perpetual Preferred Stock Series A,$25.012,0.062,0.248%,13821761913.00,United States,,1999,Finance,Major Banks
VMC,Vulcan Materials Company (Holding Company) Common Stock,$246.15,1.15,0.469%,31895806605.00,United States,,1281660,Industrials,Mining & Quarrying of Nonmetallic Minerals (No Fuels)
VMD,Viemed Healthcare Inc. Common Shares,$9.11,0.20,2.245%,346983757.00,United States,,336530,Health Care,Misc Health and Biotechnology Services
VMI,Valmont Industries Inc. Common Stock,$467.84,1.01,0.216%,9031584767.00,United States,,247977,Industrials,Metal Fabrications
VMO,Invesco Municipal Opportunity Trust Common Stock,$8.37,-0.26,-3.013%,564478533.00,United States,,649874,Finance,Trusts Except Educational Religious and Charitable
VMRK,Vivmark Residential Common Shares of Beneficial Interest,$61.37,-0.14,-0.228%,48328875000.00,United States,,5174983,Real Estate,Real Estate Investment Trusts
VNCE,Vince Holding Corp. Common Stock,$10.82,-0.68,-5.913%,140062184.00,United States,,335630,Consumer Discretionary,Clothing/Shoe/Accessory Stores
VNDA,Vanda Pharmaceuticals Inc. Common Stock,$5.17,0.12,2.376%,312592092.00,United States,2006,813088,Health Care,Biotechnology: Pharmaceutical Preparations
VNME,Vendome Acquisition Corporation I Class A Ordinary Shares,$10.31,0.04,0.389%,0.00,United States,2025,6011,Finance,Blank Checks
VNMEW,Vendome Acquisition Corporation I Warrant,$0.2015,-0.0784,-28.01%,0.00,United States,2025,79979,Finance,Blank Checks
VNO,Vornado Realty Trust Common Stock,$34.10,-0.63,-1.814%,6367170107.00,United States,,1417229,Real Estate,Real Estate Investment Trusts
VNO^L,Vornado Realty Trust Pfd Ser L %,$16.2101,-0.2899,-1.757%,,United States,,40087,,
VNO^M,Vornado Realty Trust 5.25% Series M Cumulative Redeemable Preferred Shares of Beneficial Interest liquidation preference $25.00 per share no par value per share,$16.16,-0.20,-1.222%,,United States,,15398,,
VNO^N,Vornado Realty Trust 5.25% Series N Cumulative Redeemable Preferred Shares of Beneficial Interest liquidation preference $25.00 per share,$15.80,-0.28,-1.741%,,United States,,33273,,
VNO^O,Vornado Realty Trust 4.45% Series O Cumulative Redeemable Preferred Shares Liquidation Preference $25.00 Per Share,$13.35,-0.23,-1.694%,,United States,,26060,,
VNOM,Viper Energy Inc. Class A Common Stock,$40.53,-0.40,-0.977%,14558169013.00,United States,2014,1575286,Energy,Oil & Gas Production
VNT,Vontier Corporation Common Stock ,$30.96,-0.52,-1.652%,4185792000.00,United States,2020,1333902,Industrials,Industrial Machinery/Components
VOC,VOC Energy Trust Units of Beneficial Interest,$3.44,0.03,0.88%,58480000.00,United States,2011,50515,Energy,Oil & Gas Production
VOGX,Vogenx Inc Common Stock,$22.00,-0.73,-3.212%,326811914.00,United States,2026,136116,Health Care,Biotechnology: Pharmaceutical Preparations
VOR,Vor Biopharma Inc. Common Stock,$18.31,-0.21,-1.134%,1083261603.00,United States,2021,930119,Health Care,Biotechnology: Biological Products (No Diagnostic Substances)
VOYA,Voya Financial Inc. Common Stock,$95.98,-1.29,-1.326%,8695437577.00,United States,2013,701844,Finance,Life Insurance
VOYA^B,Voya Financial Inc. Depositary Shares each representing a 1/40th interest in a share of 5.35% Fixed-Rate Reset Non-Cumulative Preferred Stock Series B,$23.24,-0.15,-0.641%,,United States,,15975,,
VOYG,Voyager Technologies Inc. Class A Common Stock,$33.18,1.83,5.837%,2056090210.00,United States,2025,2775018,Industrials,Military/Government/Technical
VPG,Vishay Precision Group Inc. Common Stock,$70.88,-0.75,-1.047%,944152078.00,United States,,292548,Technology,Electrical Products
VPV,Invesco Pennsylvania Value Municipal Income Trust Common Stock (DE),$10.38,-0.23,-2.168%,247350667.00,United States,,105332,Finance,Trusts Except Educational Religious and Charitable
VRA,Vera Bradley Inc. Common Stock,$4.15,0.125,3.106%,119057956.00,United States,2010,322941,Consumer Discretionary,Apparel
VRCA,Verrica Pharmaceuticals Inc. Common Stock,$4.60,0.23,5.263%,79022416.00,United States,2018,33412,Health Care,Biotechnology: Pharmaceutical Preparations
VRDN,Viridian Therapeutics Inc. Common Stock,$20.57,0.10,0.489%,2330421973.00,United States,2014,1339079,Health Care,Biotechnology: Pharmaceutical Preparations
VREX,Varex Imaging Corporation Common Stock,$18.46,0.01,0.054%,777166000.00,United States,,441642,Technology,Industrial Machinery/Components
VRM,Vroom Inc. Common Stock,$9.75,0.09,0.932%,51034942.00,United States,,1443,Consumer Discretionary,Retail-Auto Dealers and Gas Stations
VRME,VerifyMe Inc. Common Stock,$0.99,0.0301,3.136%,13033544.00,United States,,1419993,Technology,EDP Services
VRNS,Varonis Systems Inc. Common Stock,$47.925,1.675,3.622%,5504688744.00,United States,2014,1824370,Technology,Computer Software: Prepackaged Software
VRRM,Verra Mobility Corporation Class A Common Stock,$2.99,-0.25,-7.716%,454428584.00,United States,2017,6532777,Consumer Discretionary,Transportation Services
VRSK,Verisk Analytics Inc. Common Stock,$167.77,-1.44,-0.851%,21836274133.00,United States,2009,1157812,Technology,EDP Services
VRSN,VeriSign Inc. Common Stock,$282.07,-5.18,-1.803%,25470921000.00,United States,1998,476517,Technology,EDP Services
VRT,Vertiv Holdings LLC Class A Common Stock,$244.04,-9.24,-3.648%,93952513739.00,United States,2018,4284823,Technology,Industrial Machinery/Components
VRTS,Virtus Investment Partners Inc. Common Stock,$129.55,-1.03,-0.789%,857969490.00,United States,,117490,Finance,Investment Managers
VRTX,Vertex Pharmaceuticals Incorporated Common Stock,$527.67,1.48,0.281%,133743725767.00,United States,1991,824741,Health Care,Biotechnology: Pharmaceutical Preparations
VSAT,ViaSat Inc. Common Stock,$71.65,-1.37,-1.876%,9870203787.00,United States,1996,1318243,Consumer Discretionary,Telecommunications Equipment
VSEC,VSE Corporation Common Stock,$174.65,-6.12,-3.386%,4901547360.00,United States,,226585,Consumer Discretionary,Military/Government/Technical
VSECU,VSE Corporation Tangible Equity Units,$46.01,-1.48,-3.116%,1291269362.00,United States,,802,,
VSH,Vishay Intertechnology Inc. Common Stock,$32.23,-0.32,-0.983%,4943410552.00,United States,,2899039,Technology,Electrical Products
VSNT,Versant Media Group Inc. Class A Common Stock ,$32.46,-0.34,-1.037%,4505198155.00,United States,,1351274,Industrials,Broadcasting
VST,Vistra Corp. Common Stock,$138.02,-0.44,-0.318%,46324369614.00,United States,,4346525,Utilities,Electric Utilities: Central
VSTM,Verastem Inc. Common Stock,$7.77,0.03,0.388%,703677937.00,United States,2012,1260669,Health Care,Biotechnology: Pharmaceutical Preparations
VSTS,Vestis Corporation Common Stock,$13.45,-0.20,-1.465%,1777553412.00,United States,2023,889076,Consumer Discretionary,Consumer Specialties
VSXY,Victorias Secret & Co. Common Stock ,$88.29,5.38,6.489%,7042367003.00,United States,2021,2232530,Consumer Discretionary,Clothing/Shoe/Accessory Stores
VTGN,Vistagen Therapeutics Inc. Common Stock,$0.297,0.024,8.791%,13179943.00,United States,,6030126,Health Care,Biotechnology: Pharmaceutical Preparations
VTIX,Virtuix Holdings Inc. Class A Common Stock,$1.21,0.04,3.419%,41105332.00,United States,,122055,Technology,Computer peripheral equipment
VTN,Invesco Trust for Investment Grade New York Municipals Common Stock,$9.15,-0.25,-2.66%,178296708.00,United States,,83582,Finance,Finance Companies
VTOL,Bristow Group Inc. Common Stock,$42.16,-0.46,-1.079%,1249706720.00,United States,,164141,Consumer Discretionary,Transportation Services
VTR,Ventas Inc. Common Stock,$87.04,0.45,0.52%,44646851087.00,United States,,2166320,Real Estate,Real Estate Investment Trusts
VTRS,Viatris Inc. Common Stock,$18.27,0.44,2.468%,20984755085.00,United States,,12377618,Health Care,Biotechnology: Pharmaceutical Preparations
VTS,Vitesse Energy Inc. Common Stock,$16.75,0.00,0.00%,705247310.00,United States,2023,347218,Energy,Oil & Gas Production
VTSI,VirTra Inc. Common Stock,$2.82,-0.04,-1.399%,31921340.00,United States,,8309,Consumer Discretionary,Miscellaneous manufacturing industries
VTVT,vTv Therapeutics Inc. Class A Common Stock,$30.52,0.31,1.026%,120673883.00,United States,2015,111868,Health Care,Biotechnology: Pharmaceutical Preparations
VUZI,Vuzix Corporation Common Stock,$2.77,-0.17,-5.782%,233827417.00,United States,,588800,Technology,Radio And Television Broadcasting And Communications Equipment
VVOS,Vivos Therapeutics Inc. Common Stock,$0.1341,-0.0066,-4.691%,2697827.00,United States,2020,1451064,Health Care,Medical/Dental Instruments
VVR,Invesco Senior Income Trust Common Stock (DE),$2.87,-0.02,-0.692%,0.00,United States,1998,594836,Finance,Trusts Except Educational Religious and Charitable
VVV,Valvoline Inc. Common Stock,$28.48,-0.44,-1.521%,3633661185.00,United States,2016,2299938,Industrials,Major Chemicals
VVX,V2X Inc. Common Stock,$73.71,-1.94,-2.564%,2310466338.00,United States,2014,370222,Consumer Discretionary,Diversified Commercial Services
VWAV,VisionWave Holdings Inc. Common Stock,$4.57,-0.30,-6.16%,10848133.00,United States,,7548718,Technology,Computer Software: Prepackaged Software
VWAVW,VisionWave Holdings Inc. Warrant,$0.0546,-0.0007,-1.266%,129608.00,United States,,16458,Technology,Computer Software: Prepackaged Software
VYGR,Voyager Therapeutics Inc. Common Stock,$2.70,0.02,0.746%,166368460.00,United States,2015,646098,Health Care,Biotechnology: Biological Products (No Diagnostic Substances)
VYX,NCR Voyix Corporation Common Stock,$6.83,-0.24,-3.395%,943017403.00,United States,,2591378,Miscellaneous,Office Equipment/Supplies/Services
VZ,Verizon Communications Inc. Common Stock,$46.68,-0.40,-0.85%,193944906429.00,United States,,16944026,Telecommunications,Telecommunications Equipment
W,Wayfair Inc. Class A Common Stock,$98.63,0.48,0.489%,13509160744.00,United States,2014,2205922,Consumer Discretionary,Catalog/Specialty Distribution
WAB,Westinghouse Air Brake Technologies Corporation Common Stock,$292.37,4.37,1.517%,49384465507.00,United States,,805432,Industrials,Railroads
WABC,Westamerica Bancorporation Common Stock,$59.38,-1.29,-2.126%,1372340265.00,United States,,275283,Finance,Major Banks
WAFD,WaFd Inc. Common Stock,$30.85,-0.50,-1.595%,2282753092.00,United States,,934358,Finance,Major Banks
WAFDP,WaFd Inc. Depositary Shares,$15.95,-0.14,-0.87%,1180224046.00,United States,,13453,Finance,Major Banks
WAL,Western Alliance Bancorporation Common Stock (DE),$76.55,-1.06,-1.366%,8351671139.00,United States,2005,922646,Finance,Major Banks
WAL^A,Western Alliance Bancorporation Depositary Shares Each Representing a 1/400th Interest in a Share of 4.250% Fixed-Rate Non-Cumulative Perpetual Preferred Stock Series A,$24.87,0.00,0.00%,,United States,,42028,,
WALD,Waldencast plc Class A Ordinary Share,$1.06,0.03,2.913%,136316968.00,United States,2021,265586,Consumer Discretionary,Package Goods/Cosmetics
WALDW,Waldencast plc Warrant ,$0.005,0.0012,31.579%,643005.00,United States,2021,1271954,Consumer Discretionary,Package Goods/Cosmetics
WASH,Washington Trust Bancorp Inc. Common Stock,$38.49,-0.37,-0.952%,734170615.00,United States,,95533,Finance,Major Banks
WAT,Waters Corporation Common Stock,$442.94,9.40,2.168%,43518018286.00,United States,1995,981497,Industrials,Biotechnology: Laboratory Analytical Instruments
WATT,Energous Corporation Common Stock,$12.74,-1.21,-8.674%,70414885.00,United States,2014,226672,Technology,Radio And Television Broadcasting And Communications Equipment
WAY,Waystar Holding Corp. Common Stock,$25.74,1.04,4.211%,4935604228.00,United States,2024,1928946,Technology,EDP Services
WBD,Warner Bros. Discovery Inc. Series A Common Stock ,$30.90,0.04,0.13%,77580732403.00,United States,,43621235,Telecommunications,Cable & Other Pay Television Services
WBTN,WEBTOON Entertainment Inc. Common stock,$10.95,-0.09,-0.815%,1486036217.00,United States,2024,306469,Consumer Discretionary,Publishing
WCC,WESCO International Inc. Common Stock,$364.67,-2.77,-0.754%,17771409868.00,United States,1999,692137,Consumer Discretionary,Telecommunications Equipment
WCCB,West Coast Community Bancorp Common Stock,$60.41,-0.30,-0.494%,635759854.00,United States,,29273,Finance,Major Banks
WD,Walker & Dunlop Inc Common Stock,$37.04,-0.94,-2.475%,1271425595.00,United States,2010,642025,Finance,Finance: Consumer Services
WDAY,Workday Inc. Class A Common Stock,$188.60,-0.85,-0.449%,45452600000.00,United States,,2132951,Technology,EDP Services
WDC,Western Digital Corporation Common Stock,$453.23,-3.58,-0.784%,163407972049.00,United States,,7429846,Technology,Electronic Components
WDFC,WD-40 Company Common Stock,$203.90,4.73,2.375%,2736561474.00,United States,1973,114059,Industrials,Major Chemicals
WDI,Western Asset Diversified Income Fund Common Shares of Beneficial Interest,$11.82,-0.09,-0.756%,0.00,United States,2021,397259,Finance,Trusts Except Educational Religious and Charitable
WEA,Western Asset Bond Fund Share of Beneficial Interest,$9.83,-0.05,-0.506%,0.00,United States,2002,49673,Finance,Trusts Except Educational Religious and Charitable
WEAV,Weave Communications Inc. Common Stock,$7.37,0.02,0.272%,589593507.00,United States,2021,851645,Technology,Computer Software: Prepackaged Software
WEC,WEC Energy Group Inc. Common Stock,$101.45,0.00,0.00%,33057419905.00,United States,,3168943,Utilities,Power Generation
WELL,Welltower Inc. Common Stock,$232.96,1.59,0.687%,167904743785.00,United States,,2341599,Real Estate,Real Estate Investment Trusts
WEN,Wendy's Company (The) Common Stock,$6.39,-0.16,-2.443%,1218380853.00,United States,,7823600,Consumer Discretionary,Restaurants
WENN,Wen Acquisition Corp Class A Ordinary Shares,$10.41,0.00,0.00%,0.00,United States,2025,10,,
WERN,Werner Enterprises Inc. Common Stock,$33.53,0.64,1.946%,2011034041.00,United States,1986,658327,Industrials,Trucking Freight/Courier Services
WES,Western Midstream Partners LP Common Units Representing Limited Partner Interests,$45.27,-0.33,-0.724%,18704413825.00,United States,2012,912659,Utilities,Natural Gas Distribution
WEST,Westrock Coffee Company Common Stock,$8.25,0.16,1.978%,805425943.00,United States,,263568,Consumer Staples,Beverages (Production/Distribution)
WEX,WEX Inc. common stock,$177.06,-1.22,-0.684%,6034490044.00,United States,,568405,Consumer Discretionary,Business Services
WEYS,Weyco Group Inc. Common Stock,$47.14,-0.30,-0.632%,450233339.00,United States,,46793,Consumer Staples,Apparel
WFC,Wells Fargo & Company Common Stock,$80.81,-2.16,-2.603%,244369386342.00,United States,,13108840,Finance,Major Banks
WFC^A,Wells Fargo & Company Depositary Shares each representing a 1/1000th interest in a share of Non-Cumulative Perpetual Class A Preferred Stock Series AA,$16.85,-0.14,-0.824%,,United States,,262100,,
WFC^C,Wells Fargo & Company Depositary Shares each representing a 1/1000th interest in a share of Non-Cumulative Perpetual Class A Preferred Stock Series CC,$15.54,-0.16,-1.019%,,United States,,116478,,
WFC^D,Wells Fargo & Company Depositary Shares each representing a 1/1000th interest in  a share of Non-Cumulative Perpetual Class A Preferred Stock Series DD,$15.28,-0.24,-1.546%,,United States,,264872,,
WFC^L,Wells Fargo & Company 7.50% Non-Cumulative Perpetual Convertible Class A Preferred Stock Series L,$1071.07,-4.95,-0.46%,,United States,,16626,,
WFC^Y,Wells Fargo & Company Depositary Shares each representing a 1/1000th interest in a share of Non-Cumulative Perpetual Class A Preferred Stock Series Y,$20.04,-0.24,-1.183%,,United States,,144336,,
WFC^Z,Wells Fargo & Company Depositary Shares each representing a 1/1000th interest in a share of Non-Cumulative Perpetual Class A Preferred Stock Series Z,$16.84,-0.13,-0.766%,,United States,,493610,,
WFCF,Where Food Comes From Inc. Common Stock,$11.58,0.7881,7.303%,57664498.00,United States,,1338,Technology,Computer Software: Prepackaged Software
WFRD,Weatherford International plc Ordinary Shares,$82.80,-2.28,-2.68%,5921202211.00,United States,,803773,Consumer Discretionary,Oil and Gas Field Machinery
WGO,Winnebago Industries Inc. Common Stock,$27.01,-0.14,-0.516%,763542800.00,United States,,576786,Industrials,Homebuilding
WGS,GeneDx Holdings Corp. Class A Common Stock,$85.93,-2.47,-2.794%,2562650948.00,United States,2020,437098,Health Care,Medical/Nursing Services
WH,Wyndham Hotels & Resorts Inc. Common Stock ,$70.83,0.84,1.20%,5256373771.00,United States,2018,898780,Consumer Discretionary,Hotels/Resorts
WHD,Cactus Inc. Class A Common Stock,$64.24,-0.06,-0.093%,5150725748.00,United States,2018,549560,Consumer Discretionary,Oil and Gas Field Machinery
WHF,WhiteHorse Finance Inc. Common Stock,$6.97,-0.07,-0.994%,149691003.00,United States,,52480,Finance,Finance Companies
WHFCL,WhiteHorse Finance Inc. 7.875% Notes due 2028,$25.04,-0.04,-0.159%,582006924.00,United States,,4133,,
WHG,Westwood Holdings Group Inc Common Stock,$19.20,0.17,0.893%,183228518.00,United States,,17051,Finance,Investment Managers
WHLR,Wheeler Real Estate Investment Trust Inc. Common Stock,$4.09,-1.11,-21.346%,2323983.00,United States,2012,548246,Real Estate,Real Estate Investment Trusts
WHLRD,Wheeler Real Estate Investment Trust Inc. Series D Cumulative Preferred Stock,$36.25,0.00,0.00%,20597649.00,United States,,45,Real Estate,Real Estate Investment Trusts
WHLRP,Wheeler Real Estate Investment Trust Inc. Class B Preferred Stock,$8.76,0.07,0.806%,4977528.00,United States,,1157,Real Estate,Real Estate Investment Trusts
WHR,Whirlpool Corporation Common Stock,$31.40,-0.31,-0.978%,2047260469.00,United States,,3682940,Consumer Discretionary,Consumer Electronics/Appliances
WHR^A,Whirlpool Corporation Depositary Shares each representing a 1/20th interest in a share of 8.50% Series A Mandatory Convertible Preferred Stock,$28.72,-0.28,-0.966%,,United States,,20289,,
WHWK,Whitehawk Therapeutics Inc. Common Stock,$3.76,0.02,0.535%,214353878.00,United States,,278133,Health Care,Biotechnology: Pharmaceutical Preparations
WIA,Western Asset Inflation-Linked Income Fund,$7.60,-0.04,-0.524%,0.00,United States,2003,124817,Finance,Trusts Except Educational Religious and Charitable
WINA,Winmark Corporation Common Stock,$299.64,3.29,1.11%,1076357519.00,United States,,65812,Consumer Discretionary,Other Specialty Stores
WING,Wingstop Inc. Common Stock,$101.80,2.73,2.756%,2773291183.00,United States,2015,1657700,Consumer Discretionary,Restaurants
WIW,Western Asset Inflation-Linked Opportunities & Income Fund,$7.91,-0.01,-0.126%,0.00,United States,2004,562520,Finance,Finance Companies
WK,Workiva Inc. Class A Common Stock,$68.19,-1.45,-2.082%,3710660317.00,United States,2014,907947,Technology,Computer Software: Prepackaged Software
WKC,World Kinect Corporation Common Stock,$35.22,-0.43,-1.206%,1801560056.00,United States,,1112928,Energy,Oil Refining/Marketing
WKHS,Workhorse Group Inc. Common Stock,$2.90,0.03,1.045%,31692897.00,United States,,67432,Industrials,Auto Manufacturing
WLDN,Willdan Group Inc. Common Stock,$77.21,-1.69,-2.142%,1176069746.00,United States,2006,181879,Consumer Discretionary,Military/Government/Technical
WLFC,Willis Lease Finance Corporation Common Stock,$52.30,-2.03,-3.736%,1105837005.00,United States,1996,110216,Consumer Discretionary,Industrial Specialties
WLII,Willow Lane Acquisition Corp. II Class A Ordinary Shares,$10.25,0.00,0.00%,0.00,United States,2026,6,Finance,Blank Checks
WLIIW,Willow Lane Acquisition Corp. II Warrants,$0.75,0.00,0.00%,0.00,United States,2026,1103,Finance,Blank Checks
WLK,Westlake Corporation Common Stock,$66.84,-0.87,-1.285%,8541921268.00,United States,2004,444246,Industrials,Major Chemicals
WLKP,Westlake Chemical Partners LP Common Units representing limited partner interests,$21.55,-0.05,-0.231%,759548692.00,United States,2014,9963,Industrials,Major Chemicals
WLTH,Wealthfront Corporation Common Stock,$10.00,-0.18,-1.768%,1561764400.00,United States,2025,1563681,Finance,Finance: Consumer Services
WLY,John Wiley & Sons Inc. Common Stock,$47.61,0.06,0.126%,2413061907.00,United States,,518477,Consumer Discretionary,Books
WLYB,John Wiley & Sons Inc. Common Stock,$47.77,0.00,0.00%,2421171336.00,United States,,105,Consumer Discretionary,Books
WM,Waste Management Inc. Common Stock,$206.44,-0.39,-0.189%,82517202585.00,United States,,1654982,Utilities,Environmental Services
WMB,Williams Companies Inc. (The) Common Stock,$68.98,-0.28,-0.404%,84374092219.00,United States,,5586637,Utilities,Natural Gas Distribution
WMG,Warner Music Group Corp. Class A Common Stock,$27.14,0.00,0.00%,14197199131.00,United States,2020,2793231,Consumer Discretionary,Services-Misc. Amusement & Recreation
WMK,Weis Markets Inc. Common Stock,$72.89,0.87,1.208%,1803633675.00,United States,,140075,Consumer Staples,Food Chains
WMS,Advanced Drainage Systems Inc. Common Stock,$130.78,-2.35,-1.765%,9861510627.00,United States,2014,717517,Consumer Discretionary,Containers/Packaging
WMT,Walmart Inc. Common Stock,$108.73,0.75,0.695%,862636228784.00,United States,,17232397,Consumer Discretionary,Department/Specialty Retail Stores
WNC,Wabash National Corporation Common Stock,$12.65,-0.38,-2.916%,515325238.00,United States,1991,1040194,Industrials,Construction/Ag Equipment/Trucks
WNEB,Western New England Bancorp Inc. Common Stock,$13.97,0.00,0.00%,280040832.00,United States,,54306,Finance,Savings Institutions
WOLF,Wolfspeed Inc. Common Stock New,$27.58,0.01,0.036%,1459825093.00,United States,2025,1579329,Technology,Semiconductors
WOOF,Petco Health and Wellness Company Inc. Class A Common Stock,$2.27,0.00,0.00%,650171940.00,United States,2021,1860860,Consumer Discretionary,Other Specialty Stores
WOR,Worthington Enterprises Inc. Common Shares,$60.87,-1.37,-2.201%,2978173342.00,United States,,395979,Industrials,Steel/Iron Ore
WPC,W. P. Carey Inc. REIT,$65.82,-0.27,-0.409%,14994906976.00,United States,,1567446,Real Estate,Real Estate Investment Trusts
WRAP,Wrap Technologies Inc. Common Stock,$1.34,-0.11,-7.586%,86532606.00,United States,,552657,Industrials,Ordnance And Accessories
WRB,W.R. Berkley Corporation Common Stock,$67.66,0.84,1.257%,25117254612.00,United States,,2496714,Finance,Property-Casualty Insurers
WRB^E,W.R. Berkley Corporation 5.70% Subordinated Debentures due 2058,$20.10,-0.25,-1.229%,,United States,,21025,,
WRB^F,W.R. Berkley Corporation 5.10% Subordinated Debentures due 2059,$18.12,-0.1249,-0.685%,,United States,,29815,,
WRB^G,W.R. Berkley Corporation 4.25% Subordinated Debentures due 2060,$15.39,-0.39,-2.471%,,United States,,1535,,
WRB^H,W.R. Berkley Corporation 4.125% Subordinated Debentures due 2061,$15.00,0.02,0.134%,,United States,,19219,,
WRBY,Warby Parker Inc. Class A Common Stock,$24.66,-2.05,-7.675%,3048174612.00,United States,2021,3250200,Health Care,Ophthalmic Goods
WRLD,World Acceptance Corporation Common Stock,$171.38,-0.61,-0.355%,799175788.00,United States,1991,48533,Finance,Finance: Consumer Services
WS,Worthington Steel Inc. Common Shares,$36.87,0.61,1.682%,1878401843.00,United States,2023,330944,Industrials,Steel/Iron Ore
WSBC,WesBanco Inc. Common Stock,$38.25,-0.41,-1.061%,3668400254.00,United States,,775787,Finance,Major Banks
WSBCO,WesBanco Inc. Depositary Shares each representing 1/40th interest in a share of 7.375% Fixed-Rate Reset Non-Cumulative Perpetual Preferred Stock Series B,$25.16,-0.05,-0.198%,2412992167.00,United States,,9551,Finance,Major Banks
WSBF,Waterstone Financial Inc. Common Stock (MD),$20.20,-0.19,-0.932%,363135966.00,United States,2005,58727,Finance,Savings Institutions
WSBK,Winchester Bancorp Inc. Common Stock,$12.71,-0.03,-0.235%,118144229.00,United States,2025,6310,Finance,Banks
WSC,WillScot Holdings Corporation Class A Common Stock,$17.87,-0.30,-1.651%,3237882419.00,United States,2015,3113374,Industrials,Misc Corporate Leasing Services
WSFS,WSFS Financial Corporation Common Stock,$76.44,-1.32,-1.698%,3905365846.00,United States,,271118,Finance,Major Banks
WSM,Williams-Sonoma Inc. Common Stock (DE),$231.03,-0.87,-0.375%,27210522338.00,United States,,864277,Consumer Discretionary,Home Furnishings
WSO,Watsco Inc. Common Stock,$313.22,-4.01,-1.264%,12921012205.00,United States,,521585,Consumer Discretionary,Industrial Machinery/Components
WSO/B,Watsco Inc.,$310.90,-15.8053,-4.838%,,United States,,84,,
WST,West Pharmaceutical Services Inc. Common Stock,$375.65,5.21,1.406%,26436654995.00,United States,,567558,Health Care,Medical/Dental Instruments
WT,WisdomTree Inc. Common Stock,$24.06,-0.27,-1.11%,3645381391.00,United States,2022,2542569,Finance,Investment Bankers/Brokers/Service
WTBA,West Bancorporation Common Stock,$28.96,-0.23,-0.788%,493586797.00,United States,,64643,Finance,Major Banks
WTFC,Wintrust Financial Corporation Common Stock,$144.02,-2.09,-1.43%,9716448567.00,United States,,327082,Finance,Major Banks
WTFCN,Wintrust Financial Corporation Depositary Shares Each Representing a 1/1000th Interest in a Share of 7.875% Fixed-Rate Reset Non-Cumulative Perpetual Preferred StocK,$26.0506,0.0706,0.272%,1757528920.00,United States,,12280,Finance,Major Banks
WTI,W&T Offshore Inc. Common Stock,$3.58,-0.07,-1.918%,540375768.00,United States,2005,3831633,Energy,Oil & Gas Production
WTM,White Mountains Insurance Group Ltd. Common Stock,$2014.97,-13.65,-0.673%,4809171213.00,United States,,15149,Finance,Property-Casualty Insurers
WTRG,Essential Utilities Inc. Common Stock,$38.96,-0.57,-1.442%,11056014451.00,United States,,1717570,Utilities,Water Supply
WTS,Watts Water Technologies Inc. Class A Common Stock,$358.01,0.22,0.061%,11951465731.00,United States,1986,115524,Industrials,Metal Fabrications
WTTR,Select Water Solutions Inc. Class A common stock,$20.18,0.34,1.714%,2794543210.00,United States,2017,1920776,Energy,Oilfield Services/Equipment
WU,Western Union Company (The) Common Stock,$6.12,-0.06,-0.971%,1908699364.00,United States,,8210569,Consumer Discretionary,Business Services
WULF,TeraWulf Inc. Common Stock,$15.12,-0.62,-3.939%,7544406396.00,United States,,19671867,Finance,Finance: Consumer Services
WVVI,Willamette Valley Vineyards Inc. Common Stock,$1.77,-0.17,-8.763%,8813766.00,United States,,7324,Consumer Staples,Beverages (Production/Distribution)
WVVIP,Willamette Valley Vineyards Inc. Series A Redeemable Preferred Stock,$3.12,-0.105,-3.256%,15536130.00,United States,,6630,Consumer Staples,Beverages (Production/Distribution)
WW,WW International Inc.  Common Stock,$15.03,0.675,4.702%,150281363.00,United States,,485872,Consumer Discretionary,Other Consumer Services
WWD,Woodward Inc. Common Stock,$325.94,-4.37,-1.323%,19245394571.00,United States,,592821,Energy,Industrial Machinery/Components
WWR,Westwater Resources Inc. Common Stock,$0.5201,-0.0052,-0.99%,66866570.00,United States,,501894,Basic Materials,Metal Mining
WWW,Wolverine World Wide Inc. Common Stock,$19.13,0.06,0.315%,1569929065.00,United States,,645441,Consumer Discretionary,Shoe Manufacturing
WY,Weyerhaeuser Company Common Stock,$19.72,-0.29,-1.449%,14212913920.00,United States,,7771443,Real Estate,Real Estate Investment Trusts
WYFI,WhiteFiber Inc. Ordinary Shares,$18.83,-0.79,-4.027%,731510062.00,United States,2025,895949,Finance,Finance: Consumer Services
WYNN,Wynn Resorts Limited Common stock,$80.515,-0.605,-0.746%,8290942834.00,United States,2002,2688410,Consumer Discretionary,Hotels/Resorts
WYY,WidePoint Corporation Common Stock,$5.90,0.43,7.861%,58989705.00,United States,,944229,Technology,EDP Services
XAIR,Beyond Air Inc. Common Stock,$2.59,-0.26,-9.123%,2480264.00,United States,,156939,Health Care,Medical/Dental Instruments
XBIO,Xenetic Biosciences Inc. Common Stock,$2.33,-0.06,-2.51%,5459612.00,United States,,34805,Health Care,Biotechnology: Pharmaceutical Preparations
XBIT,XBiotech Inc. Common Stock,$2.15,-0.02,-0.922%,65548622.00,United States,2015,41694,Health Care,Biotechnology: Pharmaceutical Preparations
XBP,XBP Global Holdings Inc. Common Stock,$3.1982,-0.1318,-3.958%,45275587.00,United States,2021,4591,Technology,EDP Services
XBPEW,XBP Europe Holdings Inc. Warrant,$0.04,-0.0001,-0.249%,566263.00,United States,2021,1,Technology,EDP Services
XCBE,X3 Acquisition Corp. Ltd. Class A Ordinary Shares,$10.02,0.01,0.10%,0.00,United States,2026,728,,
XCUR,Exicure Inc. Common Stock,$1.235,0.015,1.23%,8084304.00,United States,,2573,Health Care,Biotechnology: Pharmaceutical Preparations
XE,X-Energy Inc. Class A Common Stock,$14.43,-0.65,-4.31%,5863862938.00,United States,2026,6033649,Industrials,Metal Fabrications
XEL,Xcel Energy Inc. Common Stock,$69.39,-0.41,-0.587%,43343374493.00,United States,,6083448,Utilities,Power Generation
XELB,Xcel Brands Inc. Common Stock,$0.71,-0.08,-10.127%,4657795.00,United States,,141395,Miscellaneous,Multi-Sector Companies
XELLL,Xcel Energy Inc. 6.25% Junior Subordinated Notes Series due 2085,$21.21,-0.31,-1.441%,0.00,United States,,81488,Utilities,Power Generation
XERS,Xeris Biopharma Holdings Inc. Common Stock,$9.83,0.73,8.022%,1792208608.00,United States,2018,4463405,Health Care,Biotechnology: Pharmaceutical Preparations
XFLT,XAI Floating Rate & Alternative Income Trust Common Shares of Beneficial Interest,$19.16,-0.11,-0.571%,679577073.00,United States,2017,31994,Finance,Investment Managers
XFOR,X4 Pharmaceuticals Inc. Common Stock,$3.015,0.005,0.166%,298927430.00,United States,2017,838409,Health Care,Biotechnology: Biological Products (No Diagnostic Substances)
XGN,Exagen Inc. Common Stock,$8.48,-0.24,-2.752%,205430875.00,United States,2019,230983,Health Care,Medical Specialities
XHLD,TEN Holdings Inc. Common Stock,$0.978,-11.972,-92.448%,11716384.00,United States,2025,22924306,Consumer Discretionary,Business Services
XHR,Xenia Hotels & Resorts Inc. Common Stock,$18.42,0.25,1.376%,1699168281.00,United States,2015,724769,Consumer Discretionary,Hotels/Resorts
XIFR,XPLR Infrastructure LP Common Units representing limited partner interests,$10.36,-0.19,-1.801%,976666156.00,United States,2014,1252474,Utilities,Electric Utilities: Central
XIII,Churchill Capital Corp XIII Class A Ordinary Shares,$10.25,0.03,0.294%,0.00,United States,2026,6334,,
XIIIU,Churchill Capital Corp XIII Units,$10.61,0.01,0.094%,0.00,United States,2026,5933,,
XIIIW,Churchill Capital Corp XIII Warrants,$1.84,0.17,10.18%,0.00,United States,2026,590,,
XLAB,Exascale Labs Holdings Inc. Class A Common Stock,$2.40,-0.03,-1.235%,218880000.00,United States,,132128,Technology,Computer Software: Prepackaged Software
XLABW,Exascale Labs Holdings Inc. Warrant,$0.1925,-0.0375,-16.304%,17556000.00,United States,,3376,Technology,Computer Software: Prepackaged Software
XLO,Xilio Therapeutics Inc. Common Stock,$9.05,0.01,0.111%,59550348.00,United States,2021,11135,Health Care,Biotechnology: Pharmaceutical Preparations
XMAX,XMAX Inc. Common Stock,$8.76,0.05,0.574%,568310484.00,United States,,935854,Consumer Discretionary,Home Furnishings
XMTR,Xometry Inc. Class A Common Stock,$103.14,2.57,2.555%,5912353319.00,United States,2021,806449,Consumer Discretionary,Business Services
XNCR,Xencor Inc. Common Stock,$25.60,1.80,7.563%,1903446963.00,United States,2013,1532334,Health Care,Biotechnology: Pharmaceutical Preparations
XOM,ExxonMobil Holdings Corporation Common Stock,$162.52,1.93,1.202%,668267931739.00,United States,,12813067,Energy,Integrated oil Companies
XOS,Xos Inc. Common Stock,$2.62,0.00,0.00%,37250772.00,United States,2020,170184,Consumer Discretionary,Auto Parts:O.E.M.
XPEL,XPEL Inc. Common Stock,$42.96,-0.52,-1.196%,1184439334.00,United States,,364733,Industrials,Industrial Specialties
XPER,Xperi Inc. Common Stock ,$5.48,-0.08,-1.439%,267269585.00,United States,2022,495705,Technology,Computer Software: Prepackaged Software
XPL,Solitario Resources Corp. Common Stock,$0.59,-0.0439,-6.925%,55863833.00,United States,,176235,Basic Materials,Precious Metals
XPO,XPO Inc. Common Stock,$176.66,3.49,2.015%,20684494907.00,United States,,1399140,Consumer Discretionary,Transportation Services
XPOF,Xponential Fitness Inc. Class A Common Stock,$3.91,-0.01,-0.255%,192856840.00,United States,2021,857448,Consumer Discretionary,Services-Misc. Amusement & Recreation
XPON,Expion Energy Inc. Common Stock,$4.44,-0.22,-4.721%,4495491.00,United States,2022,20173,Miscellaneous,Industrial Machinery/Components
XRAY,DENTSPLY SIRONA Inc. Common Stock,$9.28,-0.12,-1.277%,1850003969.00,United States,1987,5676542,Health Care,Medical/Dental Instruments
XRN,Chiron Real Estate Inc. Common Stock,$35.42,-0.43,-1.199%,468883939.00,United States,2016,152620,Real Estate,Real Estate Investment Trusts
XRN^A,Chiron Real Estate Inc. Series A Cumulative Redeemable Preferred Stock,$24.81,0.03,0.121%,,United States,,2791,,
XRN^B,Chiron Real Estate Inc. 8.00% Series B Cumulative Redeemable Preferred Stock $0.001 par value per share,$25.44,-0.11,-0.431%,,United States,,126,,
XRPN,Armada Acquisition Corp. II Class A Ordinary Shares,$10.575,-0.005,-0.047%,0.00,United States,2025,405451,Finance,Blank Checks
XRPNU,Armada Acquisition Corp. II Units,$11.41,0.05,0.44%,0.00,United States,2025,626,Finance,Blank Checks
XRPNW,Armada Acquisition Corp. II Warrant,$1.20,-0.09,-6.977%,0.00,United States,2025,137280,Finance,Blank Checks
XRX,Xerox Holdings Corporation Common Stock,$3.26,-0.06,-1.807%,428085306.00,United States,,1379128,Technology,Computer peripheral equipment
XRXDW,Xerox Holdings Corporation Warrants,$0.3007,-0.0009,-0.298%,39486273.00,United States,,108180,Technology,Computer peripheral equipment
XSLL,Xsolla SPAC 1 Class A Ordinary Shares,$9.98,0.00,0.00%,0.00,United States,2026,7,Finance,Blank Checks
XSLLW,Xsolla SPAC 1 Warrants,$0.20,-0.05,-20.00%,0.00,United States,2026,1666,Finance,Blank Checks
XTER,Karman Line Acquisition Corp. Class A Ordinary Shares,$9.79,0.005,0.051%,0.00,United States,2026,2742,Finance,Blank Checks
XTERU,Karman Line Acquisition Corp. Units,$9.9001,0.0001,0.001%,0.00,United States,2026,1343,,
XTIA,XTI Aerospace Inc. Common Stock,$0.9202,-0.0609,-6.207%,35407261.00,United States,2014,337762,Technology,EDP Services
XTNT,Xtant Medical Holdings Inc. Common Stock,$0.3558,-0.0199,-5.297%,49914456.00,United States,,230263,Health Care,Medical/Dental Instruments
XWEL,XWELL Inc. Common Stock,$0.896,0.002,0.224%,7695982.00,United States,,40772,Consumer Discretionary,Other Consumer Services
XXII,22nd Century Group Inc. Common Stock,$0.9547,-0.3753,-28.218%,681650.00,United States,,487432,Health Care, Medicinal Chemicals and Botanical Products 
XYL,Xylem Inc. Common Stock New,$100.91,-1.72,-1.676%,23561154199.00,United States,2011,2051325,Industrials,Fluid Controls
XYZ,Block Inc. Class A Common Stock,$73.31,-3.11,-4.07%,44044281450.00,United States,2015,5522548,Technology,Computer Software: Prepackaged Software
YARW,Yarrow Bioscience Inc. Common Stock,$24.00,-1.54,-6.03%,223304664.00,United States,2018,107669,Health Care,Biotechnology: Pharmaceutical Preparations
YCBD,cbdMD Inc. Common Stock,$0.4635,-0.0045,-0.962%,5193538.00,United States,2017,76819,Consumer Discretionary,Package Goods/Cosmetics
YDES,YD Bio Limited Ordinary Shares,$7.11,1.38,24.084%,503610870.00,United States,,508453,Health Care,Medical Specialities
YDESW,YD Bio Limited Warrants,$0.7099,0.1366,23.827%,50283173.00,United States,,168612,Health Care,Medical Specialities
YELP,Yelp Inc. Common Stock,$17.59,-0.44,-2.44%,954497093.00,United States,2012,1276703,Consumer Discretionary,Other Consumer Services
YETI,YETI Holdings Inc. Common Stock,$43.33,1.05,2.483%,3162604531.00,United States,2018,1606948,Consumer Discretionary,Recreational Games/Products/Toys
YEXT,Yext Inc. Common Stock,$6.43,-0.04,-0.618%,636433067.00,United States,2017,727230,Technology,EDP Services
YHC,LQR House Inc. Common Stock,$1.31,0.01,0.769%,1708053.00,United States,2023,31811,Consumer Staples,Beverages (Production/Distribution)
YHGJ,Yunhong Green CTI Ltd. Common Stock,$2.44,0.00,0.00%,6366555.00,United States,,179,Industrials,Specialty Chemicals
YICC,Yorkville International Capital Corp. Class A Ordinary Shares,$9.92,0.00,0.00%,0.00,United States,2026,52,Finance,Blank Checks
YORW,York Water Company (The) Common Stock,$30.62,-0.36,-1.162%,496919150.00,United States,,120490,Utilities,Water Supply
YOU,Clear Secure Inc. Class A Common Stock,$40.36,0.76,1.919%,5460226990.00,United States,2021,2808133,Technology,Computer Software: Prepackaged Software
YSWY,Yesway Inc. Class A Common Stock,$19.41,0.09,0.466%,1226610020.00,United States,2026,330702,Consumer Staples,Food Chains
YUM,Yum! Brands Inc.,$138.28,-0.35,-0.252%,37736762034.00,United States,,1840946,Consumer Discretionary,Restaurants
YUMC,Yum China Holdings Inc. Common Stock,$41.10,0.63,1.557%,14075029390.00,United States,2016,1547148,Consumer Discretionary,Restaurants
YYAI,AiRWA Inc. Common Stock,$0.8647,0.0712,8.973%,3961984.00,United States,,449778,Technology,Computer Software: Programming Data Processing
Z,Zillow Group Inc. Class C Capital Stock,$27.44,-0.99,-3.482%,6170568738.00,United States,,5009383,Consumer Discretionary,Business Services
ZBH,Zimmer Biomet Holdings Inc. Common Stock,$91.62,0.58,0.637%,17475387066.00,United States,,1628334,Health Care,Industrial Specialties
ZBIO,Zenas BioPharma Inc. Common Stock,$27.55,0.60,2.226%,1795618719.00,United States,2024,615377,Health Care,Biotechnology: Pharmaceutical Preparations
ZBRA,Zebra Technologies Corporation Class A Common Stock,$371.87,1.83,0.495%,17593415134.00,United States,1991,642164,Industrials,Industrial Machinery/Components
ZD,Ziff Davis Inc. Common Stock,$55.68,-0.83,-1.469%,1909111741.00,United States,,555145,Telecommunications,Telecommunications Equipment
ZEO,Zeo Energy Corporation Class A Common Stock,$0.3432,-0.038,-9.969%,21341373.00,United States,2021,2889526,Miscellaneous,Industrial Machinery/Components
ZEOWW,Zeo Energy Corporation Warrants,$0.0291,-0.0015,-4.902%,1809540.00,United States,2021,63197,Miscellaneous,Industrial Machinery/Components
ZETA,Zeta Global Holdings Corp. Class A Common Stock,$28.99,-0.46,-1.562%,7276884409.00,United States,2021,5531539,Technology,Computer Software: Prepackaged Software
ZG,Zillow Group Inc. Class A Common Stock,$28.15,-1.15,-3.925%,6330229955.00,United States,2011,1067186,Consumer Discretionary,Business Services
ZION,Zions Bancorporation N.A. Common Stock,$63.19,-0.64,-1.003%,9222792502.00,United States,,1227478,Finance,Major Banks
ZIONP,Zions Bancorporation N.A. Depositary Shares (Each representing 1/40th Interest in a Share of Series A Floating-Rate Non-Cumulative Perpetual Preferred Stock),$18.07,0.5098,2.903%,2637377125.00,United States,,783,Finance,Major Banks
ZIP,ZipRecruiter Inc. Class A Common Stock,$3.48,-0.03,-0.855%,286147047.00,United States,2021,568410,Technology,Computer Software: Programming Data Processing
ZKP,Lafayette Digital Acquisition Corp. I Class A Ordinary Shares,$10.03,0.00,0.00%,0.00,United States,2026,7,Finance,Blank Checks
ZKPU,Lafayette Digital Acquisition Corp. I Unit,$10.08,0.00,0.00%,0.00,United States,2026,6,Finance,Blank Checks
ZM,Zoom Communications Inc. Class A Common Stock,$87.30,-2.41,-2.686%,25472717970.00,United States,2019,2368411,Technology,Computer Software: Programming Data Processing
ZNB,Zeta Network Group Class A Ordinary Shares,$1.29,-0.06,-4.444%,4740817.00,United States,,30733,Real Estate,Other Consumer Services
ZNTL,Zentalis Pharmaceuticals Inc. Common Stock,$2.60,-0.10,-3.704%,246138277.00,United States,2020,1273600,Health Care,Biotechnology: Pharmaceutical Preparations
ZS,Zscaler Inc. Common Stock,$199.39,6.34,3.284%,32511476234.00,United States,2018,3810793,Technology,EDP Services
ZSQR,Z Squared Inc. Common Stock,$4.54,0.76,20.106%,240621802.00,United States,2020,641826,Finance,Finance: Consumer Services
ZTR,Virtus Total Return Fund Inc.,$5.96,-0.08,-1.325%,0.00,United States,1988,216181,Finance,Investment Managers
ZTS,Zoetis Inc. Class A Common Stock,$71.43,0.38,0.535%,29516561891.00,United States,2013,3907366,Health Care,Biotechnology: Pharmaceutical Preparations
ZUMZ,Zumiez Inc. Common Stock,$14.14,0.83,6.236%,216774868.00,United States,2005,785977,Consumer Discretionary,Clothing/Shoe/Accessory Stores
ZVIA,Zevia PBC Class A Common Stock,$1.27,-0.06,-4.511%,98228659.00,United States,2021,382612,Consumer Staples,Beverages (Production/Distribution)
ZVRA,Zevra Therapeutics Inc. Common Stock,$11.30,0.26,2.355%,671036725.00,United States,,751337,Health Care,Biotechnology: Pharmaceutical Preparations
ZWS,Zurn Elkay Water Solutions Corporation Common Stock,$46.73,0.08,0.171%,7750829253.00,United States,2012,774225,Industrials,Industrial Machinery/Components
ZYME,Zymeworks Inc. Common Stock,$27.12,0.60,2.262%,1924414616.00,United States,,1375719,Health Care,Biotechnology: Pharmaceutical Preparations
